id,rf,norm_rf,weighted_rf,kf_score,n_tips,marker,method,runtime_seconds,gpu_memory_mb,clock_rate,seq_length,model,saved_at
19_20_tips,24.0,0.7058823529411765,0.0188876705,0.0057271810171231,20,,IQ-TREE,4653.001908063889,,0.25,300,Cherry,2026-09-17T05:07:12.333065
3_10_tips,6.0,0.4285714285714285,0.0217397775,0.0111266681979824,10,,IQ-TREE,4653.001908063889,,0.25,300,Cherry,2026-09-17T05:07:12.333065
6_100_tips,58.0,0.2989690721649484,0.907605685250001,0.156257925115795,100,,IQ-TREE,4653.001908063889,,0.25,300,Cherry,2026-09-17T05:07:12.333065
18_20_tips,4.0,0.1176470588235294,0.4239301694999999,0.1540081729139266,20,,IQ-TREE,4653.001908063889,,0.25,300,Cherry,2026-09-17T05:07:12.333065
16_20_tips,6.0,0.1764705882352941,0.7585696237999999,0.2869395544367542,20,,IQ-TREE,4653.001908063889,,0.25,300,Cherry,2026-09-17T05:07:12.333065
8_10_tips,0.0,0.0,0.1367138953,0.0586605726087279,10,,IQ-TREE,4653.001908063889,,0.25,300,Cherry,2026-09-17T05:07:12.333065
8_100_tips,16.0,0.0824742268041237,3.2517637453,0.7078428940370339,100,,IQ-TREE,4653.001908063889,,0.25,300,Cherry,2026-09-17T05:07:12.333065
14_100_tips,62.0,0.3195876288659793,0.7628897795000007,0.1795497680013894,100,,IQ-TREE,4653.001908063889,,0.25,300,Cherry,2026-09-17T05:07:12.333065
2_50_tips,46.0,0.4893617021276595,0.3355857028999994,0.0986004438488224,50,,IQ-TREE,4653.001908063889,,0.25,300,Cherry,2026-09-17T05:07:12.333065
9_20_tips,4.0,0.1176470588235294,0.7707010192,0.2722032301694231,20,,IQ-TREE,4653.001908063889,,0.25,300,Cherry,2026-09-17T05:07:12.333065
2_200_tips,80.0,0.2030456852791878,3.866823681780005,0.5164415967740457,200,,IQ-TREE,4653.001908063889,,0.25,300,Cherry,2026-09-17T05:07:12.333065
14_10_tips,0.0,0.0,0.2117601979999999,0.1106975967174409,10,,IQ-TREE,4653.001908063889,,0.25,300,Cherry,2026-09-17T05:07:12.333065
10_50_tips,16.0,0.1702127659574468,0.8359024740000002,0.17588569910636,50,,IQ-TREE,4653.001908063889,,0.25,300,Cherry,2026-09-17T05:07:12.333065
8_20_tips,2.0,0.0588235294117647,0.5138645980000001,0.1740525025012277,20,,IQ-TREE,4653.001908063889,,0.25,300,Cherry,2026-09-17T05:07:12.333065
17_50_tips,8.0,0.0851063829787234,0.9594678805,0.2107146691992097,50,,IQ-TREE,4653.001908063889,,0.25,300,Cherry,2026-09-17T05:07:12.333065
5_20_tips,2.0,0.0588235294117647,1.5755215624,0.5999137250927972,20,,IQ-TREE,4653.001908063889,,0.25,300,Cherry,2026-09-17T05:07:12.333065
11_50_tips,12.0,0.1276595744680851,2.3254207402000007,0.511254683776304,50,,IQ-TREE,4653.001908063889,,0.25,300,Cherry,2026-09-17T05:07:12.333065
5_200_tips,280.0,0.7106598984771574,0.5075612436700015,0.0850109186191844,200,,IQ-TREE,4653.001908063889,,0.25,300,Cherry,2026-09-17T05:07:12.333065
10_200_tips,142.0,0.3604060913705584,2.113975808300008,0.2634682233206524,200,,IQ-TREE,4653.001908063889,,0.25,300,Cherry,2026-09-17T05:07:12.333065
15_50_tips,18.0,0.1914893617021276,0.7949137529,0.1860762749818804,50,,IQ-TREE,4653.001908063889,,0.25,300,Cherry,2026-09-17T05:07:12.333065
2_10_tips,2.0,0.1428571428571428,0.5686738077000001,0.3021145602927335,10,,IQ-TREE,4653.001908063889,,0.25,300,Cherry,2026-09-17T05:07:12.333065
13_10_tips,6.0,0.4285714285714285,0.1033567843,0.0528616001140333,10,,IQ-TREE,4653.001908063889,,0.25,300,Cherry,2026-09-17T05:07:12.333065
9_10_tips,2.0,0.1428571428571428,0.7019307987,0.4472356675451107,10,,IQ-TREE,4653.001908063889,,0.25,300,Cherry,2026-09-17T05:07:12.333065
9_50_tips,80.0,0.851063829787234,0.0688144258,0.0150489696593962,50,,IQ-TREE,4653.001908063889,,0.25,300,Cherry,2026-09-17T05:07:12.333065
17_20_tips,0.0,0.0,1.0852100849,0.4044933019155982,20,,IQ-TREE,4653.001908063889,,0.25,300,Cherry,2026-09-17T05:07:12.333065
17_100_tips,54.0,0.2783505154639175,1.475432508299998,0.2850262477367348,100,,IQ-TREE,4653.001908063889,,0.25,300,Cherry,2026-09-17T05:07:12.333065
10_20_tips,24.0,0.7058823529411765,0.0414979633,0.013087562828863,20,,IQ-TREE,4653.001908063889,,0.25,300,Cherry,2026-09-17T05:07:12.333065
16_100_tips,162.0,0.8350515463917526,0.09513640859,0.0186960325724799,100,,IQ-TREE,4653.001908063889,,0.25,300,Cherry,2026-09-17T05:07:12.333065
6_20_tips,10.0,0.2941176470588235,0.1454527846,0.0556575162167373,20,,IQ-TREE,4653.001908063889,,0.25,300,Cherry,2026-09-17T05:07:12.333065
1_10_tips,2.0,0.1428571428571428,0.3301339320999999,0.1889401101515017,10,,IQ-TREE,4653.001908063889,,0.25,300,Cherry,2026-09-17T05:07:12.333065
9_200_tips,140.0,0.3553299492385787,2.2551976765800075,0.2991349375503566,200,,IQ-TREE,4653.001908063889,,0.25,300,Cherry,2026-09-17T05:07:12.333065
2_20_tips,2.0,0.0588235294117647,0.4264636944999999,0.2525485865650169,20,,IQ-TREE,4653.001908063889,,0.25,300,Cherry,2026-09-17T05:07:12.333065
4_10_tips,0.0,0.0,1.7649680352,0.8373635977655289,10,,IQ-TREE,4653.001908063889,,0.25,300,Cherry,2026-09-17T05:07:12.333065
12_10_tips,2.0,0.1428571428571428,0.3393644149999999,0.1671059821990383,10,,IQ-TREE,4653.001908063889,,0.25,300,Cherry,2026-09-17T05:07:12.333065
11_100_tips,62.0,0.3195876288659793,1.0494862335999993,0.2277991381329447,100,,IQ-TREE,4653.001908063889,,0.25,300,Cherry,2026-09-17T05:07:12.333065
18_200_tips,172.0,0.4365482233502538,1.5296935004699956,0.3141419386736644,200,,IQ-TREE,4653.001908063889,,0.25,300,Cherry,2026-09-17T05:07:12.333065
4_100_tips,188.0,0.9690721649484536,0.04049690264,0.0070627850651192,100,,IQ-TREE,4653.001908063889,,0.25,300,Cherry,2026-09-17T05:07:12.333065
1_50_tips,18.0,0.1914893617021276,1.7364261447999991,0.4490905936193336,50,,IQ-TREE,4653.001908063889,,0.25,300,Cherry,2026-09-17T05:07:12.333065
6_50_tips,12.0,0.1276595744680851,0.7363052113000002,0.1751792718610256,50,,IQ-TREE,4653.001908063889,,0.25,300,Cherry,2026-09-17T05:07:12.333065
15_10_tips,2.0,0.1428571428571428,0.123975784,0.0756862468958037,10,,IQ-TREE,4653.001908063889,,0.25,300,Cherry,2026-09-17T05:07:12.333065
2_100_tips,68.0,0.3505154639175257,1.1096264614999976,0.2519385540603023,100,,IQ-TREE,4653.001908063889,,0.25,300,Cherry,2026-09-17T05:07:12.333065
18_10_tips,0.0,0.0,0.2767819607,0.1445530629517173,10,,IQ-TREE,4653.001908063889,,0.25,300,Cherry,2026-09-17T05:07:12.333065
13_20_tips,4.0,0.1176470588235294,0.1768265954999999,0.0629914335004275,20,,IQ-TREE,4653.001908063889,,0.25,300,Cherry,2026-09-17T05:07:12.333065
7_10_tips,6.0,0.4285714285714285,0.0404154813,0.0224011102894923,10,,IQ-TREE,4653.001908063889,,0.25,300,Cherry,2026-09-17T05:07:12.333065
19_100_tips,54.0,0.2783505154639175,1.8682882063999984,0.3653633884336589,100,,IQ-TREE,4653.001908063889,,0.25,300,Cherry,2026-09-17T05:07:12.333065
5_50_tips,16.0,0.1702127659574468,1.0063572723999994,0.3069618765545258,50,,IQ-TREE,4653.001908063889,,0.25,300,Cherry,2026-09-17T05:07:12.333065
14_20_tips,10.0,0.2941176470588235,1.3295528032,0.5532763051927557,20,,IQ-TREE,4653.001908063889,,0.25,300,Cherry,2026-09-17T05:07:12.333065
4_200_tips,372.0,0.9441624365482234,0.085453567614,0.0126405776571181,200,,IQ-TREE,4653.001908063889,,0.25,300,Cherry,2026-09-17T05:07:12.333065
0_10_tips,1.0,0.0666666666666666,0.4998652939,0.230671451076497,10,,IQ-TREE,4653.001908063889,,0.25,300,Cherry,2026-09-17T05:07:12.333065
19_10_tips,0.0,0.0,1.3906346800999998,0.6967055616121414,10,,IQ-TREE,4653.001908063889,,0.25,300,Cherry,2026-09-17T05:07:12.333065
1_200_tips,128.0,0.3248730964467005,1.887945140199996,0.2400379199501826,200,,IQ-TREE,4653.001908063889,,0.25,300,Cherry,2026-09-17T05:07:12.333065
15_200_tips,332.0,0.8426395939086294,0.2071061814,0.0280669167346138,200,,IQ-TREE,4653.001908063889,,0.25,300,Cherry,2026-09-17T05:07:12.333065
4_50_tips,52.0,0.5531914893617021,0.1629062101,0.0417413137158788,50,,IQ-TREE,4653.001908063889,,0.25,300,Cherry,2026-09-17T05:07:12.333065
0_20_tips,2.0,0.0588235294117647,0.7049330419000001,0.2344684788306275,20,,IQ-TREE,4653.001908063889,,0.25,300,Cherry,2026-09-17T05:07:12.333065
13_200_tips,300.0,0.7614213197969543,0.3215701903999982,0.0368829016935372,200,,IQ-TREE,4653.001908063889,,0.25,300,Cherry,2026-09-17T05:07:12.333065
15_20_tips,2.0,0.0588235294117647,1.8332930507,0.6715394526091503,20,,IQ-TREE,4653.001908063889,,0.25,300,Cherry,2026-09-17T05:07:12.333065
0_200_tips,180.0,0.4568527918781725,1.2760773495999935,0.1764037248437729,200,,IQ-TREE,4653.001908063889,,0.25,300,Cherry,2026-09-17T05:07:12.333065
0_100_tips,168.0,0.865979381443299,0.3437754726999995,0.124812267959494,100,,IQ-TREE,4653.001908063889,,0.25,300,Cherry,2026-09-17T05:07:12.333065
3_200_tips,276.0,0.700507614213198,0.6155900678600015,0.0941521275703775,200,,IQ-TREE,4653.001908063889,,0.25,300,Cherry,2026-09-17T05:07:12.333065
4_20_tips,6.0,0.1764705882352941,0.4091510295,0.1495819369823724,20,,IQ-TREE,4653.001908063889,,0.25,300,Cherry,2026-09-17T05:07:12.333065
12_100_tips,38.0,0.1958762886597938,1.411443014499999,0.3167354885997845,100,,IQ-TREE,4653.001908063889,,0.25,300,Cherry,2026-09-17T05:07:12.333065
11_20_tips,8.0,0.2352941176470588,1.7578197791,0.6235324913946156,20,,IQ-TREE,4653.001908063889,,0.25,300,Cherry,2026-09-17T05:07:12.333065
18_100_tips,68.0,0.3505154639175257,0.3929457987999995,0.0567765563417327,100,,IQ-TREE,4653.001908063889,,0.25,300,Cherry,2026-09-17T05:07:12.333065
1_20_tips,20.0,0.5882352941176471,0.0601428453,0.0222917474469662,20,,IQ-TREE,4653.001908063889,,0.25,300,Cherry,2026-09-17T05:07:12.333065
17_10_tips,0.0,0.0,0.2972680399999999,0.1555705444087462,10,,IQ-TREE,4653.001908063889,,0.25,300,Cherry,2026-09-17T05:07:12.333065
11_10_tips,0.0,0.0,0.2961394471,0.1576574388357128,10,,IQ-TREE,4653.001908063889,,0.25,300,Cherry,2026-09-17T05:07:12.333065
5_10_tips,0.0,0.0,1.2613682227999998,0.6889555020544288,10,,IQ-TREE,4653.001908063889,,0.25,300,Cherry,2026-09-17T05:07:12.333065
6_200_tips,124.0,0.3147208121827411,1.566739653999997,0.1974126033638248,200,,IQ-TREE,4653.001908063889,,0.25,300,Cherry,2026-09-17T05:07:12.333065
19_200_tips,218.0,0.5532994923857868,1.0026294711699992,0.1493086277520957,200,,IQ-TREE,4653.001908063889,,0.25,300,Cherry,2026-09-17T05:07:12.333065
10_10_tips,2.0,0.1428571428571428,1.3227541982000002,0.6924423139615112,10,,IQ-TREE,4653.001908063889,,0.25,300,Cherry,2026-09-17T05:07:12.333065
13_50_tips,12.0,0.1276595744680851,0.8731894724999998,0.1864748827858364,50,,IQ-TREE,4653.001908063889,,0.25,300,Cherry,2026-09-17T05:07:12.333065
3_100_tips,34.0,0.1752577319587628,1.6164137307999993,0.2698422603868159,100,,IQ-TREE,4653.001908063889,,0.25,300,Cherry,2026-09-17T05:07:12.333065
7_100_tips,12.0,0.0618556701030927,2.221821753400001,0.4053883287531657,100,,IQ-TREE,4653.001908063889,,0.25,300,Cherry,2026-09-17T05:07:12.333065
19_50_tips,10.0,0.1063829787234042,0.7814068546000003,0.1860737018452022,50,,IQ-TREE,4653.001908063889,,0.25,300,Cherry,2026-09-17T05:07:12.333065
7_200_tips,162.0,0.4111675126903553,1.5565276770999954,0.1933027898860499,200,,IQ-TREE,4653.001908063889,,0.25,300,Cherry,2026-09-17T05:07:12.333065
8_200_tips,176.0,0.4467005076142132,1.282302758899996,0.1898847032216682,200,,IQ-TREE,4653.001908063889,,0.25,300,Cherry,2026-09-17T05:07:12.333065
16_10_tips,2.0,0.1428571428571428,0.1001823804,0.0632458788963628,10,,IQ-TREE,4653.001908063889,,0.25,300,Cherry,2026-09-17T05:07:12.333065
16_50_tips,10.0,0.1063829787234042,1.1022074815999996,0.225804936383156,50,,IQ-TREE,4653.001908063889,,0.25,300,Cherry,2026-09-17T05:07:12.333065
5_100_tips,32.0,0.1649484536082474,2.4722092450000024,0.4776915160504826,100,,IQ-TREE,4653.001908063889,,0.25,300,Cherry,2026-09-17T05:07:12.333065
12_20_tips,2.0,0.0588235294117647,0.9890908950999998,0.3244112403930592,20,,IQ-TREE,4653.001908063889,,0.25,300,Cherry,2026-09-17T05:07:12.333065
0_50_tips,38.0,0.4042553191489361,0.3124029433999997,0.073025187358155,50,,IQ-TREE,4653.001908063889,,0.25,300,Cherry,2026-09-17T05:07:12.333065
16_200_tips,174.0,0.4416243654822335,1.043033701129994,0.1606554693776705,200,,IQ-TREE,4653.001908063889,,0.25,300,Cherry,2026-09-17T05:07:12.333065
7_50_tips,46.0,0.4893617021276595,0.2129241719,0.0540730937482996,50,,IQ-TREE,4653.001908063889,,0.25,300,Cherry,2026-09-17T05:07:12.333065
12_50_tips,14.0,0.1489361702127659,0.6028351588,0.1228535497897117,50,,IQ-TREE,4653.001908063889,,0.25,300,Cherry,2026-09-17T05:07:12.333065
14_200_tips,108.0,0.2741116751269035,2.507417795900006,0.3952899441837953,200,,IQ-TREE,4653.001908063889,,0.25,300,Cherry,2026-09-17T05:07:12.333065
14_50_tips,46.0,0.4893617021276595,0.1714659243999999,0.0390120890944341,50,,IQ-TREE,4653.001908063889,,0.25,300,Cherry,2026-09-17T05:07:12.333065
18_50_tips,12.0,0.1276595744680851,0.7936392810999999,0.2084691752713615,50,,IQ-TREE,4653.001908063889,,0.25,300,Cherry,2026-09-17T05:07:12.333065
9_100_tips,98.0,0.5051546391752577,0.3120829651499988,0.0534824900733555,100,,IQ-TREE,4653.001908063889,,0.25,300,Cherry,2026-09-17T05:07:12.333065
3_50_tips,24.0,0.2553191489361702,0.4267681710999998,0.1246404984835239,50,,IQ-TREE,4653.001908063889,,0.25,300,Cherry,2026-09-17T05:07:12.333065
8_50_tips,16.0,0.1702127659574468,0.8704112825000001,0.1937650123726229,50,,IQ-TREE,4653.001908063889,,0.25,300,Cherry,2026-09-17T05:07:12.333065
11_200_tips,200.0,0.5076142131979695,0.8240814536000002,0.0905480667458344,200,,IQ-TREE,4653.001908063889,,0.25,300,Cherry,2026-09-17T05:07:12.333065
17_200_tips,106.0,0.2690355329949238,4.812372142100006,0.5612714868334356,200,,IQ-TREE,4653.001908063889,,0.25,300,Cherry,2026-09-17T05:07:12.333065
13_100_tips,20.0,0.1030927835051546,3.593000026600001,0.6640555333681764,100,,IQ-TREE,4653.001908063889,,0.25,300,Cherry,2026-09-17T05:07:12.333065
7_20_tips,24.0,0.7058823529411765,0.0748653733,0.0281503424994652,20,,IQ-TREE,4653.001908063889,,0.25,300,Cherry,2026-09-17T05:07:12.333065
10_100_tips,48.0,0.2474226804123711,1.142770172599998,0.1932179941163548,100,,IQ-TREE,4653.001908063889,,0.25,300,Cherry,2026-09-17T05:07:12.333065
15_100_tips,50.0,0.2577319587628865,0.7169848669000009,0.1186248899208981,100,,IQ-TREE,4653.001908063889,,0.25,300,Cherry,2026-09-17T05:07:12.333065
6_10_tips,2.0,0.1428571428571428,0.1909115103,0.0876251621590196,10,,IQ-TREE,4653.001908063889,,0.25,300,Cherry,2026-09-17T05:07:12.333065
1_100_tips,42.0,0.2164948453608247,2.164726855900002,0.391577996294636,100,,IQ-TREE,4653.001908063889,,0.25,300,Cherry,2026-09-17T05:07:12.333065
3_20_tips,22.0,0.6470588235294118,0.0459869678,0.0194098703287798,20,,IQ-TREE,4653.001908063889,,0.25,300,Cherry,2026-09-17T05:07:12.333065
12_200_tips,288.0,0.7309644670050761,0.3322121235299987,0.042048787945892,200,,IQ-TREE,4653.001908063889,,0.25,300,Cherry,2026-09-17T05:07:12.333065
19_20_tips,26.0,1.0,0.030105323,0.0084456650721599,20,,FastME,4.8612587451934814,,0.25,300,Cherry,2026-09-17T05:07:12.333065
3_10_tips,13.0,1.0,0.071792105,0.0230611484093209,10,,FastME,4.8612587451934814,,0.25,300,Cherry,2026-09-17T05:07:12.333065
6_100_tips,190.0,1.0,2.8886291046499992,0.366017108337472,100,,FastME,4.8612587451934814,,0.25,300,Cherry,2026-09-17T05:07:12.333065
18_20_tips,2.0,0.0588235294117647,0.4134193899999999,0.1498260444965564,20,,FastME,4.8612587451934814,,0.25,300,Cherry,2026-09-17T05:07:12.333065
16_20_tips,33.0,1.0,2.471805125,0.6984498417614278,20,,FastME,4.8612587451934814,,0.25,300,Cherry,2026-09-17T05:07:12.333065
8_10_tips,0.0,0.0,0.13464082,0.0570563657698578,10,,FastME,4.8612587451934814,,0.25,300,Cherry,2026-09-17T05:07:12.333065
8_100_tips,191.0,1.0,10.281660530999996,1.4710852666873595,100,,FastME,4.8612587451934814,,0.25,300,Cherry,2026-09-17T05:07:12.333065
14_100_tips,180.0,1.0,2.161552127,0.3859652529243268,100,,FastME,4.8612587451934814,,0.25,300,Cherry,2026-09-17T05:07:12.333065
2_50_tips,90.0,1.0,1.2206506174999998,0.2722294988623091,50,,FastME,4.8612587451934814,,0.25,300,Cherry,2026-09-17T05:07:12.333065
9_20_tips,4.0,0.1176470588235294,0.7580042199999999,0.2693529583051873,20,,FastME,4.8612587451934814,,0.25,300,Cherry,2026-09-17T05:07:12.333065
2_200_tips,387.0,1.0,12.33643561488,1.2179390694229073,200,,FastME,4.8612587451934814,,0.25,300,Cherry,2026-09-17T05:07:12.333065
14_10_tips,0.0,0.0,0.21539569,0.115807010094578,10,,FastME,4.8612587451934814,,0.25,300,Cherry,2026-09-17T05:07:12.333065
10_50_tips,92.0,1.0,2.9550790650000005,0.4586997835920322,50,,FastME,4.8612587451934814,,0.25,300,Cherry,2026-09-17T05:07:12.333065
8_20_tips,33.0,1.0,1.8713637300000008,0.4804986683991606,20,,FastME,4.8612587451934814,,0.25,300,Cherry,2026-09-17T05:07:12.333065
17_50_tips,8.0,0.0851063829787234,0.9099694970000002,0.2007016185186643,50,,FastME,4.8612587451934814,,0.25,300,Cherry,2026-09-17T05:07:12.333065
5_20_tips,4.0,0.1176470588235294,1.5855005050000004,0.5733450223854066,20,,FastME,4.8612587451934814,,0.25,300,Cherry,2026-09-17T05:07:12.333065
11_50_tips,12.0,0.1276595744680851,2.365408018000001,0.5044512478885633,50,,FastME,4.8612587451934814,,0.25,300,Cherry,2026-09-17T05:07:12.333065
5_200_tips,307.0,1.0,1.2261094421699996,0.1797062687696833,200,,FastME,4.8612587451934814,,0.25,300,Cherry,2026-09-17T05:07:12.333065
15_50_tips,91.0,1.0,2.9922437354,0.5422366626555601,50,,FastME,4.8612587451934814,,0.25,300,Cherry,2026-09-17T05:07:12.333065
2_10_tips,2.0,0.1428571428571428,0.5775605800000001,0.3078856139849545,10,,FastME,4.8612587451934814,,0.25,300,Cherry,2026-09-17T05:07:12.333065
13_10_tips,13.0,1.0,0.29287943,0.1207963120974092,10,,FastME,4.8612587451934814,,0.25,300,Cherry,2026-09-17T05:07:12.333065
9_10_tips,2.0,0.1428571428571428,0.71987016,0.4386586696768279,10,,FastME,4.8612587451934814,,0.25,300,Cherry,2026-09-17T05:07:12.333065
9_50_tips,69.0,1.0,0.1084244114,0.0202191640527663,50,,FastME,4.8612587451934814,,0.25,300,Cherry,2026-09-17T05:07:12.333065
17_20_tips,0.0,0.0,1.07156287,0.4012249711949486,20,,FastME,4.8612587451934814,,0.25,300,Cherry,2026-09-17T05:07:12.333065
10_200_tips,384.0,1.0,5.811312695600003,0.5442174608482757,200,,FastME,4.8612587451934814,,0.25,300,Cherry,2026-09-17T05:07:12.333065
17_100_tips,183.0,1.0,4.851538547699996,0.7273327654726572,100,,FastME,4.8612587451934814,,0.25,300,Cherry,2026-09-17T05:07:12.333065
10_20_tips,27.0,1.0,0.074301447,0.0206266797203479,20,,FastME,4.8612587451934814,,0.25,300,Cherry,2026-09-17T05:07:12.333065
9_200_tips,376.0,1.0,6.293873758579993,0.6197171572241782,200,,FastME,4.8612587451934814,,0.25,300,Cherry,2026-09-17T05:07:12.333065
2_20_tips,8.0,0.2352941176470588,0.4440385199999998,0.2530807734197835,20,,FastME,4.8612587451934814,,0.25,300,Cherry,2026-09-17T05:07:12.333065
4_10_tips,0.0,0.0,1.72882335,0.8331463599581393,10,,FastME,4.8612587451934814,,0.25,300,Cherry,2026-09-17T05:07:12.333065
12_10_tips,13.0,1.0,1.03050031,0.3627470759415868,10,,FastME,4.8612587451934814,,0.25,300,Cherry,2026-09-17T05:07:12.333065
16_100_tips,131.0,1.0,0.18644966849,0.0327676706155934,100,,FastME,4.8612587451934814,,0.25,300,Cherry,2026-09-17T05:07:12.333065
6_20_tips,32.0,1.0,0.332577718,0.0953355100229932,20,,FastME,4.8612587451934814,,0.25,300,Cherry,2026-09-17T05:07:12.333065
1_10_tips,13.0,1.0,1.1357274435000002,0.4438169994996074,10,,FastME,4.8612587451934814,,0.25,300,Cherry,2026-09-17T05:07:12.333065
11_100_tips,177.0,1.0,2.8357441617000023,0.4814281941376002,100,,FastME,4.8612587451934814,,0.25,300,Cherry,2026-09-17T05:07:12.333065
4_200_tips,243.0,1.0,0.1091961512139999,0.0148593633549423,200,,FastME,4.8612587451934814,,0.25,300,Cherry,2026-09-17T05:07:12.333065
0_10_tips,1.0,0.0666666666666666,0.48213969,0.230084534738624,10,,FastME,4.8612587451934814,,0.25,300,Cherry,2026-09-17T05:07:12.333065
19_10_tips,2.0,0.1428571428571428,1.3042526099999998,0.660009733863301,10,,FastME,4.8612587451934814,,0.25,300,Cherry,2026-09-17T05:07:12.333065
18_200_tips,352.0,1.0,5.072469813169999,0.9387351187352396,200,,FastME,4.8612587451934814,,0.25,300,Cherry,2026-09-17T05:07:12.333065
4_100_tips,123.0,1.0,0.04962148144,0.0088268338816686,100,,FastME,4.8612587451934814,,0.25,300,Cherry,2026-09-17T05:07:12.333065
1_50_tips,93.0,1.0,5.346318182000001,0.9867654019161756,50,,FastME,4.8612587451934814,,0.25,300,Cherry,2026-09-17T05:07:12.333065
6_50_tips,8.0,0.0851063829787234,0.7122425749999998,0.1685610216195031,50,,FastME,4.8612587451934814,,0.25,300,Cherry,2026-09-17T05:07:12.333065
15_10_tips,13.0,1.0,0.4294716700000001,0.1860140978445093,10,,FastME,4.8612587451934814,,0.25,300,Cherry,2026-09-17T05:07:12.333065
2_100_tips,188.0,1.0,3.5066719181999995,0.6039784926685048,100,,FastME,4.8612587451934814,,0.25,300,Cherry,2026-09-17T05:07:12.333065
18_10_tips,0.0,0.0,0.26148481,0.1376175037832568,10,,FastME,4.8612587451934814,,0.25,300,Cherry,2026-09-17T05:07:12.333065
13_20_tips,4.0,0.1176470588235294,0.173031478,0.0619431714124877,20,,FastME,4.8612587451934814,,0.25,300,Cherry,2026-09-17T05:07:12.333065
7_10_tips,8.0,0.5714285714285714,0.040613519,0.022259099180842,10,,FastME,4.8612587451934814,,0.25,300,Cherry,2026-09-17T05:07:12.333065
1_200_tips,379.0,1.0,5.2236689085000005,0.4945810711919999,200,,FastME,4.8612587451934814,,0.25,300,Cherry,2026-09-17T05:07:12.333065
19_100_tips,188.0,1.0,6.0200183521999975,0.9109394524840426,100,,FastME,4.8612587451934814,,0.25,300,Cherry,2026-09-17T05:07:12.333065
5_50_tips,18.0,0.1914893617021276,1.0162500849999996,0.3067471860675869,50,,FastME,4.8612587451934814,,0.25,300,Cherry,2026-09-17T05:07:12.333065
14_20_tips,33.0,1.0,4.78804448,1.5348438954644523,20,,FastME,4.8612587451934814,,0.25,300,Cherry,2026-09-17T05:07:12.333065
13_200_tips,301.0,1.0,0.5694820790999998,0.0593413246061732,200,,FastME,4.8612587451934814,,0.25,300,Cherry,2026-09-17T05:07:12.333065
15_20_tips,4.0,0.1176470588235294,1.8964370900000005,0.6894316791783477,20,,FastME,4.8612587451934814,,0.25,300,Cherry,2026-09-17T05:07:12.333065
15_200_tips,272.0,1.0,0.3477469204,0.0447524792007495,200,,FastME,4.8612587451934814,,0.25,300,Cherry,2026-09-17T05:07:12.333065
4_50_tips,79.0,1.0,0.368906132,0.0766971799005134,50,,FastME,4.8612587451934814,,0.25,300,Cherry,2026-09-17T05:07:12.333065
0_20_tips,2.0,0.0588235294117647,0.67943152,0.2226274064693684,20,,FastME,4.8612587451934814,,0.25,300,Cherry,2026-09-17T05:07:12.333065
3_200_tips,298.0,1.0,1.365128435659999,0.1669643789679538,200,,FastME,4.8612587451934814,,0.25,300,Cherry,2026-09-17T05:07:12.333065
4_20_tips,32.0,1.0,1.536399085,0.45193758071598,20,,FastME,4.8612587451934814,,0.25,300,Cherry,2026-09-17T05:07:12.333065
18_100_tips,182.0,1.0,1.2449373763000002,0.1359261552138977,100,,FastME,4.8612587451934814,,0.25,300,Cherry,2026-09-17T05:07:12.333065
1_20_tips,32.0,1.0,0.087837625,0.0297570407040539,20,,FastME,4.8612587451934814,,0.25,300,Cherry,2026-09-17T05:07:12.333065
17_10_tips,0.0,0.0,0.2878366879999999,0.1505860752713615,10,,FastME,4.8612587451934814,,0.25,300,Cherry,2026-09-17T05:07:12.333065
11_10_tips,0.0,0.0,0.28363788,0.1463376956607551,10,,FastME,4.8612587451934814,,0.25,300,Cherry,2026-09-17T05:07:12.333065
5_10_tips,0.0,0.0,1.1804447999999998,0.653258201351616,10,,FastME,4.8612587451934814,,0.25,300,Cherry,2026-09-17T05:07:12.333065
0_200_tips,363.0,1.0,3.862492557999997,0.3811820373323539,200,,FastME,4.8612587451934814,,0.25,300,Cherry,2026-09-17T05:07:12.333065
0_100_tips,127.0,1.0,0.8317973941000002,0.2380675225711725,100,,FastME,4.8612587451934814,,0.25,300,Cherry,2026-09-17T05:07:12.333065
12_100_tips,187.0,1.0,5.202276123999998,0.8470400093766133,100,,FastME,4.8612587451934814,,0.25,300,Cherry,2026-09-17T05:07:12.333065
11_20_tips,10.0,0.2941176470588235,1.82761883,0.6123047730688927,20,,FastME,4.8612587451934814,,0.25,300,Cherry,2026-09-17T05:07:12.333065
6_200_tips,372.0,1.0,4.721490241800003,0.455627939430283,200,,FastME,4.8612587451934814,,0.25,300,Cherry,2026-09-17T05:07:12.333065
3_100_tips,193.0,1.0,5.187502197999993,0.6246989472360401,100,,FastME,4.8612587451934814,,0.25,300,Cherry,2026-09-17T05:07:12.333065
19_200_tips,348.0,1.0,2.9204301795700003,0.3546318571961199,200,,FastME,4.8612587451934814,,0.25,300,Cherry,2026-09-17T05:07:12.333065
10_10_tips,0.0,0.0,1.34938916,0.7161722381069809,10,,FastME,4.8612587451934814,,0.25,300,Cherry,2026-09-17T05:07:12.333065
13_50_tips,93.0,1.0,2.473467669,0.4022500566721623,50,,FastME,4.8612587451934814,,0.25,300,Cherry,2026-09-17T05:07:12.333065
7_100_tips,193.0,1.0,7.616881489999998,0.9158507931761252,100,,FastME,4.8612587451934814,,0.25,300,Cherry,2026-09-17T05:07:12.333065
19_50_tips,8.0,0.0851063829787234,0.7600380999999999,0.1863143854292201,50,,FastME,4.8612587451934814,,0.25,300,Cherry,2026-09-17T05:07:12.333065
7_200_tips,377.0,1.0,4.336271907899998,0.4266285604802113,200,,FastME,4.8612587451934814,,0.25,300,Cherry,2026-09-17T05:07:12.333065
5_100_tips,193.0,1.0,8.342086858699998,1.0554087056351504,100,,FastME,4.8612587451934814,,0.25,300,Cherry,2026-09-17T05:07:12.333065
12_20_tips,2.0,0.0588235294117647,0.93119954,0.3125364122694916,20,,FastME,4.8612587451934814,,0.25,300,Cherry,2026-09-17T05:07:12.333065
0_50_tips,84.0,1.0,0.924021909,0.1639142665243571,50,,FastME,4.8612587451934814,,0.25,300,Cherry,2026-09-17T05:07:12.333065
8_200_tips,355.0,1.0,3.882269704199997,0.4135223140477663,200,,FastME,4.8612587451934814,,0.25,300,Cherry,2026-09-17T05:07:12.333065
16_10_tips,2.0,0.1428571428571428,0.09915571,0.0622294944288261,10,,FastME,4.8612587451934814,,0.25,300,Cherry,2026-09-17T05:07:12.333065
16_50_tips,93.0,1.0,3.20281354,0.4592829567654186,50,,FastME,4.8612587451934814,,0.25,300,Cherry,2026-09-17T05:07:12.333065
14_200_tips,379.0,1.0,7.624015260099997,1.0018651066604458,200,,FastME,4.8612587451934814,,0.25,300,Cherry,2026-09-17T05:07:12.333065
14_50_tips,85.0,1.0,0.5480984125,0.1004125774771488,50,,FastME,4.8612587451934814,,0.25,300,Cherry,2026-09-17T05:07:12.333065
18_50_tips,10.0,0.1063829787234042,0.7785124169999998,0.2015146728664783,50,,FastME,4.8612587451934814,,0.25,300,Cherry,2026-09-17T05:07:12.333065
16_200_tips,367.0,1.0,3.209079907529999,0.3590944466809064,200,,FastME,4.8612587451934814,,0.25,300,Cherry,2026-09-17T05:07:12.333065
7_50_tips,83.0,1.0,0.750950016,0.1427139115710339,50,,FastME,4.8612587451934814,,0.25,300,Cherry,2026-09-17T05:07:12.333065
12_50_tips,18.0,0.1914893617021276,0.6751279666999999,0.1302580228045955,50,,FastME,4.8612587451934814,,0.25,300,Cherry,2026-09-17T05:07:12.333065
9_100_tips,183.0,1.0,1.05282209935,0.1427387893002921,100,,FastME,4.8612587451934814,,0.25,300,Cherry,2026-09-17T05:07:12.333065
3_50_tips,93.0,1.0,1.28450451,0.2652398136460551,50,,FastME,4.8612587451934814,,0.25,300,Cherry,2026-09-17T05:07:12.333065
8_50_tips,92.0,1.0,2.8503572600000004,0.4486188032310476,50,,FastME,4.8612587451934814,,0.25,300,Cherry,2026-09-17T05:07:12.333065
11_200_tips,362.0,1.0,2.3331388375,0.2431560259692394,200,,FastME,4.8612587451934814,,0.25,300,Cherry,2026-09-17T05:07:12.333065
17_200_tips,379.0,1.0,15.402145517199996,1.3696417164790822,200,,FastME,4.8612587451934814,,0.25,300,Cherry,2026-09-17T05:07:12.333065
13_100_tips,193.0,1.0,11.719493515200003,1.6961067180438454,100,,FastME,4.8612587451934814,,0.25,300,Cherry,2026-09-17T05:07:12.333065
7_20_tips,33.0,1.0,0.169676374,0.0646509343623787,20,,FastME,4.8612587451934814,,0.25,300,Cherry,2026-09-17T05:07:12.333065
12_200_tips,295.0,1.0,0.9438462386299996,0.1286768014304914,200,,FastME,4.8612587451934814,,0.25,300,Cherry,2026-09-17T05:07:12.333065
10_100_tips,186.0,1.0,2.940818888799998,0.3405891773560591,100,,FastME,4.8612587451934814,,0.25,300,Cherry,2026-09-17T05:07:12.333065
1_100_tips,183.0,1.0,7.304203258300001,0.9220313549429072,100,,FastME,4.8612587451934814,,0.25,300,Cherry,2026-09-17T05:07:12.333065
3_20_tips,26.0,1.0,0.0751080137,0.0227681354138285,20,,FastME,4.8612587451934814,,0.25,300,Cherry,2026-09-17T05:07:12.333065
6_10_tips,2.0,0.1428571428571428,0.1912143099999999,0.0875109778915416,10,,FastME,4.8612587451934814,,0.25,300,Cherry,2026-09-17T05:07:12.333065
15_100_tips,188.0,1.0,2.1476091937,0.2538434108819056,100,,FastME,4.8612587451934814,,0.25,300,Cherry,2026-09-17T05:07:12.333065
19_20_tips,6.0,0.1764705882352941,0.3469903425999999,0.1170423650763063,20,,IQ-TREE,4676.607687234879,,0.5,300,Cherry,2026-09-17T06:25:47.133539
3_10_tips,0.0,0.0,0.8595074622,0.4658678828687857,10,,IQ-TREE,4676.607687234879,,0.5,300,Cherry,2026-09-17T06:25:47.133539
6_100_tips,20.0,0.1030927835051546,2.066257006800001,0.3566500892937932,100,,IQ-TREE,4676.607687234879,,0.5,300,Cherry,2026-09-17T06:25:47.133539
18_20_tips,0.0,0.0,1.0331944968,0.3810522097445128,20,,IQ-TREE,4676.607687234879,,0.5,300,Cherry,2026-09-17T06:25:47.133539
16_20_tips,0.0,0.0,2.3663414131000007,0.7420384489782822,20,,IQ-TREE,4676.607687234879,,0.5,300,Cherry,2026-09-17T06:25:47.133539
8_10_tips,2.0,0.1428571428571428,0.815534285,0.4115512808464891,10,,IQ-TREE,4676.607687234879,,0.5,300,Cherry,2026-09-17T06:25:47.133539
8_100_tips,32.0,0.1649484536082474,2.4319893636000023,0.5687271514446416,100,,IQ-TREE,4676.607687234879,,0.5,300,Cherry,2026-09-17T06:25:47.133539
14_100_tips,92.0,0.4742268041237113,0.5133345372500011,0.0977557258252563,100,,IQ-TREE,4676.607687234879,,0.5,300,Cherry,2026-09-17T06:25:47.133539
2_50_tips,8.0,0.0851063829787234,3.680735356700001,0.7434667973310461,50,,IQ-TREE,4676.607687234879,,0.5,300,Cherry,2026-09-17T06:25:47.133539
9_20_tips,0.0,0.0,0.9070492884,0.3333559082079612,20,,IQ-TREE,4676.607687234879,,0.5,300,Cherry,2026-09-17T06:25:47.133539
2_200_tips,98.0,0.248730964467005,2.2469795434600046,0.2767088589673682,200,,IQ-TREE,4676.607687234879,,0.5,300,Cherry,2026-09-17T06:25:47.133539
14_10_tips,0.0,0.0,0.9673617049000002,0.4893603765726611,10,,IQ-TREE,4676.607687234879,,0.5,300,Cherry,2026-09-17T06:25:47.133539
10_50_tips,4.0,0.0425531914893617,1.2928551251999998,0.27919253862273,50,,IQ-TREE,4676.607687234879,,0.5,300,Cherry,2026-09-17T06:25:47.133539
8_20_tips,0.0,0.0,1.108834763,0.4430115497400957,20,,IQ-TREE,4676.607687234879,,0.5,300,Cherry,2026-09-17T06:25:47.133539
17_50_tips,8.0,0.0851063829787234,4.3859320981,0.9136943809611566,50,,IQ-TREE,4676.607687234879,,0.5,300,Cherry,2026-09-17T06:25:47.133539
5_20_tips,8.0,0.2352941176470588,0.3188179833999998,0.1157032574755271,20,,IQ-TREE,4676.607687234879,,0.5,300,Cherry,2026-09-17T06:25:47.133539
11_50_tips,4.0,0.0425531914893617,3.7569431199,0.8641532631308266,50,,IQ-TREE,4676.607687234879,,0.5,300,Cherry,2026-09-17T06:25:47.133539
5_200_tips,184.0,0.467005076142132,1.239001333499994,0.2072873019400747,200,,IQ-TREE,4676.607687234879,,0.5,300,Cherry,2026-09-17T06:25:47.133539
15_50_tips,14.0,0.1489361702127659,0.9150599678000004,0.2018218455147536,50,,IQ-TREE,4676.607687234879,,0.5,300,Cherry,2026-09-17T06:25:47.133539
2_10_tips,6.0,0.4285714285714285,0.1126727579,0.0556512309087188,10,,IQ-TREE,4676.607687234879,,0.5,300,Cherry,2026-09-17T06:25:47.133539
13_10_tips,0.0,0.0,0.7021091187,0.4111879012385769,10,,IQ-TREE,4676.607687234879,,0.5,300,Cherry,2026-09-17T06:25:47.133539
9_10_tips,0.0,0.0,1.0442271731,0.524337863295625,10,,IQ-TREE,4676.607687234879,,0.5,300,Cherry,2026-09-17T06:25:47.133539
9_50_tips,8.0,0.0851063829787234,1.2238966920999994,0.3256344475898794,50,,IQ-TREE,4676.607687234879,,0.5,300,Cherry,2026-09-17T06:25:47.133539
17_20_tips,8.0,0.2352941176470588,0.0838633828999999,0.0283817170724585,20,,IQ-TREE,4676.607687234879,,0.5,300,Cherry,2026-09-17T06:25:47.133539
10_200_tips,192.0,0.4873096446700508,2.1750197792000066,0.3643205605875996,200,,IQ-TREE,4676.607687234879,,0.5,300,Cherry,2026-09-17T06:25:47.133539
17_100_tips,26.0,0.134020618556701,3.553982941900002,0.9046222717368924,100,,IQ-TREE,4676.607687234879,,0.5,300,Cherry,2026-09-17T06:25:47.133539
10_20_tips,12.0,0.3529411764705882,0.2773898735999999,0.1244429315450115,20,,IQ-TREE,4676.607687234879,,0.5,300,Cherry,2026-09-17T06:25:47.133539
16_100_tips,54.0,0.2783505154639175,1.236301971799998,0.191351136292095,100,,IQ-TREE,4676.607687234879,,0.5,300,Cherry,2026-09-17T06:25:47.133539
6_20_tips,2.0,0.0588235294117647,1.7011339984999996,0.5577553038276194,20,,IQ-TREE,4676.607687234879,,0.5,300,Cherry,2026-09-17T06:25:47.133539
1_10_tips,0.0,0.0,2.4102955079,1.289874546223949,10,,IQ-TREE,4676.607687234879,,0.5,300,Cherry,2026-09-17T06:25:47.133539
9_200_tips,118.0,0.299492385786802,2.5700529266000065,0.3505683145860517,200,,IQ-TREE,4676.607687234879,,0.5,300,Cherry,2026-09-17T06:25:47.133539
2_20_tips,2.0,0.0588235294117647,1.3639688918,0.4695608868129713,20,,IQ-TREE,4676.607687234879,,0.5,300,Cherry,2026-09-17T06:25:47.133539
4_10_tips,0.0,0.0,1.6900133019000003,0.7722790907153501,10,,IQ-TREE,4676.607687234879,,0.5,300,Cherry,2026-09-17T06:25:47.133539
12_10_tips,0.0,0.0,0.2698701063,0.1414929421703418,10,,IQ-TREE,4676.607687234879,,0.5,300,Cherry,2026-09-17T06:25:47.133539
11_100_tips,48.0,0.2474226804123711,2.1948057379000026,0.4489008047888971,100,,IQ-TREE,4676.607687234879,,0.5,300,Cherry,2026-09-17T06:25:47.133539
4_200_tips,78.0,0.1979695431472081,6.276632375500009,0.8076573866670016,200,,IQ-TREE,4676.607687234879,,0.5,300,Cherry,2026-09-17T06:25:47.133539
0_10_tips,2.0,0.1428571428571428,0.7040991053000001,0.4337303630411485,10,,IQ-TREE,4676.607687234879,,0.5,300,Cherry,2026-09-17T06:25:47.133539
19_10_tips,1.0,0.0666666666666666,1.1484016354,0.8010360701840398,10,,IQ-TREE,4676.607687234879,,0.5,300,Cherry,2026-09-17T06:25:47.133539
18_200_tips,208.0,0.5279187817258884,1.3314910674499945,0.1881921563947969,200,,IQ-TREE,4676.607687234879,,0.5,300,Cherry,2026-09-17T06:25:47.133539
4_100_tips,10.0,0.0515463917525773,6.8003289582000015,1.2109975081736637,100,,IQ-TREE,4676.607687234879,,0.5,300,Cherry,2026-09-17T06:25:47.133539
1_50_tips,14.0,0.1489361702127659,1.4683923128999996,0.3516933995808413,50,,IQ-TREE,4676.607687234879,,0.5,300,Cherry,2026-09-17T06:25:47.133539
6_50_tips,14.0,0.1489361702127659,0.7567722775,0.156875398487456,50,,IQ-TREE,4676.607687234879,,0.5,300,Cherry,2026-09-17T06:25:47.133539
15_10_tips,0.0,0.0,2.7416056163,1.7507227285045035,10,,IQ-TREE,4676.607687234879,,0.5,300,Cherry,2026-09-17T06:25:47.133539
2_100_tips,66.0,0.3402061855670103,3.178803429600005,1.161542837254378,100,,IQ-TREE,4676.607687234879,,0.5,300,Cherry,2026-09-17T06:25:47.133539
18_10_tips,0.0,0.0,0.3645870008,0.2115016968130299,10,,IQ-TREE,4676.607687234879,,0.5,300,Cherry,2026-09-17T06:25:47.133539
13_20_tips,2.0,0.0588235294117647,1.0221188557,0.4603508031451103,20,,IQ-TREE,4676.607687234879,,0.5,300,Cherry,2026-09-17T06:25:47.133539
7_10_tips,8.0,0.5714285714285714,0.0200915577999999,0.0158419334493054,10,,IQ-TREE,4676.607687234879,,0.5,300,Cherry,2026-09-17T06:25:47.133539
19_100_tips,102.0,0.5257731958762887,0.6789585466000012,0.1369955354241143,100,,IQ-TREE,4676.607687234879,,0.5,300,Cherry,2026-09-17T06:25:47.133539
5_50_tips,14.0,0.1489361702127659,0.7936547877,0.1456514442074039,50,,IQ-TREE,4676.607687234879,,0.5,300,Cherry,2026-09-17T06:25:47.133539
14_20_tips,24.0,0.7058823529411765,0.020247586,0.0065014887896381,20,,IQ-TREE,4676.607687234879,,0.5,300,Cherry,2026-09-17T06:25:47.133539
15_200_tips,126.0,0.3197969543147208,6.285233387900006,1.1473401666967356,200,,IQ-TREE,4676.607687234879,,0.5,300,Cherry,2026-09-17T06:25:47.133539
4_50_tips,12.0,0.1276595744680851,1.6942635046999996,0.4187083912460079,50,,IQ-TREE,4676.607687234879,,0.5,300,Cherry,2026-09-17T06:25:47.133539
0_20_tips,16.0,0.4705882352941176,0.029174128,0.0108264581638809,20,,IQ-TREE,4676.607687234879,,0.5,300,Cherry,2026-09-17T06:25:47.133539
0_200_tips,178.0,0.4517766497461929,1.5894480431999949,0.2259037929954603,200,,IQ-TREE,4676.607687234879,,0.5,300,Cherry,2026-09-17T06:25:47.133539
0_100_tips,158.0,0.8144329896907216,0.1216480550000001,0.0181959881873388,100,,IQ-TREE,4676.607687234879,,0.5,300,Cherry,2026-09-17T06:25:47.133539
1_200_tips,386.0,0.9796954314720812,0.065675780165,0.010695358943082,200,,IQ-TREE,4676.607687234879,,0.5,300,Cherry,2026-09-17T06:25:47.133539
12_100_tips,126.0,0.6494845360824743,0.1683267816699999,0.030049120870931,100,,IQ-TREE,4676.607687234879,,0.5,300,Cherry,2026-09-17T06:25:47.133539
11_20_tips,0.0,0.0,0.3024629633,0.1298209038423964,20,,IQ-TREE,4676.607687234879,,0.5,300,Cherry,2026-09-17T06:25:47.133539
13_200_tips,52.0,0.1319796954314721,3.8502635130000016,0.4337017945277513,200,,IQ-TREE,4676.607687234879,,0.5,300,Cherry,2026-09-17T06:25:47.133539
15_20_tips,2.0,0.0588235294117647,0.3052324273999999,0.0979184440501291,20,,IQ-TREE,4676.607687234879,,0.5,300,Cherry,2026-09-17T06:25:47.133539
3_200_tips,84.0,0.2131979695431472,2.5537575848000063,0.3402187937499833,200,,IQ-TREE,4676.607687234879,,0.5,300,Cherry,2026-09-17T06:25:47.133539
4_20_tips,2.0,0.0588235294117647,0.5917349735500002,0.2558501341784374,20,,IQ-TREE,4676.607687234879,,0.5,300,Cherry,2026-09-17T06:25:47.133539
18_100_tips,30.0,0.1546391752577319,1.959347328099999,0.3282767086353852,100,,IQ-TREE,4676.607687234879,,0.5,300,Cherry,2026-09-17T06:25:47.133539
1_20_tips,4.0,0.1176470588235294,0.6875528687000001,0.2534264418070889,20,,IQ-TREE,4676.607687234879,,0.5,300,Cherry,2026-09-17T06:25:47.133539
17_10_tips,4.0,0.2857142857142857,0.0391112539999999,0.0209099313419802,10,,IQ-TREE,4676.607687234879,,0.5,300,Cherry,2026-09-17T06:25:47.133539
11_10_tips,2.0,0.1428571428571428,0.6800080605000001,0.4217537721227141,10,,IQ-TREE,4676.607687234879,,0.5,300,Cherry,2026-09-17T06:25:47.133539
5_10_tips,0.0,0.0,0.8842214692999999,0.5481697466094441,10,,IQ-TREE,4676.607687234879,,0.5,300,Cherry,2026-09-17T06:25:47.133539
6_200_tips,84.0,0.2131979695431472,5.023364185350005,0.809659762644979,200,,IQ-TREE,4676.607687234879,,0.5,300,Cherry,2026-09-17T06:25:47.133539
3_100_tips,12.0,0.0618556701030927,4.988498978400001,0.8028964166228357,100,,IQ-TREE,4676.607687234879,,0.5,300,Cherry,2026-09-17T06:25:47.133539
19_200_tips,378.0,0.9593908629441624,0.0770860641079,0.0108088686356011,200,,IQ-TREE,4676.607687234879,,0.5,300,Cherry,2026-09-17T06:25:47.133539
10_10_tips,0.0,0.0,0.4482134700999999,0.2322581633274139,10,,IQ-TREE,4676.607687234879,,0.5,300,Cherry,2026-09-17T06:25:47.133539
13_50_tips,18.0,0.1914893617021276,1.7235168250999993,0.449850785338557,50,,IQ-TREE,4676.607687234879,,0.5,300,Cherry,2026-09-17T06:25:47.133539
7_100_tips,104.0,0.5360824742268041,0.5990656026000011,0.1045274975991347,100,,IQ-TREE,4676.607687234879,,0.5,300,Cherry,2026-09-17T06:25:47.133539
19_50_tips,8.0,0.0851063829787234,4.427560582899999,0.99990182833279,50,,IQ-TREE,4676.607687234879,,0.5,300,Cherry,2026-09-17T06:25:47.133539
8_200_tips,36.0,0.0913705583756345,9.79716968529999,1.1865743171433645,200,,IQ-TREE,4676.607687234879,,0.5,300,Cherry,2026-09-17T06:25:47.133539
16_10_tips,0.0,0.0,2.0030751393000004,1.029442742011192,10,,IQ-TREE,4676.607687234879,,0.5,300,Cherry,2026-09-17T06:25:47.133539
16_50_tips,10.0,0.1063829787234042,2.5047282127,0.5303239720302266,50,,IQ-TREE,4676.607687234879,,0.5,300,Cherry,2026-09-17T06:25:47.133539
7_200_tips,374.0,0.949238578680203,0.104653602849,0.017609453147061,200,,IQ-TREE,4676.607687234879,,0.5,300,Cherry,2026-09-17T06:25:47.133539
5_100_tips,56.0,0.2886597938144329,1.3312046539999982,0.2461831885504629,100,,IQ-TREE,4676.607687234879,,0.5,300,Cherry,2026-09-17T06:25:47.133539
12_20_tips,2.0,0.0588235294117647,0.9632914816,0.3672923641718454,20,,IQ-TREE,4676.607687234879,,0.5,300,Cherry,2026-09-17T06:25:47.133539
0_50_tips,12.0,0.1276595744680851,1.8734872701,0.4006203844475589,50,,IQ-TREE,4676.607687234879,,0.5,300,Cherry,2026-09-17T06:25:47.133539
16_200_tips,232.0,0.5888324873096447,0.6157245808000015,0.0782537607573699,200,,IQ-TREE,4676.607687234879,,0.5,300,Cherry,2026-09-17T06:25:47.133539
7_50_tips,18.0,0.1914893617021276,0.9337132513,0.239586422235801,50,,IQ-TREE,4676.607687234879,,0.5,300,Cherry,2026-09-17T06:25:47.133539
12_50_tips,10.0,0.1063829787234042,3.3755045924,0.7807818428305439,50,,IQ-TREE,4676.607687234879,,0.5,300,Cherry,2026-09-17T06:25:47.133539
14_200_tips,242.0,0.6142131979695431,0.5178888503000029,0.0898782140607646,200,,IQ-TREE,4676.607687234879,,0.5,300,Cherry,2026-09-17T06:25:47.133539
14_50_tips,10.0,0.1063829787234042,1.5258360661999997,0.3455054790006659,50,,IQ-TREE,4676.607687234879,,0.5,300,Cherry,2026-09-17T06:25:47.133539
18_50_tips,16.0,0.1702127659574468,1.4286141031999997,0.3001126053314684,50,,IQ-TREE,4676.607687234879,,0.5,300,Cherry,2026-09-17T06:25:47.133539
11_200_tips,108.0,0.2741116751269035,2.926772150400006,0.419125428742519,200,,IQ-TREE,4676.607687234879,,0.5,300,Cherry,2026-09-17T06:25:47.133539
9_100_tips,36.0,0.1855670103092783,2.116704432000002,0.3763936749910458,100,,IQ-TREE,4676.607687234879,,0.5,300,Cherry,2026-09-17T06:25:47.133539
3_50_tips,16.0,0.1702127659574468,0.9068178653000002,0.2333683521901803,50,,IQ-TREE,4676.607687234879,,0.5,300,Cherry,2026-09-17T06:25:47.133539
8_50_tips,48.0,0.5106382978723404,0.1453549999000001,0.0306291711480697,50,,IQ-TREE,4676.607687234879,,0.5,300,Cherry,2026-09-17T06:25:47.133539
12_200_tips,100.0,0.2538071065989847,2.768506871000005,0.3590143007896846,200,,IQ-TREE,4676.607687234879,,0.5,300,Cherry,2026-09-17T06:25:47.133539
17_200_tips,160.0,0.4060913705583756,1.3031169844499946,0.1507560935416728,200,,IQ-TREE,4676.607687234879,,0.5,300,Cherry,2026-09-17T06:25:47.133539
1_100_tips,52.0,0.268041237113402,0.9528751852000008,0.1663828640644535,100,,IQ-TREE,4676.607687234879,,0.5,300,Cherry,2026-09-17T06:25:47.133539
3_20_tips,4.0,0.1176470588235294,0.763978908,0.4347174660651896,20,,IQ-TREE,4676.607687234879,,0.5,300,Cherry,2026-09-17T06:25:47.133539
7_20_tips,10.0,0.2941176470588235,0.7246046345000001,0.3260347272782033,20,,IQ-TREE,4676.607687234879,,0.5,300,Cherry,2026-09-17T06:25:47.133539
13_100_tips,28.0,0.1443298969072164,2.159224869100001,0.3724356168331658,100,,IQ-TREE,4676.607687234879,,0.5,300,Cherry,2026-09-17T06:25:47.133539
10_100_tips,106.0,0.5463917525773195,0.5196716435000008,0.0930856636404735,100,,IQ-TREE,4676.607687234879,,0.5,300,Cherry,2026-09-17T06:25:47.133539
6_10_tips,4.0,0.2857142857142857,0.0526317521,0.0227072777622107,10,,IQ-TREE,4676.607687234879,,0.5,300,Cherry,2026-09-17T06:25:47.133539
15_100_tips,98.0,0.5051546391752577,0.4380968538499989,0.0861650637673395,100,,IQ-TREE,4676.607687234879,,0.5,300,Cherry,2026-09-17T06:25:47.133539
19_20_tips,33.0,1.0,0.94497817,0.2384608557977462,20,,FastME,3.671673059463501,,0.5,300,Cherry,2026-09-17T06:25:47.133539
3_10_tips,0.0,0.0,0.8375680100000001,0.4604596949458407,10,,FastME,3.671673059463501,,0.5,300,Cherry,2026-09-17T06:25:47.133539
6_100_tips,193.0,1.0,6.9013512320000014,0.8578013866618065,100,,FastME,3.671673059463501,,0.5,300,Cherry,2026-09-17T06:25:47.133539
18_20_tips,2.0,0.0588235294117647,1.02288298,0.3716202166365896,20,,FastME,3.671673059463501,,0.5,300,Cherry,2026-09-17T06:25:47.133539
16_20_tips,2.0,0.0588235294117647,2.26490282,0.7251981691702277,20,,FastME,3.671673059463501,,0.5,300,Cherry,2026-09-17T06:25:47.133539
8_10_tips,0.0,0.0,0.8320220599999999,0.402508418311794,10,,FastME,3.671673059463501,,0.5,300,Cherry,2026-09-17T06:25:47.133539
8_100_tips,193.0,1.0,7.783205494999994,1.3386119485862196,100,,FastME,3.671673059463501,,0.5,300,Cherry,2026-09-17T06:25:47.133539
14_100_tips,179.0,1.0,1.4550227124500004,0.2476407631231971,100,,FastME,3.671673059463501,,0.5,300,Cherry,2026-09-17T06:25:47.133539
2_50_tips,93.0,1.0,13.271792503,1.998403176208304,50,,FastME,3.671673059463501,,0.5,300,Cherry,2026-09-17T06:25:47.133539
9_20_tips,2.0,0.0588235294117647,0.8846185699999999,0.3259259327101369,20,,FastME,3.671673059463501,,0.5,300,Cherry,2026-09-17T06:25:47.133539
2_200_tips,378.0,1.0,6.966198847359995,0.6391462757946191,200,,FastME,3.671673059463501,,0.5,300,Cherry,2026-09-17T06:25:47.133539
14_10_tips,0.0,0.0,0.93625794,0.4745968200430965,10,,FastME,3.671673059463501,,0.5,300,Cherry,2026-09-17T06:25:47.133539
10_50_tips,93.0,1.0,4.343267580000001,0.659450827506635,50,,FastME,3.671673059463501,,0.5,300,Cherry,2026-09-17T06:25:47.133539
8_20_tips,0.0,0.0,1.09307681,0.4816193019735763,20,,FastME,3.671673059463501,,0.5,300,Cherry,2026-09-17T06:25:47.133539
17_50_tips,14.0,0.1489361702127659,4.307148375,0.8890479227578341,50,,FastME,3.671673059463501,,0.5,300,Cherry,2026-09-17T06:25:47.133539
5_20_tips,8.0,0.2352941176470588,0.31863302,0.1170425898316941,20,,FastME,3.671673059463501,,0.5,300,Cherry,2026-09-17T06:25:47.133539
11_50_tips,16.0,0.1702127659574468,3.837303059,0.8557526271016506,50,,FastME,3.671673059463501,,0.5,300,Cherry,2026-09-17T06:25:47.133539
5_200_tips,362.0,1.0,3.6783199094000008,0.4989128792727109,200,,FastME,3.671673059463501,,0.5,300,Cherry,2026-09-17T06:25:47.133539
15_50_tips,18.0,0.1914893617021276,0.941240604,0.2015223832223982,50,,FastME,3.671673059463501,,0.5,300,Cherry,2026-09-17T06:25:47.133539
2_10_tips,12.0,1.0,0.2874706759999999,0.1154583585926202,10,,FastME,3.671673059463501,,0.5,300,Cherry,2026-09-17T06:25:47.133539
13_10_tips,0.0,0.0,0.7056097699999999,0.4236428012394134,10,,FastME,3.671673059463501,,0.5,300,Cherry,2026-09-17T06:25:47.133539
9_10_tips,0.0,0.0,0.97836072,0.4580940044838453,10,,FastME,3.671673059463501,,0.5,300,Cherry,2026-09-17T06:25:47.133539
9_50_tips,20.0,0.2127659574468085,1.237884712,0.3284910758206766,50,,FastME,3.671673059463501,,0.5,300,Cherry,2026-09-17T06:25:47.133539
17_20_tips,12.0,0.3529411764705882,0.0861005349999999,0.0282316654888181,20,,FastME,3.671673059463501,,0.5,300,Cherry,2026-09-17T06:25:47.133539
10_200_tips,349.0,1.0,7.502993951400001,0.9813765073060108,200,,FastME,3.671673059463501,,0.5,300,Cherry,2026-09-17T06:25:47.133539
17_100_tips,191.0,1.0,11.591236881,2.34490646114884,100,,FastME,3.671673059463501,,0.5,300,Cherry,2026-09-17T06:25:47.133539
10_20_tips,31.0,1.0,0.9940946159999996,0.3065881722506733,20,,FastME,3.671673059463501,,0.5,300,Cherry,2026-09-17T06:25:47.133539
16_100_tips,190.0,1.0,4.024229233299998,0.4971723243622335,100,,FastME,3.671673059463501,,0.5,300,Cherry,2026-09-17T06:25:47.133539
6_20_tips,2.0,0.0588235294117647,1.6641510599999998,0.5187131243384394,20,,FastME,3.671673059463501,,0.5,300,Cherry,2026-09-17T06:25:47.133539
1_10_tips,0.0,0.0,2.39263605,1.2811417851789726,10,,FastME,3.671673059463501,,0.5,300,Cherry,2026-09-17T06:25:47.133539
9_200_tips,380.0,1.0,7.307459636000002,0.844571561114845,200,,FastME,3.671673059463501,,0.5,300,Cherry,2026-09-17T06:25:47.133539
2_20_tips,4.0,0.1176470588235294,1.4115663900000002,0.4648465303832699,20,,FastME,3.671673059463501,,0.5,300,Cherry,2026-09-17T06:25:47.133539
4_10_tips,0.0,0.0,1.6419134299999998,0.7522882893699034,10,,FastME,3.671673059463501,,0.5,300,Cherry,2026-09-17T06:25:47.133539
12_10_tips,0.0,0.0,0.26266899,0.1379859609531321,10,,FastME,3.671673059463501,,0.5,300,Cherry,2026-09-17T06:25:47.133539
11_100_tips,192.0,1.0,6.999944841499997,1.0033933762046736,100,,FastME,3.671673059463501,,0.5,300,Cherry,2026-09-17T06:25:47.133539
4_200_tips,387.0,1.0,19.32806185739999,1.9053575940684,200,,FastME,3.671673059463501,,0.5,300,Cherry,2026-09-17T06:25:47.133539
0_10_tips,13.0,1.0,2.8875550650000004,1.4555388921828254,10,,FastME,3.671673059463501,,0.5,300,Cherry,2026-09-17T06:25:47.133539
19_10_tips,1.0,0.0666666666666666,1.1059032699999998,0.7609168754239868,10,,FastME,3.671673059463501,,0.5,300,Cherry,2026-09-17T06:25:47.133539
18_200_tips,343.0,1.0,3.664256448650003,0.3992539965993755,200,,FastME,3.671673059463501,,0.5,300,Cherry,2026-09-17T06:25:47.133539
1_200_tips,264.0,1.0,0.073590021565,0.0113151435925166,200,,FastME,3.671673059463501,,0.5,300,Cherry,2026-09-17T06:25:47.133539
4_100_tips,24.0,0.1237113402061855,6.50418299,1.146798987998736,100,,FastME,3.671673059463501,,0.5,300,Cherry,2026-09-17T06:25:47.133539
1_50_tips,90.0,1.0,5.022993136499999,0.9286030768478925,50,,FastME,3.671673059463501,,0.5,300,Cherry,2026-09-17T06:25:47.133539
6_50_tips,93.0,1.0,3.230008259999998,0.571012834499929,50,,FastME,3.671673059463501,,0.5,300,Cherry,2026-09-17T06:25:47.133539
15_10_tips,4.0,0.2857142857142857,3.000622749999999,1.823357558609742,10,,FastME,3.671673059463501,,0.5,300,Cherry,2026-09-17T06:25:47.133539
2_100_tips,187.0,1.0,10.296209065000005,2.7042579429084683,100,,FastME,3.671673059463501,,0.5,300,Cherry,2026-09-17T06:25:47.133539
18_10_tips,0.0,0.0,0.3699330199999999,0.2095037124798312,10,,FastME,3.671673059463501,,0.5,300,Cherry,2026-09-17T06:25:47.133539
13_20_tips,4.0,0.1176470588235294,1.0262184,0.4495427845891571,20,,FastME,3.671673059463501,,0.5,300,Cherry,2026-09-17T06:25:47.133539
7_10_tips,13.0,1.0,0.0808253019999999,0.040490683734784,10,,FastME,3.671673059463501,,0.5,300,Cherry,2026-09-17T06:25:47.133539
19_100_tips,178.0,1.0,2.020350097900001,0.3533150294900733,100,,FastME,3.671673059463501,,0.5,300,Cherry,2026-09-17T06:25:47.133539
5_50_tips,93.0,1.0,2.644784248,0.3945379672295008,50,,FastME,3.671673059463501,,0.5,300,Cherry,2026-09-17T06:25:47.133539
14_20_tips,25.0,1.0,0.0473718785,0.0133917508356524,20,,FastME,3.671673059463501,,0.5,300,Cherry,2026-09-17T06:25:47.133539
13_200_tips,389.0,1.0,12.904894839999994,1.0568058190437404,200,,FastME,3.671673059463501,,0.5,300,Cherry,2026-09-17T06:25:47.133539
15_20_tips,2.0,0.0588235294117647,0.30274994,0.0975428279569113,20,,FastME,3.671673059463501,,0.5,300,Cherry,2026-09-17T06:25:47.133539
15_200_tips,375.0,1.0,22.23833916710001,2.8979277370770222,200,,FastME,3.671673059463501,,0.5,300,Cherry,2026-09-17T06:25:47.133539
4_50_tips,93.0,1.0,5.972204896000002,1.1231721412611193,50,,FastME,3.671673059463501,,0.5,300,Cherry,2026-09-17T06:25:47.133539
0_20_tips,31.0,1.0,0.1048847526999999,0.0334905971572834,20,,FastME,3.671673059463501,,0.5,300,Cherry,2026-09-17T06:25:47.133539
3_200_tips,391.0,1.0,8.555637741900005,0.7807364262867262,200,,FastME,3.671673059463501,,0.5,300,Cherry,2026-09-17T06:25:47.133539
4_20_tips,6.0,0.1764705882352941,0.60869289215,0.2574718111879231,20,,FastME,3.671673059463501,,0.5,300,Cherry,2026-09-17T06:25:47.133539
18_100_tips,192.0,1.0,5.978547522000003,0.687165498386371,100,,FastME,3.671673059463501,,0.5,300,Cherry,2026-09-17T06:25:47.133539
1_20_tips,32.0,1.0,2.4237707200000007,0.6566221566655516,20,,FastME,3.671673059463501,,0.5,300,Cherry,2026-09-17T06:25:47.133539
17_10_tips,6.0,0.4285714285714285,0.03566224,0.0199555747444116,10,,FastME,3.671673059463501,,0.5,300,Cherry,2026-09-17T06:25:47.133539
11_10_tips,0.0,0.0,0.6745282400000001,0.4171573936586818,10,,FastME,3.671673059463501,,0.5,300,Cherry,2026-09-17T06:25:47.133539
5_10_tips,0.0,0.0,0.90333716,0.5701794683964353,10,,FastME,3.671673059463501,,0.5,300,Cherry,2026-09-17T06:25:47.133539
0_200_tips,361.0,1.0,4.512122578399998,0.5229067481172834,200,,FastME,3.671673059463501,,0.5,300,Cherry,2026-09-17T06:25:47.133539
0_100_tips,144.0,1.0,0.1789238797999999,0.0257285870504728,100,,FastME,3.671673059463501,,0.5,300,Cherry,2026-09-17T06:25:47.133539
6_200_tips,383.0,1.0,16.701729402850003,1.8778377149008425,200,,FastME,3.671673059463501,,0.5,300,Cherry,2026-09-17T06:25:47.133539
12_100_tips,167.0,1.0,0.3985262997700001,0.058727400844219,100,,FastME,3.671673059463501,,0.5,300,Cherry,2026-09-17T06:25:47.133539
11_20_tips,2.0,0.0588235294117647,0.3089995499999999,0.1314161933495986,20,,FastME,3.671673059463501,,0.5,300,Cherry,2026-09-17T06:25:47.133539
3_100_tips,24.0,0.1237113402061855,4.966194893,0.7887095105217503,100,,FastME,3.671673059463501,,0.5,300,Cherry,2026-09-17T06:25:47.133539
19_200_tips,261.0,1.0,0.0997385535079,0.0121088660487761,200,,FastME,3.671673059463501,,0.5,300,Cherry,2026-09-17T06:25:47.133539
10_10_tips,0.0,0.0,0.4239287599999999,0.2223292235059237,10,,FastME,3.671673059463501,,0.5,300,Cherry,2026-09-17T06:25:47.133539
13_50_tips,22.0,0.2340425531914893,1.7549452009999995,0.4488297964264215,50,,FastME,3.671673059463501,,0.5,300,Cherry,2026-09-17T06:25:47.133539
7_200_tips,263.0,1.0,0.151385962849,0.0268607223038532,200,,FastME,3.671673059463501,,0.5,300,Cherry,2026-09-17T06:25:47.133539
7_100_tips,173.0,1.0,2.1370664805,0.3223825955696404,100,,FastME,3.671673059463501,,0.5,300,Cherry,2026-09-17T06:25:47.133539
19_50_tips,4.0,0.0425531914893617,4.42827409,0.9843494200452392,50,,FastME,3.671673059463501,,0.5,300,Cherry,2026-09-17T06:25:47.133539
5_100_tips,184.0,1.0,4.136600950999998,0.5431116571935456,100,,FastME,3.671673059463501,,0.5,300,Cherry,2026-09-17T06:25:47.133539
12_20_tips,6.0,0.1764705882352941,0.94938962,0.3399185825630605,20,,FastME,3.671673059463501,,0.5,300,Cherry,2026-09-17T06:25:47.133539
0_50_tips,92.0,1.0,6.673126979999999,1.0895765500565855,50,,FastME,3.671673059463501,,0.5,300,Cherry,2026-09-17T06:25:47.133539
8_200_tips,392.0,1.0,33.10985877200001,2.854165533320017,200,,FastME,3.671673059463501,,0.5,300,Cherry,2026-09-17T06:25:47.133539
16_10_tips,0.0,0.0,1.84990846,0.966818125430507,10,,FastME,3.671673059463501,,0.5,300,Cherry,2026-09-17T06:25:47.133539
14_200_tips,355.0,1.0,1.1918047077000005,0.1727253034414805,200,,FastME,3.671673059463501,,0.5,300,Cherry,2026-09-17T06:25:47.133539
16_50_tips,10.0,0.1063829787234042,2.47459394,0.5207292523279392,50,,FastME,3.671673059463501,,0.5,300,Cherry,2026-09-17T06:25:47.133539
14_50_tips,93.0,1.0,5.046284560000002,0.8280149722972444,50,,FastME,3.671673059463501,,0.5,300,Cherry,2026-09-17T06:25:47.133539
18_50_tips,93.0,1.0,4.757185304,0.7698450686697345,50,,FastME,3.671673059463501,,0.5,300,Cherry,2026-09-17T06:25:47.133539
9_100_tips,193.0,1.0,6.794299457500003,0.8959145406736317,100,,FastME,3.671673059463501,,0.5,300,Cherry,2026-09-17T06:25:47.133539
3_50_tips,20.0,0.2127659574468085,0.951150085,0.2411134162721847,50,,FastME,3.671673059463501,,0.5,300,Cherry,2026-09-17T06:25:47.133539
7_50_tips,92.0,1.0,2.795721200000002,0.5135870217759557,50,,FastME,3.671673059463501,,0.5,300,Cherry,2026-09-17T06:25:47.133539
12_50_tips,8.0,0.0851063829787234,3.342093933,0.7859382984263293,50,,FastME,3.671673059463501,,0.5,300,Cherry,2026-09-17T06:25:47.133539
16_200_tips,342.0,1.0,1.622036457099999,0.1747838273249372,200,,FastME,3.671673059463501,,0.5,300,Cherry,2026-09-17T06:25:47.133539
8_50_tips,89.0,1.0,0.5255985445999998,0.1091854331530317,50,,FastME,3.671673059463501,,0.5,300,Cherry,2026-09-17T06:25:47.133539
11_200_tips,386.0,1.0,9.9839951553,1.0403851625586225,200,,FastME,3.671673059463501,,0.5,300,Cherry,2026-09-17T06:25:47.133539
17_200_tips,382.0,1.0,3.5362161337500004,0.329410749863455,200,,FastME,3.671673059463501,,0.5,300,Cherry,2026-09-17T06:25:47.133539
13_100_tips,192.0,1.0,7.322193786500004,0.9062602423739464,100,,FastME,3.671673059463501,,0.5,300,Cherry,2026-09-17T06:25:47.133539
7_20_tips,33.0,1.0,2.25143467,0.7818312780726577,20,,FastME,3.671673059463501,,0.5,300,Cherry,2026-09-17T06:25:47.133539
10_100_tips,174.0,1.0,1.4895430185999998,0.2133930313342863,100,,FastME,3.671673059463501,,0.5,300,Cherry,2026-09-17T06:25:47.133539
15_100_tips,177.0,1.0,1.24783435725,0.1736431544137102,100,,FastME,3.671673059463501,,0.5,300,Cherry,2026-09-17T06:25:47.133539
6_10_tips,4.0,0.2857142857142857,0.05317739,0.0224502242868774,10,,FastME,3.671673059463501,,0.5,300,Cherry,2026-09-17T06:25:47.133539
12_200_tips,384.0,1.0,9.461660656000005,0.9006665274965296,200,,FastME,3.671673059463501,,0.5,300,Cherry,2026-09-17T06:25:47.133539
1_100_tips,188.0,1.0,3.322859090499999,0.4880867062546524,100,,FastME,3.671673059463501,,0.5,300,Cherry,2026-09-17T06:25:47.133539
3_20_tips,4.0,0.1176470588235294,0.7610724900000001,0.4262588182130741,20,,FastME,3.671673059463501,,0.5,300,Cherry,2026-09-17T06:25:47.133539
19_200_tips,42.0,0.1065989847715736,8.208682436999988,0.9625019847844763,200,,IQ-TREE,5808.244470834732,,1.0,300,Cherry,2026-09-18T10:03:58.900512
9_200_tips,90.0,0.2284263959390862,3.761336119740004,0.5162585057848736,200,,IQ-TREE,5808.244470834732,,1.0,300,Cherry,2026-09-18T10:03:58.900512
7_20_tips,8.0,0.2352941176470588,4.006988372400001,2.014728290584888,20,,IQ-TREE,5808.244470834732,,1.0,300,Cherry,2026-09-18T10:03:58.900512
19_50_tips,30.0,0.3191489361702128,4.1275719992000015,1.2281469792106434,50,,IQ-TREE,5808.244470834732,,1.0,300,Cherry,2026-09-18T10:03:58.900512
8_20_tips,2.0,0.0588235294117647,3.6917972869,1.3672532631636711,20,,IQ-TREE,5808.244470834732,,1.0,300,Cherry,2026-09-18T10:03:58.900512
13_10_tips,4.0,0.2857142857142857,0.0886960637,0.0556009783048879,10,,IQ-TREE,5808.244470834732,,1.0,300,Cherry,2026-09-18T10:03:58.900512
18_200_tips,40.0,0.1015228426395939,8.348540822299993,1.3828213813540688,200,,IQ-TREE,5808.244470834732,,1.0,300,Cherry,2026-09-18T10:03:58.900512
6_20_tips,4.0,0.1176470588235294,1.8529337114,0.636108135162451,20,,IQ-TREE,5808.244470834732,,1.0,300,Cherry,2026-09-18T10:03:58.900512
5_20_tips,0.0,0.0,6.994524695599999,2.484631975264444,20,,IQ-TREE,5808.244470834732,,1.0,300,Cherry,2026-09-18T10:03:58.900512
7_50_tips,12.0,0.1276595744680851,3.3596607459000016,0.9539400241653212,50,,IQ-TREE,5808.244470834732,,1.0,300,Cherry,2026-09-18T10:03:58.900512
9_10_tips,0.0,0.0,1.5599393783,0.7377764166632125,10,,IQ-TREE,5808.244470834732,,1.0,300,Cherry,2026-09-18T10:03:58.900512
19_20_tips,0.0,0.0,3.6874678898,1.6683693028617557,20,,IQ-TREE,5808.244470834732,,1.0,300,Cherry,2026-09-18T10:03:58.900512
11_50_tips,2.0,0.0212765957446808,10.8933564581,2.2225929403464706,50,,IQ-TREE,5808.244470834732,,1.0,300,Cherry,2026-09-18T10:03:58.900512
11_200_tips,70.0,0.1776649746192893,5.9129252963000045,0.9304817880451656,200,,IQ-TREE,5808.244470834732,,1.0,300,Cherry,2026-09-18T10:03:58.900512
8_10_tips,2.0,0.1428571428571428,1.2373338818,0.6582268137446111,10,,IQ-TREE,5808.244470834732,,1.0,300,Cherry,2026-09-18T10:03:58.900512
3_50_tips,8.0,0.0851063829787234,1.1278974972999998,0.3061435759970721,50,,IQ-TREE,5808.244470834732,,1.0,300,Cherry,2026-09-18T10:03:58.900512
2_10_tips,4.0,0.2857142857142857,2.4374417407,1.4166647251339484,10,,IQ-TREE,5808.244470834732,,1.0,300,Cherry,2026-09-18T10:03:58.900512
19_10_tips,2.0,0.1428571428571428,1.3318510616,0.6608083978938197,10,,IQ-TREE,5808.244470834732,,1.0,300,Cherry,2026-09-18T10:03:58.900512
16_100_tips,68.0,0.3505154639175257,2.3435846973800043,0.4651730015109135,100,,IQ-TREE,5808.244470834732,,1.0,300,Cherry,2026-09-18T10:03:58.900512
0_20_tips,0.0,0.0,2.9322264046,0.9247758329275856,20,,IQ-TREE,5808.244470834732,,1.0,300,Cherry,2026-09-18T10:03:58.900512
0_10_tips,4.0,0.2857142857142857,3.9228634174,1.882069311956592,10,,IQ-TREE,5808.244470834732,,1.0,300,Cherry,2026-09-18T10:03:58.900512
8_100_tips,114.0,0.5876288659793815,0.3351658233999986,0.0576623135212652,100,,IQ-TREE,5808.244470834732,,1.0,300,Cherry,2026-09-18T10:03:58.900512
4_50_tips,26.0,0.2765957446808511,7.789434940399999,2.284758367893294,50,,IQ-TREE,5808.244470834732,,1.0,300,Cherry,2026-09-18T10:03:58.900512
8_50_tips,2.0,0.0212765957446808,2.777172662200001,0.7209054319681745,50,,IQ-TREE,5808.244470834732,,1.0,300,Cherry,2026-09-18T10:03:58.900512
10_200_tips,40.0,0.1015228426395939,9.392288914399993,1.1695705142715929,200,,IQ-TREE,5808.244470834732,,1.0,300,Cherry,2026-09-18T10:03:58.900512
2_200_tips,218.0,0.5532994923857868,0.8049053451800023,0.1018528410412046,200,,IQ-TREE,5808.244470834732,,1.0,300,Cherry,2026-09-18T10:03:58.900512
10_20_tips,4.0,0.1176470588235294,1.3237277091,0.5186075213606076,20,,IQ-TREE,5808.244470834732,,1.0,300,Cherry,2026-09-18T10:03:58.900512
6_100_tips,38.0,0.1958762886597938,2.103270317000004,0.4033536623476311,100,,IQ-TREE,5808.244470834732,,1.0,300,Cherry,2026-09-18T10:03:58.900512
2_20_tips,0.0,0.0,3.1933327213,1.3420682834771585,20,,IQ-TREE,5808.244470834732,,1.0,300,Cherry,2026-09-18T10:03:58.900512
15_20_tips,2.0,0.0588235294117647,1.0621980753,0.4295985557569548,20,,IQ-TREE,5808.244470834732,,1.0,300,Cherry,2026-09-18T10:03:58.900512
3_200_tips,46.0,0.116751269035533,7.3026701358000015,0.8737507353152534,200,,IQ-TREE,5808.244470834732,,1.0,300,Cherry,2026-09-18T10:03:58.900512
1_50_tips,24.0,0.2553191489361702,0.7656869960000006,0.1576061278969844,50,,IQ-TREE,5808.244470834732,,1.0,300,Cherry,2026-09-18T10:03:58.900512
17_100_tips,16.0,0.0824742268041237,3.3496382562000027,0.5470670584577888,100,,IQ-TREE,5808.244470834732,,1.0,300,Cherry,2026-09-18T10:03:58.900512
6_50_tips,24.0,0.2553191489361702,6.254230952300003,1.6178114830799588,50,,IQ-TREE,5808.244470834732,,1.0,300,Cherry,2026-09-18T10:03:58.900512
17_200_tips,74.0,0.1878172588832487,8.0267681343,1.3067420745997933,200,,IQ-TREE,5808.244470834732,,1.0,300,Cherry,2026-09-18T10:03:58.900512
13_20_tips,16.0,0.4705882352941176,0.0592494046,0.019645270577113,20,,IQ-TREE,5808.244470834732,,1.0,300,Cherry,2026-09-18T10:03:58.900512
18_50_tips,30.0,0.3191489361702128,0.3304673832999996,0.0671261453603965,50,,IQ-TREE,5808.244470834732,,1.0,300,Cherry,2026-09-18T10:03:58.900512
11_100_tips,18.0,0.0927835051546391,5.168569459000001,1.0662994584356142,100,,IQ-TREE,5808.244470834732,,1.0,300,Cherry,2026-09-18T10:03:58.900512
9_100_tips,34.0,0.1752577319587628,2.101464232900001,0.3258514642708405,100,,IQ-TREE,5808.244470834732,,1.0,300,Cherry,2026-09-18T10:03:58.900512
6_10_tips,0.0,0.0,1.5312135498999997,0.7505621738184292,10,,IQ-TREE,5808.244470834732,,1.0,300,Cherry,2026-09-18T10:03:58.900512
10_50_tips,8.0,0.0851063829787234,6.65820475,1.4296871079698537,50,,IQ-TREE,5808.244470834732,,1.0,300,Cherry,2026-09-18T10:03:58.900512
1_20_tips,0.0,0.0,2.0014606235,0.6326365861878996,20,,IQ-TREE,5808.244470834732,,1.0,300,Cherry,2026-09-18T10:03:58.900512
15_200_tips,34.0,0.0862944162436548,8.163332322899995,0.9809710676051052,200,,IQ-TREE,5808.244470834732,,1.0,300,Cherry,2026-09-18T10:03:58.900512
7_200_tips,112.0,0.2842639593908629,1.7879117642999969,0.2150184071965853,200,,IQ-TREE,5808.244470834732,,1.0,300,Cherry,2026-09-18T10:03:58.900512
18_20_tips,4.0,0.1176470588235294,3.6932760406,1.4399546052183396,20,,IQ-TREE,5808.244470834732,,1.0,300,Cherry,2026-09-18T10:03:58.900512
4_100_tips,14.0,0.0721649484536082,5.2092111044,1.009477614850893,100,,IQ-TREE,5808.244470834732,,1.0,300,Cherry,2026-09-18T10:03:58.900512
16_50_tips,12.0,0.1276595744680851,1.0240807704,0.2060734580907285,50,,IQ-TREE,5808.244470834732,,1.0,300,Cherry,2026-09-18T10:03:58.900512
6_200_tips,184.0,0.467005076142132,0.7360247779000023,0.083983201921767,200,,IQ-TREE,5808.244470834732,,1.0,300,Cherry,2026-09-18T10:03:58.900512
5_50_tips,4.0,0.0425531914893617,5.092279790099997,1.80275053192214,50,,IQ-TREE,5808.244470834732,,1.0,300,Cherry,2026-09-18T10:03:58.900512
1_200_tips,62.0,0.1573604060913705,7.016057604399999,1.015044336382252,200,,IQ-TREE,5808.244470834732,,1.0,300,Cherry,2026-09-18T10:03:58.900512
0_100_tips,30.0,0.1546391752577319,2.715862393000001,0.4790683820581535,100,,IQ-TREE,5808.244470834732,,1.0,300,Cherry,2026-09-18T10:03:58.900512
12_100_tips,24.0,0.1237113402061855,1.7828928444999983,0.3035004302218507,100,,IQ-TREE,5808.244470834732,,1.0,300,Cherry,2026-09-18T10:03:58.900512
5_200_tips,296.0,0.751269035532995,0.3430704474639981,0.0496547451340813,200,,IQ-TREE,5808.244470834732,,1.0,300,Cherry,2026-09-18T10:03:58.900512
15_10_tips,6.0,0.4285714285714285,0.0406550656999999,0.0170968843940733,10,,IQ-TREE,5808.244470834732,,1.0,300,Cherry,2026-09-18T10:03:58.900512
3_100_tips,4.0,0.0206185567010309,9.8997777919,1.4135809370453856,100,,IQ-TREE,5808.244470834732,,1.0,300,Cherry,2026-09-18T10:03:58.900512
0_50_tips,8.0,0.0851063829787234,4.645573972200002,1.0480914724739527,50,,IQ-TREE,5808.244470834732,,1.0,300,Cherry,2026-09-18T10:03:58.900512
2_100_tips,52.0,0.268041237113402,1.7955114673999988,0.2974044133939823,100,,IQ-TREE,5808.244470834732,,1.0,300,Cherry,2026-09-18T10:03:58.900512
17_10_tips,4.0,0.2857142857142857,3.8679485182,2.0028681659979704,10,,IQ-TREE,5808.244470834732,,1.0,300,Cherry,2026-09-18T10:03:58.900512
1_100_tips,26.0,0.134020618556701,3.2056522300000005,0.5359426980280484,100,,IQ-TREE,5808.244470834732,,1.0,300,Cherry,2026-09-18T10:03:58.900512
5_100_tips,8.0,0.0412371134020618,4.727135609399999,1.189870281239212,100,,IQ-TREE,5808.244470834732,,1.0,300,Cherry,2026-09-18T10:03:58.900512
10_10_tips,2.0,0.1428571428571428,4.924187918100001,2.437647555707452,10,,IQ-TREE,5808.244470834732,,1.0,300,Cherry,2026-09-18T10:03:58.900512
9_20_tips,0.0,0.0,2.698078856,0.9365268541127147,20,,IQ-TREE,5808.244470834732,,1.0,300,Cherry,2026-09-18T10:03:58.900512
4_200_tips,66.0,0.1675126903553299,8.84262710569998,1.2893418953058258,200,,IQ-TREE,5808.244470834732,,1.0,300,Cherry,2026-09-18T10:03:58.900512
12_10_tips,2.0,0.1428571428571428,0.5448209251999999,0.4569460212031949,10,,IQ-TREE,5808.244470834732,,1.0,300,Cherry,2026-09-18T10:03:58.900512
16_200_tips,50.0,0.1269035532994923,8.727542005999982,1.5879240595987052,200,,IQ-TREE,5808.244470834732,,1.0,300,Cherry,2026-09-18T10:03:58.900512
11_10_tips,0.0,0.0,0.843518484,0.3685226237296028,10,,IQ-TREE,5808.244470834732,,1.0,300,Cherry,2026-09-18T10:03:58.900512
3_20_tips,0.0,0.0,3.4754948479,1.2043342174715288,20,,IQ-TREE,5808.244470834732,,1.0,300,Cherry,2026-09-18T10:03:58.900512
16_20_tips,2.0,0.0588235294117647,2.5455996447,1.095727946256982,20,,IQ-TREE,5808.244470834732,,1.0,300,Cherry,2026-09-18T10:03:58.900512
8_200_tips,96.0,0.2436548223350254,3.605628784600005,0.4684653611720509,200,,IQ-TREE,5808.244470834732,,1.0,300,Cherry,2026-09-18T10:03:58.900512
12_20_tips,4.0,0.1176470588235294,0.9062497811000002,0.3087779436241886,20,,IQ-TREE,5808.244470834732,,1.0,300,Cherry,2026-09-18T10:03:58.900512
11_20_tips,6.0,0.1764705882352941,0.5111951503000001,0.2008689854938221,20,,IQ-TREE,5808.244470834732,,1.0,300,Cherry,2026-09-18T10:03:58.900512
7_10_tips,8.0,0.5714285714285714,0.0395151516,0.0191967751888977,10,,IQ-TREE,5808.244470834732,,1.0,300,Cherry,2026-09-18T10:03:58.900512
15_50_tips,6.0,0.0638297872340425,5.931050446400001,1.578454034346522,50,,IQ-TREE,5808.244470834732,,1.0,300,Cherry,2026-09-18T10:03:58.900512
17_20_tips,0.0,0.0,2.3332269613000003,0.905278168334896,20,,IQ-TREE,5808.244470834732,,1.0,300,Cherry,2026-09-18T10:03:58.900512
3_10_tips,4.0,0.2857142857142857,0.1085152332,0.0564259714777015,10,,IQ-TREE,5808.244470834732,,1.0,300,Cherry,2026-09-18T10:03:58.900512
12_50_tips,34.0,0.3617021276595745,0.7295138345000004,0.188375945565652,50,,IQ-TREE,5808.244470834732,,1.0,300,Cherry,2026-09-18T10:03:58.900512
4_20_tips,2.0,0.0588235294117647,5.4543921342,1.804482543117231,20,,IQ-TREE,5808.244470834732,,1.0,300,Cherry,2026-09-18T10:03:58.900512
12_200_tips,48.0,0.1218274111675127,22.171352935100018,3.307874040593364,200,,IQ-TREE,5808.244470834732,,1.0,300,Cherry,2026-09-18T10:03:58.900512
17_50_tips,16.0,0.1702127659574468,1.0841946401999991,0.3327111501041212,50,,IQ-TREE,5808.244470834732,,1.0,300,Cherry,2026-09-18T10:03:58.900512
2_50_tips,8.0,0.0851063829787234,6.480230939400002,1.9687470435038683,50,,IQ-TREE,5808.244470834732,,1.0,300,Cherry,2026-09-18T10:03:58.900512
14_20_tips,10.0,0.2941176470588235,0.074527091,0.029432923196389,20,,IQ-TREE,5808.244470834732,,1.0,300,Cherry,2026-09-18T10:03:58.900512
19_100_tips,146.0,0.7525773195876289,0.1806889893000001,0.0267481733252804,100,,IQ-TREE,5808.244470834732,,1.0,300,Cherry,2026-09-18T10:03:58.900512
5_10_tips,6.0,0.4285714285714285,0.0517973508,0.0246716659983009,10,,IQ-TREE,5808.244470834732,,1.0,300,Cherry,2026-09-18T10:03:58.900512
7_100_tips,36.0,0.1855670103092783,4.136686982900002,0.7269484879842418,100,,IQ-TREE,5808.244470834732,,1.0,300,Cherry,2026-09-18T10:03:58.900512
13_200_tips,354.0,0.8984771573604061,0.1580545132444002,0.0201972690280362,200,,IQ-TREE,5808.244470834732,,1.0,300,Cherry,2026-09-18T10:03:58.900512
15_100_tips,44.0,0.2268041237113402,1.6520538181999982,0.2837073963471677,100,,IQ-TREE,5808.244470834732,,1.0,300,Cherry,2026-09-18T10:03:58.900512
18_100_tips,30.0,0.1546391752577319,3.1355966907000004,0.5160572425317199,100,,IQ-TREE,5808.244470834732,,1.0,300,Cherry,2026-09-18T10:03:58.900512
16_10_tips,0.0,0.0,3.4999678283999995,1.683005035661436,10,,IQ-TREE,5808.244470834732,,1.0,300,Cherry,2026-09-18T10:03:58.900512
13_100_tips,164.0,0.845360824742268,0.1589895530500001,0.0316224618269796,100,,IQ-TREE,5808.244470834732,,1.0,300,Cherry,2026-09-18T10:03:58.900512
1_10_tips,0.0,0.0,3.920910032700001,3.5520743132585344,10,,IQ-TREE,5808.244470834732,,1.0,300,Cherry,2026-09-18T10:03:58.900512
14_100_tips,26.0,0.134020618556701,2.7227369735000013,0.4929514871758118,100,,IQ-TREE,5808.244470834732,,1.0,300,Cherry,2026-09-18T10:03:58.900512
14_50_tips,10.0,0.1063829787234042,5.5738094598000005,1.2198485820462588,50,,IQ-TREE,5808.244470834732,,1.0,300,Cherry,2026-09-18T10:03:58.900512
14_10_tips,0.0,0.0,1.3392775256999998,0.7462414243677187,10,,IQ-TREE,5808.244470834732,,1.0,300,Cherry,2026-09-18T10:03:58.900512
18_10_tips,0.0,0.0,1.3499605746,0.6019205195475766,10,,IQ-TREE,5808.244470834732,,1.0,300,Cherry,2026-09-18T10:03:58.900512
4_10_tips,0.0,0.0,1.2097537315000002,0.603438534988447,10,,IQ-TREE,5808.244470834732,,1.0,300,Cherry,2026-09-18T10:03:58.900512
9_50_tips,12.0,0.1276595744680851,7.5194353662000015,2.3538048956674475,50,,IQ-TREE,5808.244470834732,,1.0,300,Cherry,2026-09-18T10:03:58.900512
14_200_tips,102.0,0.2588832487309644,8.076300067599988,1.423346802613218,200,,IQ-TREE,5808.244470834732,,1.0,300,Cherry,2026-09-18T10:03:58.900512
13_50_tips,4.0,0.0425531914893617,2.938758522400001,0.6647994940248709,50,,IQ-TREE,5808.244470834732,,1.0,300,Cherry,2026-09-18T10:03:58.900512
10_100_tips,12.0,0.0618556701030927,3.855172393399999,0.6543380867078278,100,,IQ-TREE,5808.244470834732,,1.0,300,Cherry,2026-09-18T10:03:58.900512
0_200_tips,152.0,0.3857868020304568,2.058243587570008,0.2739810129874147,200,,IQ-TREE,5808.244470834732,,1.0,300,Cherry,2026-09-18T10:03:58.900512
19_200_tips,392.0,1.0,26.10605382359997,2.2402881018785044,200,,FastME,4.021851539611816,,1.0,300,Cherry,2026-09-18T10:03:58.900512
9_200_tips,393.0,1.0,11.256881852539989,1.1380058512410414,200,,FastME,4.021851539611816,,1.0,300,Cherry,2026-09-18T10:03:58.900512
7_20_tips,10.0,0.2941176470588235,4.03555145,1.9488365309381,20,,FastME,4.021851539611816,,1.0,300,Cherry,2026-09-18T10:03:58.900512
19_50_tips,90.0,1.0,13.7848594939,3.0477713168976406,50,,FastME,4.021851539611816,,1.0,300,Cherry,2026-09-18T10:03:58.900512
8_20_tips,2.0,0.0588235294117647,3.644472880000001,1.333895784312069,20,,FastME,4.021851539611816,,1.0,300,Cherry,2026-09-18T10:03:58.900512
13_10_tips,6.0,0.4285714285714285,0.088333592,0.0546463497907458,10,,FastME,4.021851539611816,,1.0,300,Cherry,2026-09-18T10:03:58.900512
11_200_tips,392.0,1.0,19.7764269344,2.5287266076204418,200,,FastME,4.021851539611816,,1.0,300,Cherry,2026-09-18T10:03:58.900512
8_10_tips,2.0,0.1428571428571428,1.2988660900000002,0.6534712978281902,10,,FastME,4.021851539611816,,1.0,300,Cherry,2026-09-18T10:03:58.900512
18_200_tips,392.0,1.0,27.846178533999964,3.792628041154003,200,,FastME,4.021851539611816,,1.0,300,Cherry,2026-09-18T10:03:58.900512
6_20_tips,4.0,0.1176470588235294,1.80668318,0.6218382058305375,20,,FastME,4.021851539611816,,1.0,300,Cherry,2026-09-18T10:03:58.900512
5_20_tips,2.0,0.0588235294117647,6.69289914,2.401105594386596,20,,FastME,4.021851539611816,,1.0,300,Cherry,2026-09-18T10:03:58.900512
7_50_tips,10.0,0.1063829787234042,3.179127343000001,0.8959884384996255,50,,FastME,4.021851539611816,,1.0,300,Cherry,2026-09-18T10:03:58.900512
9_10_tips,0.0,0.0,1.61920147,0.7639679833822424,10,,FastME,4.021851539611816,,1.0,300,Cherry,2026-09-18T10:03:58.900512
19_20_tips,0.0,0.0,3.63848223,1.6469185140023188,20,,FastME,4.021851539611816,,1.0,300,Cherry,2026-09-18T10:03:58.900512
11_50_tips,12.0,0.1276595744680851,10.93769349,2.135974773449264,50,,FastME,4.021851539611816,,1.0,300,Cherry,2026-09-18T10:03:58.900512
3_50_tips,8.0,0.0851063829787234,1.1225638280000003,0.3041787264305471,50,,FastME,4.021851539611816,,1.0,300,Cherry,2026-09-18T10:03:58.900512
2_10_tips,2.0,0.1428571428571428,2.39182854,1.4298983643892371,10,,FastME,4.021851539611816,,1.0,300,Cherry,2026-09-18T10:03:58.900512
19_10_tips,2.0,0.1428571428571428,1.34950879,0.6683094329486552,10,,FastME,4.021851539611816,,1.0,300,Cherry,2026-09-18T10:03:58.900512
16_100_tips,187.0,1.0,8.461808260679998,1.2458093591637542,100,,FastME,4.021851539611816,,1.0,300,Cherry,2026-09-18T10:03:58.900512
0_20_tips,2.0,0.0588235294117647,2.9556919,0.9376006623503604,20,,FastME,4.021851539611816,,1.0,300,Cherry,2026-09-18T10:03:58.900512
0_10_tips,0.0,0.0,3.51767091,1.866899896150662,10,,FastME,4.021851539611816,,1.0,300,Cherry,2026-09-18T10:03:58.900512
8_100_tips,182.0,1.0,0.7793636504999999,0.1078494115378412,100,,FastME,4.021851539611816,,1.0,300,Cherry,2026-09-18T10:03:58.900512
4_50_tips,16.0,0.1702127659574468,7.076484871999999,2.247238440839435,50,,FastME,4.021851539611816,,1.0,300,Cherry,2026-09-18T10:03:58.900512
8_50_tips,2.0,0.0212765957446808,2.7467395170000004,0.6879245915621961,50,,FastME,4.021851539611816,,1.0,300,Cherry,2026-09-18T10:03:58.900512
10_200_tips,52.0,0.1319796954314721,9.421144825999995,1.1500411281772829,200,,FastME,4.021851539611816,,1.0,300,Cherry,2026-09-18T10:03:58.900512
2_200_tips,369.0,1.0,2.055127897679999,0.2001135929256438,200,,FastME,4.021851539611816,,1.0,300,Cherry,2026-09-18T10:03:58.900512
10_20_tips,33.0,1.0,5.43535428,1.6734428380651158,20,,FastME,4.021851539611816,,1.0,300,Cherry,2026-09-18T10:03:58.900512
3_200_tips,393.0,1.0,24.54170129100001,2.118126404843917,200,,FastME,4.021851539611816,,1.0,300,Cherry,2026-09-18T10:03:58.900512
1_50_tips,24.0,0.2553191489361702,0.775436079,0.1627038558582596,50,,FastME,4.021851539611816,,1.0,300,Cherry,2026-09-18T10:03:58.900512
6_100_tips,40.0,0.2061855670103092,2.0894028965,0.4018933970624009,100,,FastME,4.021851539611816,,1.0,300,Cherry,2026-09-18T10:03:58.900512
2_20_tips,0.0,0.0,2.95195784,1.241161092059884,20,,FastME,4.021851539611816,,1.0,300,Cherry,2026-09-18T10:03:58.900512
15_20_tips,6.0,0.1764705882352941,1.0802093300000002,0.435381741516248,20,,FastME,4.021851539611816,,1.0,300,Cherry,2026-09-18T10:03:58.900512
17_100_tips,22.0,0.1134020618556701,3.3415394290000004,0.5365971319762073,100,,FastME,4.021851539611816,,1.0,300,Cherry,2026-09-18T10:03:58.900512
6_50_tips,18.0,0.1914893617021276,5.6035076,1.6349756388848735,50,,FastME,4.021851539611816,,1.0,300,Cherry,2026-09-18T10:03:58.900512
17_200_tips,391.0,1.0,26.750597857500004,3.285225191554307,200,,FastME,4.021851539611816,,1.0,300,Cherry,2026-09-18T10:03:58.900512
13_20_tips,33.0,1.0,0.2031457728999999,0.0693897658623977,20,,FastME,4.021851539611816,,1.0,300,Cherry,2026-09-18T10:03:58.900512
18_50_tips,91.0,1.0,0.991855367,0.1577821276718724,50,,FastME,4.021851539611816,,1.0,300,Cherry,2026-09-18T10:03:58.900512
15_200_tips,393.0,1.0,28.519628778600005,2.492955050873451,200,,FastME,4.021851539611816,,1.0,300,Cherry,2026-09-18T10:03:58.900512
11_100_tips,193.0,1.0,17.411402761,2.65466910207844,100,,FastME,4.021851539611816,,1.0,300,Cherry,2026-09-18T10:03:58.900512
9_100_tips,192.0,1.0,5.775263518000003,0.6421677712700863,100,,FastME,4.021851539611816,,1.0,300,Cherry,2026-09-18T10:03:58.900512
6_10_tips,0.0,0.0,1.62730959,0.8063692786161644,10,,FastME,4.021851539611816,,1.0,300,Cherry,2026-09-18T10:03:58.900512
10_50_tips,10.0,0.1063829787234042,6.66974298,1.4343559143483124,50,,FastME,4.021851539611816,,1.0,300,Cherry,2026-09-18T10:03:58.900512
1_20_tips,2.0,0.0588235294117647,2.00362738,0.625124015358399,20,,FastME,4.021851539611816,,1.0,300,Cherry,2026-09-18T10:03:58.900512
7_200_tips,388.0,1.0,5.467314088200004,0.4706102757345768,200,,FastME,4.021851539611816,,1.0,300,Cherry,2026-09-18T10:03:58.900512
18_20_tips,2.0,0.0588235294117647,3.7062698999999992,1.4402692095173233,20,,FastME,4.021851539611816,,1.0,300,Cherry,2026-09-18T10:03:58.900512
4_100_tips,26.0,0.134020618556701,5.267712227999999,0.947033757546548,100,,FastME,4.021851539611816,,1.0,300,Cherry,2026-09-18T10:03:58.900512
16_50_tips,12.0,0.1276595744680851,1.023503637,0.2095681103720591,50,,FastME,4.021851539611816,,1.0,300,Cherry,2026-09-18T10:03:58.900512
6_200_tips,382.0,1.0,1.875450466,0.1735373535733927,200,,FastME,4.021851539611816,,1.0,300,Cherry,2026-09-18T10:03:58.900512
5_50_tips,16.0,0.1702127659574468,5.06208784,1.7524529500012822,50,,FastME,4.021851539611816,,1.0,300,Cherry,2026-09-18T10:03:58.900512
5_200_tips,342.0,1.0,0.6649728715640005,0.0887294796553478,200,,FastME,4.021851539611816,,1.0,300,Cherry,2026-09-18T10:03:58.900512
15_10_tips,4.0,0.2857142857142857,0.039837326,0.0169228416367049,10,,FastME,4.021851539611816,,1.0,300,Cherry,2026-09-18T10:03:58.900512
1_200_tips,393.0,1.0,23.465060744500004,2.604783969123772,200,,FastME,4.021851539611816,,1.0,300,Cherry,2026-09-18T10:03:58.900512
0_100_tips,193.0,1.0,9.14319676999999,1.347352508856781,100,,FastME,4.021851539611816,,1.0,300,Cherry,2026-09-18T10:03:58.900512
12_100_tips,193.0,1.0,5.4924277472000025,0.6791875944512581,100,,FastME,4.021851539611816,,1.0,300,Cherry,2026-09-18T10:03:58.900512
3_100_tips,6.0,0.0309278350515463,9.311471969999998,1.3349749365062806,100,,FastME,4.021851539611816,,1.0,300,Cherry,2026-09-18T10:03:58.900512
4_200_tips,391.0,1.0,29.045416450999976,3.3083182293743505,200,,FastME,4.021851539611816,,1.0,300,Cherry,2026-09-18T10:03:58.900512
12_10_tips,2.0,0.1428571428571428,0.5498296199999998,0.4597558121997986,10,,FastME,4.021851539611816,,1.0,300,Cherry,2026-09-18T10:03:58.900512
0_50_tips,92.0,1.0,15.442745676,2.650153562896188,50,,FastME,4.021851539611816,,1.0,300,Cherry,2026-09-18T10:03:58.900512
2_100_tips,191.0,1.0,6.006891256000002,0.7577869365120019,100,,FastME,4.021851539611816,,1.0,300,Cherry,2026-09-18T10:03:58.900512
17_10_tips,4.0,0.2857142857142857,3.87070073,2.004554793598728,10,,FastME,4.021851539611816,,1.0,300,Cherry,2026-09-18T10:03:58.900512
1_100_tips,192.0,1.0,11.282448082999998,1.421072391286867,100,,FastME,4.021851539611816,,1.0,300,Cherry,2026-09-18T10:03:58.900512
5_100_tips,18.0,0.0927835051546391,4.695655577,1.163820901114402,100,,FastME,4.021851539611816,,1.0,300,Cherry,2026-09-18T10:03:58.900512
10_10_tips,0.0,0.0,4.403984050000001,2.37012001861406,10,,FastME,4.021851539611816,,1.0,300,Cherry,2026-09-18T10:03:58.900512
9_20_tips,2.0,0.0588235294117647,2.63952946,0.9136933661535795,20,,FastME,4.021851539611816,,1.0,300,Cherry,2026-09-18T10:03:58.900512
8_200_tips,381.0,1.0,11.734143163900004,1.1126893145859755,200,,FastME,4.021851539611816,,1.0,300,Cherry,2026-09-18T10:03:58.900512
12_20_tips,4.0,0.1176470588235294,0.8595606,0.2885274130838728,20,,FastME,4.021851539611816,,1.0,300,Cherry,2026-09-18T10:03:58.900512
11_20_tips,6.0,0.1764705882352941,0.5205164000000001,0.2107219123634189,20,,FastME,4.021851539611816,,1.0,300,Cherry,2026-09-18T10:03:58.900512
7_10_tips,12.0,1.0,0.068378636,0.0280926339245827,10,,FastME,4.021851539611816,,1.0,300,Cherry,2026-09-18T10:03:58.900512
15_50_tips,14.0,0.1489361702127659,6.3284176400000005,1.5801936482919097,50,,FastME,4.021851539611816,,1.0,300,Cherry,2026-09-18T10:03:58.900512
17_20_tips,2.0,0.0588235294117647,2.282688,0.8688193239905684,20,,FastME,4.021851539611816,,1.0,300,Cherry,2026-09-18T10:03:58.900512
3_10_tips,4.0,0.2857142857142857,0.10751295,0.0545815536573877,10,,FastME,4.021851539611816,,1.0,300,Cherry,2026-09-18T10:03:58.900512
12_50_tips,92.0,1.0,2.0148604235000005,0.4297159970097552,50,,FastME,4.021851539611816,,1.0,300,Cherry,2026-09-18T10:03:58.900512
4_20_tips,2.0,0.0588235294117647,5.14769332,1.685203049563366,20,,FastME,4.021851539611816,,1.0,300,Cherry,2026-09-18T10:03:58.900512
16_200_tips,393.0,1.0,31.286197912599988,4.099653443378153,200,,FastME,4.021851539611816,,1.0,300,Cherry,2026-09-18T10:03:58.900512
11_10_tips,0.0,0.0,0.7780259699999998,0.3422770152906593,10,,FastME,4.021851539611816,,1.0,300,Cherry,2026-09-18T10:03:58.900512
3_20_tips,2.0,0.0588235294117647,3.3487929,1.1785462459089102,20,,FastME,4.021851539611816,,1.0,300,Cherry,2026-09-18T10:03:58.900512
16_20_tips,4.0,0.1176470588235294,2.4880552,1.0904966479704978,20,,FastME,4.021851539611816,,1.0,300,Cherry,2026-09-18T10:03:58.900512
13_200_tips,307.0,1.0,0.2479562420444,0.0322518073291381,200,,FastME,4.021851539611816,,1.0,300,Cherry,2026-09-18T10:03:58.900512
13_100_tips,161.0,1.0,0.28384628255,0.0488701656759538,100,,FastME,4.021851539611816,,1.0,300,Cherry,2026-09-18T10:03:58.900512
1_10_tips,2.0,0.1428571428571428,3.773700060000001,3.4616006709940628,10,,FastME,4.021851539611816,,1.0,300,Cherry,2026-09-18T10:03:58.900512
14_100_tips,22.0,0.1134020618556701,2.759950328000001,0.4918325608718117,100,,FastME,4.021851539611816,,1.0,300,Cherry,2026-09-18T10:03:58.900512
14_50_tips,93.0,1.0,19.63234999399999,3.282197535533628,50,,FastME,4.021851539611816,,1.0,300,Cherry,2026-09-18T10:03:58.900512
14_10_tips,0.0,0.0,1.26649018,0.6802075109128012,10,,FastME,4.021851539611816,,1.0,300,Cherry,2026-09-18T10:03:58.900512
18_10_tips,0.0,0.0,1.31273105,0.5759125879021442,10,,FastME,4.021851539611816,,1.0,300,Cherry,2026-09-18T10:03:58.900512
16_10_tips,0.0,0.0,3.45837347,1.7091071834717972,10,,FastME,4.021851539611816,,1.0,300,Cherry,2026-09-18T10:03:58.900512
12_200_tips,393.0,1.0,75.82564232399999,7.957401178468977,200,,FastME,4.021851539611816,,1.0,300,Cherry,2026-09-18T10:03:58.900512
17_50_tips,14.0,0.1489361702127659,1.1509894081,0.3361242129085035,50,,FastME,4.021851539611816,,1.0,300,Cherry,2026-09-18T10:03:58.900512
2_50_tips,10.0,0.1063829787234042,6.5283301000000025,1.9602141924294345,50,,FastME,4.021851539611816,,1.0,300,Cherry,2026-09-18T10:03:58.900512
14_20_tips,12.0,0.3529411764705882,0.073373089,0.0293305141319514,20,,FastME,4.021851539611816,,1.0,300,Cherry,2026-09-18T10:03:58.900512
19_100_tips,170.0,1.0,0.3030371029999997,0.0383139621961816,100,,FastME,4.021851539611816,,1.0,300,Cherry,2026-09-18T10:03:58.900512
5_10_tips,6.0,0.4285714285714285,0.057250503,0.025919981224873,10,,FastME,4.021851539611816,,1.0,300,Cherry,2026-09-18T10:03:58.900512
14_200_tips,378.0,1.0,27.94725836859997,3.678633692845991,200,,FastME,4.021851539611816,,1.0,300,Cherry,2026-09-18T10:03:58.900512
13_50_tips,8.0,0.0851063829787234,2.91948657,0.6614293463723941,50,,FastME,4.021851539611816,,1.0,300,Cherry,2026-09-18T10:03:58.900512
4_10_tips,2.0,0.1428571428571428,1.19851176,0.5713938784541088,10,,FastME,4.021851539611816,,1.0,300,Cherry,2026-09-18T10:03:58.900512
7_100_tips,40.0,0.2061855670103092,4.0565015183999975,0.6961501779647806,100,,FastME,4.021851539611816,,1.0,300,Cherry,2026-09-18T10:03:58.900512
9_50_tips,18.0,0.1914893617021276,7.591606956,2.314234464790017,50,,FastME,4.021851539611816,,1.0,300,Cherry,2026-09-18T10:03:58.900512
15_100_tips,192.0,1.0,5.285875172,0.6330192628217088,100,,FastME,4.021851539611816,,1.0,300,Cherry,2026-09-18T10:03:58.900512
18_100_tips,190.0,1.0,9.3332208816,1.0810012171805543,100,,FastME,4.021851539611816,,1.0,300,Cherry,2026-09-18T10:03:58.900512
0_200_tips,375.0,1.0,6.586529719569999,0.6929284891764351,200,,FastME,4.021851539611816,,1.0,300,Cherry,2026-09-18T10:03:58.900512
10_100_tips,193.0,1.0,12.819762437,1.536123578179288,100,,FastME,4.021851539611816,,1.0,300,Cherry,2026-09-18T10:03:58.900512
19_200_tips,122.0,0.3096446700507614,4.127616396600006,0.6240179750753396,200,,IQ-TREE,6593.369680404663,,2.0,300,Cherry,2026-09-18T12:00:34.094444
9_200_tips,40.0,0.1015228426395939,13.166175831899986,1.7293158165347455,200,,IQ-TREE,6593.369680404663,,2.0,300,Cherry,2026-09-18T12:00:34.094444
7_20_tips,4.0,0.1176470588235294,1.3826425163,0.4436468420083578,20,,IQ-TREE,6593.369680404663,,2.0,300,Cherry,2026-09-18T12:00:34.094444
19_50_tips,8.0,0.0851063829787234,10.169180138699998,2.406878274492317,50,,IQ-TREE,6593.369680404663,,2.0,300,Cherry,2026-09-18T12:00:34.094444
8_20_tips,6.0,0.1764705882352941,0.3205562546,0.0986403385379628,20,,IQ-TREE,6593.369680404663,,2.0,300,Cherry,2026-09-18T12:00:34.094444
13_10_tips,2.0,0.1428571428571428,2.4175062897999995,1.1143412481518886,10,,IQ-TREE,6593.369680404663,,2.0,300,Cherry,2026-09-18T12:00:34.094444
11_200_tips,54.0,0.1370558375634517,15.718977387199988,2.5783639960743745,200,,IQ-TREE,6593.369680404663,,2.0,300,Cherry,2026-09-18T12:00:34.094444
8_10_tips,2.0,0.1428571428571428,0.5106602666,0.2617651772686268,10,,IQ-TREE,6593.369680404663,,2.0,300,Cherry,2026-09-18T12:00:34.094444
18_200_tips,72.0,0.182741116751269,7.202719977900003,0.9772616982094328,200,,IQ-TREE,6593.369680404663,,2.0,300,Cherry,2026-09-18T12:00:34.094444
6_20_tips,0.0,0.0,2.9020729512,0.9563056363702432,20,,IQ-TREE,6593.369680404663,,2.0,300,Cherry,2026-09-18T12:00:34.094444
5_20_tips,0.0,0.0,5.814342237699998,3.648157600775756,20,,IQ-TREE,6593.369680404663,,2.0,300,Cherry,2026-09-18T12:00:34.094444
7_50_tips,8.0,0.0851063829787234,11.3498199275,2.4344968938965565,50,,IQ-TREE,6593.369680404663,,2.0,300,Cherry,2026-09-18T12:00:34.094444
9_10_tips,0.0,0.0,0.6578661648999999,0.4190609999242258,10,,IQ-TREE,6593.369680404663,,2.0,300,Cherry,2026-09-18T12:00:34.094444
19_20_tips,0.0,0.0,5.345715048500001,1.7210432884943612,20,,IQ-TREE,6593.369680404663,,2.0,300,Cherry,2026-09-18T12:00:34.094444
11_50_tips,72.0,0.7659574468085106,0.090207115522,0.0262214897684359,50,,IQ-TREE,6593.369680404663,,2.0,300,Cherry,2026-09-18T12:00:34.094444
3_50_tips,8.0,0.0851063829787234,4.8762345181,1.2157184107912822,50,,IQ-TREE,6593.369680404663,,2.0,300,Cherry,2026-09-18T12:00:34.094444
2_10_tips,2.0,0.1428571428571428,8.6269491375,3.93350089524804,10,,IQ-TREE,6593.369680404663,,2.0,300,Cherry,2026-09-18T12:00:34.094444
19_10_tips,0.0,0.0,0.0978234052,0.048416334741994,10,,IQ-TREE,6593.369680404663,,2.0,300,Cherry,2026-09-18T12:00:34.094444
16_100_tips,22.0,0.1134020618556701,16.2383309807,3.213440606229913,100,,IQ-TREE,6593.369680404663,,2.0,300,Cherry,2026-09-18T12:00:34.094444
0_20_tips,2.0,0.0588235294117647,1.6233880749000005,0.5693856670143805,20,,IQ-TREE,6593.369680404663,,2.0,300,Cherry,2026-09-18T12:00:34.094444
0_10_tips,4.0,0.2857142857142857,5.7188574142,2.750327339440327,10,,IQ-TREE,6593.369680404663,,2.0,300,Cherry,2026-09-18T12:00:34.094444
8_100_tips,18.0,0.0927835051546391,11.5182103196,2.2971423226698064,100,,IQ-TREE,6593.369680404663,,2.0,300,Cherry,2026-09-18T12:00:34.094444
4_50_tips,12.0,0.1276595744680851,6.270983570700001,1.3876237032391885,50,,IQ-TREE,6593.369680404663,,2.0,300,Cherry,2026-09-18T12:00:34.094444
8_50_tips,48.0,0.5106382978723404,0.2285368537,0.0462120926335651,50,,IQ-TREE,6593.369680404663,,2.0,300,Cherry,2026-09-18T12:00:34.094444
10_200_tips,38.0,0.0964467005076142,61.38418703930001,10.191081897969037,200,,IQ-TREE,6593.369680404663,,2.0,300,Cherry,2026-09-18T12:00:34.094444
2_200_tips,74.0,0.1878172588832487,9.41669660969998,1.7193135033784228,200,,IQ-TREE,6593.369680404663,,2.0,300,Cherry,2026-09-18T12:00:34.094444
10_20_tips,18.0,0.5294117647058824,0.04589514763,0.020708340980361,20,,IQ-TREE,6593.369680404663,,2.0,300,Cherry,2026-09-18T12:00:34.094444
3_200_tips,150.0,0.3807106598984771,1.2870421431399943,0.1888208920886899,200,,IQ-TREE,6593.369680404663,,2.0,300,Cherry,2026-09-18T12:00:34.094444
6_100_tips,30.0,0.1546391752577319,3.833000744800004,0.7185837282665435,100,,IQ-TREE,6593.369680404663,,2.0,300,Cherry,2026-09-18T12:00:34.094444
1_50_tips,34.0,0.3617021276595745,0.2771568889999996,0.0614952028053625,50,,IQ-TREE,6593.369680404663,,2.0,300,Cherry,2026-09-18T12:00:34.094444
2_20_tips,8.0,0.2352941176470588,4.646317270300001,1.881005584015002,20,,IQ-TREE,6593.369680404663,,2.0,300,Cherry,2026-09-18T12:00:34.094444
15_20_tips,4.0,0.1176470588235294,3.3987032878,1.4038246244974917,20,,IQ-TREE,6593.369680404663,,2.0,300,Cherry,2026-09-18T12:00:34.094444
17_100_tips,36.0,0.1855670103092783,1.5531297221999991,0.3051974229522058,100,,IQ-TREE,6593.369680404663,,2.0,300,Cherry,2026-09-18T12:00:34.094444
6_50_tips,4.0,0.0425531914893617,2.1822900495,0.565921231335645,50,,IQ-TREE,6593.369680404663,,2.0,300,Cherry,2026-09-18T12:00:34.094444
17_200_tips,42.0,0.1065989847715736,18.05246959040001,2.519020918719384,200,,IQ-TREE,6593.369680404663,,2.0,300,Cherry,2026-09-18T12:00:34.094444
13_20_tips,2.0,0.0588235294117647,0.9990995926,0.3284846353548108,20,,IQ-TREE,6593.369680404663,,2.0,300,Cherry,2026-09-18T12:00:34.094444
18_50_tips,8.0,0.0851063829787234,1.1456492033999996,0.2843174306275262,50,,IQ-TREE,6593.369680404663,,2.0,300,Cherry,2026-09-18T12:00:34.094444
11_100_tips,32.0,0.1649484536082474,9.221697830699998,2.176241315694021,100,,IQ-TREE,6593.369680404663,,2.0,300,Cherry,2026-09-18T12:00:34.094444
15_200_tips,80.0,0.2030456852791878,5.123349656580005,0.7186936158575735,200,,IQ-TREE,6593.369680404663,,2.0,300,Cherry,2026-09-18T12:00:34.094444
9_100_tips,20.0,0.1030927835051546,4.9188918952,0.913229560992192,100,,IQ-TREE,6593.369680404663,,2.0,300,Cherry,2026-09-18T12:00:34.094444
6_10_tips,0.0,0.0,0.6972117334000001,0.3053684876931193,10,,IQ-TREE,6593.369680404663,,2.0,300,Cherry,2026-09-18T12:00:34.094444
10_50_tips,6.0,0.0638297872340425,9.1349046479,2.9331923927797505,50,,IQ-TREE,6593.369680404663,,2.0,300,Cherry,2026-09-18T12:00:34.094444
1_20_tips,8.0,0.2352941176470588,10.6531437204,2.900110636200255,20,,IQ-TREE,6593.369680404663,,2.0,300,Cherry,2026-09-18T12:00:34.094444
6_200_tips,42.0,0.1065989847715736,9.492140401999988,1.1902515808806202,200,,IQ-TREE,6593.369680404663,,2.0,300,Cherry,2026-09-18T12:00:34.094444
5_50_tips,10.0,0.1063829787234042,0.8342207290000001,0.1750815163925168,50,,IQ-TREE,6593.369680404663,,2.0,300,Cherry,2026-09-18T12:00:34.094444
7_200_tips,58.0,0.1472081218274111,14.09436523549999,2.294623685083759,200,,IQ-TREE,6593.369680404663,,2.0,300,Cherry,2026-09-18T12:00:34.094444
18_20_tips,4.0,0.1176470588235294,7.897120494,2.998909306944609,20,,IQ-TREE,6593.369680404663,,2.0,300,Cherry,2026-09-18T12:00:34.094444
4_100_tips,20.0,0.1030927835051546,3.8482689055,0.6977490922555104,100,,IQ-TREE,6593.369680404663,,2.0,300,Cherry,2026-09-18T12:00:34.094444
16_50_tips,2.0,0.0212765957446808,7.822585398999998,1.6955723550420327,50,,IQ-TREE,6593.369680404663,,2.0,300,Cherry,2026-09-18T12:00:34.094444
5_200_tips,84.0,0.2131979695431472,5.921288998780003,1.0797124813133914,200,,IQ-TREE,6593.369680404663,,2.0,300,Cherry,2026-09-18T12:00:34.094444
15_10_tips,0.0,0.0,2.5280387991999995,1.2915130872182614,10,,IQ-TREE,6593.369680404663,,2.0,300,Cherry,2026-09-18T12:00:34.094444
1_200_tips,24.0,0.0609137055837563,13.479534136899993,1.5970126846175114,200,,IQ-TREE,6593.369680404663,,2.0,300,Cherry,2026-09-18T12:00:34.094444
0_100_tips,38.0,0.1958762886597938,2.3790171577000008,0.532845237575585,100,,IQ-TREE,6593.369680404663,,2.0,300,Cherry,2026-09-18T12:00:34.094444
12_100_tips,22.0,0.1134020618556701,3.1720469304000014,0.535117498498325,100,,IQ-TREE,6593.369680404663,,2.0,300,Cherry,2026-09-18T12:00:34.094444
3_100_tips,20.0,0.1030927835051546,9.735114409299996,1.850100683544176,100,,IQ-TREE,6593.369680404663,,2.0,300,Cherry,2026-09-18T12:00:34.094444
0_50_tips,2.0,0.0212765957446808,4.400009677999999,1.1622037852875051,50,,IQ-TREE,6593.369680404663,,2.0,300,Cherry,2026-09-18T12:00:34.094444
4_200_tips,114.0,0.2893401015228426,7.616118534700007,1.06935096959357,200,,IQ-TREE,6593.369680404663,,2.0,300,Cherry,2026-09-18T12:00:34.094444
12_10_tips,2.0,0.1428571428571428,3.3656329292,1.319012627175142,10,,IQ-TREE,6593.369680404663,,2.0,300,Cherry,2026-09-18T12:00:34.094444
2_100_tips,20.0,0.1030927835051546,4.742847789100001,0.8530250408468786,100,,IQ-TREE,6593.369680404663,,2.0,300,Cherry,2026-09-18T12:00:34.094444
17_10_tips,0.0,0.0,0.5767572593,0.2641805738836462,10,,IQ-TREE,6593.369680404663,,2.0,300,Cherry,2026-09-18T12:00:34.094444
1_100_tips,28.0,0.1443298969072164,7.068295572900005,1.4971469870784233,100,,IQ-TREE,6593.369680404663,,2.0,300,Cherry,2026-09-18T12:00:34.094444
5_100_tips,58.0,0.2989690721649484,0.5416758716400009,0.0942287463443068,100,,IQ-TREE,6593.369680404663,,2.0,300,Cherry,2026-09-18T12:00:34.094444
10_10_tips,0.0,0.0,1.533102371,0.8066416393003875,10,,IQ-TREE,6593.369680404663,,2.0,300,Cherry,2026-09-18T12:00:34.094444
9_20_tips,12.0,0.3529411764705882,27.8978498089,8.219536702713839,20,,IQ-TREE,6593.369680404663,,2.0,300,Cherry,2026-09-18T12:00:34.094444
8_200_tips,94.0,0.2385786802030456,12.381635874499988,1.6306758603153388,200,,IQ-TREE,6593.369680404663,,2.0,300,Cherry,2026-09-18T12:00:34.094444
12_20_tips,2.0,0.0588235294117647,1.0647647426000002,0.4741173940019976,20,,IQ-TREE,6593.369680404663,,2.0,300,Cherry,2026-09-18T12:00:34.094444
11_20_tips,0.0,0.0,9.8056061562,4.0797190524296845,20,,IQ-TREE,6593.369680404663,,2.0,300,Cherry,2026-09-18T12:00:34.094444
7_10_tips,0.0,0.0,2.9811245249,1.4255361190079066,10,,IQ-TREE,6593.369680404663,,2.0,300,Cherry,2026-09-18T12:00:34.094444
15_50_tips,60.0,0.6382978723404256,0.12675251496,0.0287051090130777,50,,IQ-TREE,6593.369680404663,,2.0,300,Cherry,2026-09-18T12:00:34.094444
17_20_tips,12.0,0.3529411764705882,8.543383176,2.5667118872393715,20,,IQ-TREE,6593.369680404663,,2.0,300,Cherry,2026-09-18T12:00:34.094444
3_10_tips,0.0,0.0,0.6617527852999998,0.3505923471988313,10,,IQ-TREE,6593.369680404663,,2.0,300,Cherry,2026-09-18T12:00:34.094444
12_50_tips,70.0,0.7446808510638298,0.10716176878,0.025889585379335,50,,IQ-TREE,6593.369680404663,,2.0,300,Cherry,2026-09-18T12:00:34.094444
4_20_tips,6.0,0.1764705882352941,3.703027271900001,1.721552317488188,20,,IQ-TREE,6593.369680404663,,2.0,300,Cherry,2026-09-18T12:00:34.094444
16_200_tips,62.0,0.1573604060913705,4.809726651500001,0.5862728618036869,200,,IQ-TREE,6593.369680404663,,2.0,300,Cherry,2026-09-18T12:00:34.094444
11_10_tips,0.0,0.0,1.0726930288,0.5399150752651485,10,,IQ-TREE,6593.369680404663,,2.0,300,Cherry,2026-09-18T12:00:34.094444
3_20_tips,2.0,0.0588235294117647,5.212949889600001,1.8276247448422045,20,,IQ-TREE,6593.369680404663,,2.0,300,Cherry,2026-09-18T12:00:34.094444
16_20_tips,4.0,0.1176470588235294,1.8572764729,0.8277501452674357,20,,IQ-TREE,6593.369680404663,,2.0,300,Cherry,2026-09-18T12:00:34.094444
13_200_tips,38.0,0.0964467005076142,12.281866016699992,1.4916659685949,200,,IQ-TREE,6593.369680404663,,2.0,300,Cherry,2026-09-18T12:00:34.094444
12_200_tips,46.0,0.116751269035533,7.483936372400004,0.9711074741017974,200,,IQ-TREE,6593.369680404663,,2.0,300,Cherry,2026-09-18T12:00:34.094444
13_100_tips,48.0,0.2474226804123711,2.7943057497000026,0.6767602622934246,100,,IQ-TREE,6593.369680404663,,2.0,300,Cherry,2026-09-18T12:00:34.094444
1_10_tips,0.0,0.0,1.2235216329,0.9282614067458368,10,,IQ-TREE,6593.369680404663,,2.0,300,Cherry,2026-09-18T12:00:34.094444
17_50_tips,16.0,0.1702127659574468,1.1983723089999996,0.3120594574643073,50,,IQ-TREE,6593.369680404663,,2.0,300,Cherry,2026-09-18T12:00:34.094444
2_50_tips,12.0,0.1276595744680851,14.308518789699995,3.150407984288248,50,,IQ-TREE,6593.369680404663,,2.0,300,Cherry,2026-09-18T12:00:34.094444
14_20_tips,2.0,0.0588235294117647,5.7082540547,4.190798778066759,20,,IQ-TREE,6593.369680404663,,2.0,300,Cherry,2026-09-18T12:00:34.094444
14_100_tips,12.0,0.0618556701030927,7.798778527399997,1.3636134976364047,100,,IQ-TREE,6593.369680404663,,2.0,300,Cherry,2026-09-18T12:00:34.094444
14_50_tips,12.0,0.1276595744680851,16.8334345571,3.6691240979760966,50,,IQ-TREE,6593.369680404663,,2.0,300,Cherry,2026-09-18T12:00:34.094444
14_10_tips,2.0,0.1428571428571428,2.0731223658,1.2438147378029356,10,,IQ-TREE,6593.369680404663,,2.0,300,Cherry,2026-09-18T12:00:34.094444
18_10_tips,4.0,0.2857142857142857,5.006492218399999,2.942880955182018,10,,IQ-TREE,6593.369680404663,,2.0,300,Cherry,2026-09-18T12:00:34.094444
16_10_tips,0.0,0.0,0.5442205683,0.3556439376666911,10,,IQ-TREE,6593.369680404663,,2.0,300,Cherry,2026-09-18T12:00:34.094444
19_100_tips,18.0,0.0927835051546391,5.534095795,0.9126441651118432,100,,IQ-TREE,6593.369680404663,,2.0,300,Cherry,2026-09-18T12:00:34.094444
5_10_tips,0.0,0.0,1.8229480774999995,1.1483560338101624,10,,IQ-TREE,6593.369680404663,,2.0,300,Cherry,2026-09-18T12:00:34.094444
7_100_tips,38.0,0.1958762886597938,5.983073152400002,1.1571308294764036,100,,IQ-TREE,6593.369680404663,,2.0,300,Cherry,2026-09-18T12:00:34.094444
15_100_tips,82.0,0.422680412371134,0.6517381276000009,0.1262413673648361,100,,IQ-TREE,6593.369680404663,,2.0,300,Cherry,2026-09-18T12:00:34.094444
18_100_tips,16.0,0.0824742268041237,14.868384180299994,2.9178813528793968,100,,IQ-TREE,6593.369680404663,,2.0,300,Cherry,2026-09-18T12:00:34.094444
4_10_tips,0.0,0.0,1.4883474588000003,0.7303862467255063,10,,IQ-TREE,6593.369680404663,,2.0,300,Cherry,2026-09-18T12:00:34.094444
9_50_tips,12.0,0.1276595744680851,1.9467335909,0.5076713122934726,50,,IQ-TREE,6593.369680404663,,2.0,300,Cherry,2026-09-18T12:00:34.094444
14_200_tips,32.0,0.0812182741116751,29.800298445960003,3.571003293734497,200,,IQ-TREE,6593.369680404663,,2.0,300,Cherry,2026-09-18T12:00:34.094444
13_50_tips,6.0,0.0638297872340425,6.930737201,1.8083546887197228,50,,IQ-TREE,6593.369680404663,,2.0,300,Cherry,2026-09-18T12:00:34.094444
10_100_tips,18.0,0.0927835051546391,12.945622994500004,2.1337091366005074,100,,IQ-TREE,6593.369680404663,,2.0,300,Cherry,2026-09-18T12:00:34.094444
0_200_tips,112.0,0.2842639593908629,8.681581447699966,1.539527808429989,200,,IQ-TREE,6593.369680404663,,2.0,300,Cherry,2026-09-18T12:00:34.094444
9_200_tips,50.0,0.1269035532994923,12.706120450099991,1.5910665243387363,200,,FastME,4.055130243301392,,2.0,300,Cherry,2026-09-18T12:00:34.094444
7_20_tips,4.0,0.1176470588235294,1.2730617700000002,0.4046090868265564,20,,FastME,4.055130243301392,,2.0,300,Cherry,2026-09-18T12:00:34.094444
19_50_tips,6.0,0.0638297872340425,9.75892219,2.401040589068866,50,,FastME,4.055130243301392,,2.0,300,Cherry,2026-09-18T12:00:34.094444
8_20_tips,4.0,0.1176470588235294,0.3105441419999999,0.0966843353452312,20,,FastME,4.055130243301392,,2.0,300,Cherry,2026-09-18T12:00:34.094444
13_10_tips,2.0,0.1428571428571428,2.50344698,1.1683970781458597,10,,FastME,4.055130243301392,,2.0,300,Cherry,2026-09-18T12:00:34.094444
19_200_tips,392.0,1.0,13.375349380000005,1.5130253097572386,200,,FastME,4.055130243301392,,2.0,300,Cherry,2026-09-18T12:00:34.094444
11_200_tips,58.0,0.1472081218274111,15.780349395999997,2.49254424286731,200,,FastME,4.055130243301392,,2.0,300,Cherry,2026-09-18T12:00:34.094444
8_10_tips,2.0,0.1428571428571428,0.6250960899999999,0.2966425579063633,10,,FastME,4.055130243301392,,2.0,300,Cherry,2026-09-18T12:00:34.094444
18_200_tips,393.0,1.0,23.538959756000025,2.430565372145026,200,,FastME,4.055130243301392,,2.0,300,Cherry,2026-09-18T12:00:34.094444
6_20_tips,2.0,0.0588235294117647,3.1498799499999994,0.9948403057013392,20,,FastME,4.055130243301392,,2.0,300,Cherry,2026-09-18T12:00:34.094444
5_20_tips,0.0,0.0,5.62155782,3.646472723345132,20,,FastME,4.055130243301392,,2.0,300,Cherry,2026-09-18T12:00:34.094444
7_50_tips,10.0,0.1063829787234042,11.50373084,2.660442734178643,50,,FastME,4.055130243301392,,2.0,300,Cherry,2026-09-18T12:00:34.094444
9_10_tips,0.0,0.0,0.63625219,0.4059980047642686,10,,FastME,4.055130243301392,,2.0,300,Cherry,2026-09-18T12:00:34.094444
19_20_tips,2.0,0.0588235294117647,5.165958279999999,1.7434091551787916,20,,FastME,4.055130243301392,,2.0,300,Cherry,2026-09-18T12:00:34.094444
11_50_tips,85.0,1.0,0.2071763591219999,0.0423021425989996,50,,FastME,4.055130243301392,,2.0,300,Cherry,2026-09-18T12:00:34.094444
3_50_tips,12.0,0.1276595744680851,5.112344820000001,1.2274878626938572,50,,FastME,4.055130243301392,,2.0,300,Cherry,2026-09-18T12:00:34.094444
2_10_tips,2.0,0.1428571428571428,8.78505167,3.8833626386612616,10,,FastME,4.055130243301392,,2.0,300,Cherry,2026-09-18T12:00:34.094444
19_10_tips,4.0,0.2857142857142857,0.09871844,0.0477597406333975,10,,FastME,4.055130243301392,,2.0,300,Cherry,2026-09-18T12:00:34.094444
16_100_tips,38.0,0.1958762886597938,15.959322254000003,2.9416726568893985,100,,FastME,4.055130243301392,,2.0,300,Cherry,2026-09-18T12:00:34.094444
0_20_tips,2.0,0.0588235294117647,1.5840239699999998,0.5708301507631621,20,,FastME,4.055130243301392,,2.0,300,Cherry,2026-09-18T12:00:34.094444
0_10_tips,4.0,0.2857142857142857,5.882315950000001,2.799859874725026,10,,FastME,4.055130243301392,,2.0,300,Cherry,2026-09-18T12:00:34.094444
8_100_tips,22.0,0.1134020618556701,11.103895960000004,2.266209764686565,100,,FastME,4.055130243301392,,2.0,300,Cherry,2026-09-18T12:00:34.094444
4_50_tips,16.0,0.1702127659574468,6.111388894000002,1.3126247840548115,50,,FastME,4.055130243301392,,2.0,300,Cherry,2026-09-18T12:00:34.094444
8_50_tips,92.0,1.0,0.6350153034000001,0.1091101129230644,50,,FastME,4.055130243301392,,2.0,300,Cherry,2026-09-18T12:00:34.094444
10_200_tips,62.0,0.1573604060913705,65.63470437699999,11.483530822208843,200,,FastME,4.055130243301392,,2.0,300,Cherry,2026-09-18T12:00:34.094444
2_200_tips,88.0,0.2233502538071066,10.613046330999987,1.916243119597656,200,,FastME,4.055130243301392,,2.0,300,Cherry,2026-09-18T12:00:34.094444
10_20_tips,33.0,1.0,0.16139708843,0.0480036041064597,20,,FastME,4.055130243301392,,2.0,300,Cherry,2026-09-18T12:00:34.094444
6_100_tips,34.0,0.1752577319587628,4.0055554652000005,0.7342723386023325,100,,FastME,4.055130243301392,,2.0,300,Cherry,2026-09-18T12:00:34.094444
2_20_tips,12.0,0.3529411764705882,4.81839529,1.7916068995706242,20,,FastME,4.055130243301392,,2.0,300,Cherry,2026-09-18T12:00:34.094444
15_20_tips,4.0,0.1176470588235294,3.2528777900000008,1.3350825833652529,20,,FastME,4.055130243301392,,2.0,300,Cherry,2026-09-18T12:00:34.094444
3_200_tips,385.0,1.0,3.4968569636400013,0.3724805078230574,200,,FastME,4.055130243301392,,2.0,300,Cherry,2026-09-18T12:00:34.094444
1_50_tips,93.0,1.0,0.6987201520000003,0.1185688559363204,50,,FastME,4.055130243301392,,2.0,300,Cherry,2026-09-18T12:00:34.094444
17_100_tips,193.0,1.0,5.014685417600003,0.6647621342837745,100,,FastME,4.055130243301392,,2.0,300,Cherry,2026-09-18T12:00:34.094444
6_50_tips,8.0,0.0851063829787234,2.18680426,0.5638848200614218,50,,FastME,4.055130243301392,,2.0,300,Cherry,2026-09-18T12:00:34.094444
17_200_tips,70.0,0.1776649746192893,18.54667688000001,2.4777539779196065,200,,FastME,4.055130243301392,,2.0,300,Cherry,2026-09-18T12:00:34.094444
13_20_tips,0.0,0.0,0.94663648,0.3100281390914805,20,,FastME,4.055130243301392,,2.0,300,Cherry,2026-09-18T12:00:34.094444
18_50_tips,20.0,0.2127659574468085,1.1628347339999998,0.2782300629843039,50,,FastME,4.055130243301392,,2.0,300,Cherry,2026-09-18T12:00:34.094444
11_100_tips,193.0,1.0,24.438776136000016,4.324986921633388,100,,FastME,4.055130243301392,,2.0,300,Cherry,2026-09-18T12:00:34.094444
15_200_tips,392.0,1.0,16.78611941818,1.7540751234841268,200,,FastME,4.055130243301392,,2.0,300,Cherry,2026-09-18T12:00:34.094444
9_100_tips,28.0,0.1443298969072164,4.977579390000001,0.9108812382411504,100,,FastME,4.055130243301392,,2.0,300,Cherry,2026-09-18T12:00:34.094444
6_10_tips,0.0,0.0,0.6835262400000001,0.2998216366042198,10,,FastME,4.055130243301392,,2.0,300,Cherry,2026-09-18T12:00:34.094444
10_50_tips,12.0,0.1276595744680851,9.440325010000002,2.956284498472416,50,,FastME,4.055130243301392,,2.0,300,Cherry,2026-09-18T12:00:34.094444
1_20_tips,8.0,0.2352941176470588,10.262117799999997,2.707904480623138,20,,FastME,4.055130243301392,,2.0,300,Cherry,2026-09-18T12:00:34.094444
7_200_tips,74.0,0.1878172588832487,14.622947662,2.42743254231646,200,,FastME,4.055130243301392,,2.0,300,Cherry,2026-09-18T12:00:34.094444
18_20_tips,6.0,0.1764705882352941,7.7557868600000015,2.9226032550986707,20,,FastME,4.055130243301392,,2.0,300,Cherry,2026-09-18T12:00:34.094444
6_200_tips,70.0,0.1776649746192893,9.32017883,1.1365829810166554,200,,FastME,4.055130243301392,,2.0,300,Cherry,2026-09-18T12:00:34.094444
4_100_tips,192.0,1.0,12.894090622000006,1.7054135620191326,100,,FastME,4.055130243301392,,2.0,300,Cherry,2026-09-18T12:00:34.094444
5_50_tips,8.0,0.0851063829787234,0.8425317500000002,0.174265910160468,50,,FastME,4.055130243301392,,2.0,300,Cherry,2026-09-18T12:00:34.094444
16_50_tips,6.0,0.0638297872340425,7.543518629999999,1.6581454126486024,50,,FastME,4.055130243301392,,2.0,300,Cherry,2026-09-18T12:00:34.094444
5_200_tips,392.0,1.0,18.931496187780013,2.5670745767403367,200,,FastME,4.055130243301392,,2.0,300,Cherry,2026-09-18T12:00:34.094444
15_10_tips,0.0,0.0,2.3352407700000004,1.2012336576807752,10,,FastME,4.055130243301392,,2.0,300,Cherry,2026-09-18T12:00:34.094444
1_200_tips,42.0,0.1065989847715736,13.541689790000005,1.5812935184639014,200,,FastME,4.055130243301392,,2.0,300,Cherry,2026-09-18T12:00:34.094444
0_100_tips,190.0,1.0,8.814189392600001,1.3691490316235468,100,,FastME,4.055130243301392,,2.0,300,Cherry,2026-09-18T12:00:34.094444
12_100_tips,193.0,1.0,11.372178706000003,1.446637394762444,100,,FastME,4.055130243301392,,2.0,300,Cherry,2026-09-18T12:00:34.094444
3_100_tips,26.0,0.134020618556701,9.491603684,1.7750401519782066,100,,FastME,4.055130243301392,,2.0,300,Cherry,2026-09-18T12:00:34.094444
0_50_tips,2.0,0.0212765957446808,4.22791635,1.144535902180661,50,,FastME,4.055130243301392,,2.0,300,Cherry,2026-09-18T12:00:34.094444
4_200_tips,392.0,1.0,26.3394995426,2.90773358970993,200,,FastME,4.055130243301392,,2.0,300,Cherry,2026-09-18T12:00:34.094444
12_10_tips,0.0,0.0,2.1562612000000003,0.9133982727178664,10,,FastME,4.055130243301392,,2.0,300,Cherry,2026-09-18T12:00:34.094444
2_100_tips,46.0,0.2371134020618556,4.746028506000003,0.8113431950690325,100,,FastME,4.055130243301392,,2.0,300,Cherry,2026-09-18T12:00:34.094444
17_10_tips,0.0,0.0,0.58143035,0.2659221185901938,10,,FastME,4.055130243301392,,2.0,300,Cherry,2026-09-18T12:00:34.094444
1_100_tips,192.0,1.0,23.132421510000004,3.8853657978928258,100,,FastME,4.055130243301392,,2.0,300,Cherry,2026-09-18T12:00:34.094444
5_100_tips,192.0,1.0,1.6729548303399997,0.2144104840857408,100,,FastME,4.055130243301392,,2.0,300,Cherry,2026-09-18T12:00:34.094444
10_10_tips,2.0,0.1428571428571428,1.6061249100000003,0.8369392295896411,10,,FastME,4.055130243301392,,2.0,300,Cherry,2026-09-18T12:00:34.094444
9_20_tips,6.0,0.1764705882352941,20.64908446,7.175586330381103,20,,FastME,4.055130243301392,,2.0,300,Cherry,2026-09-18T12:00:34.094444
8_200_tips,393.0,1.0,43.88326636499996,6.9042161937479785,200,,FastME,4.055130243301392,,2.0,300,Cherry,2026-09-18T12:00:34.094444
12_20_tips,2.0,0.0588235294117647,1.0676276000000002,0.4795881137573847,20,,FastME,4.055130243301392,,2.0,300,Cherry,2026-09-18T12:00:34.094444
11_20_tips,4.0,0.1176470588235294,10.292969400000002,4.256452806425328,20,,FastME,4.055130243301392,,2.0,300,Cherry,2026-09-18T12:00:34.094444
7_10_tips,0.0,0.0,2.92029385,1.4239488916570218,10,,FastME,4.055130243301392,,2.0,300,Cherry,2026-09-18T12:00:34.094444
15_50_tips,86.0,1.0,0.2329809270599999,0.0382626462986219,50,,FastME,4.055130243301392,,2.0,300,Cherry,2026-09-18T12:00:34.094444
17_20_tips,10.0,0.2941176470588235,8.40098245,2.6359406890521435,20,,FastME,4.055130243301392,,2.0,300,Cherry,2026-09-18T12:00:34.094444
3_10_tips,0.0,0.0,0.6156187799999999,0.3133002746199058,10,,FastME,4.055130243301392,,2.0,300,Cherry,2026-09-18T12:00:34.094444
12_50_tips,93.0,1.0,0.17080532478,0.0342039228652451,50,,FastME,4.055130243301392,,2.0,300,Cherry,2026-09-18T12:00:34.094444
4_20_tips,4.0,0.1176470588235294,3.3855602400000007,1.7736440725167475,20,,FastME,4.055130243301392,,2.0,300,Cherry,2026-09-18T12:00:34.094444
16_200_tips,391.0,1.0,16.5193010504,1.4420557115839334,200,,FastME,4.055130243301392,,2.0,300,Cherry,2026-09-18T12:00:34.094444
11_10_tips,0.0,0.0,1.07281718,0.5164281467672936,10,,FastME,4.055130243301392,,2.0,300,Cherry,2026-09-18T12:00:34.094444
3_20_tips,0.0,0.0,4.99488533,1.751505466497173,20,,FastME,4.055130243301392,,2.0,300,Cherry,2026-09-18T12:00:34.094444
16_20_tips,4.0,0.1176470588235294,1.78129649,0.7825965738624655,20,,FastME,4.055130243301392,,2.0,300,Cherry,2026-09-18T12:00:34.094444
13_200_tips,393.0,1.0,43.341038176000005,4.031331465703757,200,,FastME,4.055130243301392,,2.0,300,Cherry,2026-09-18T12:00:34.094444
13_100_tips,62.0,0.3195876288659793,2.800477400000001,0.6486304564009665,100,,FastME,4.055130243301392,,2.0,300,Cherry,2026-09-18T12:00:34.094444
1_10_tips,2.0,0.1428571428571428,1.2924249600000004,0.8907539044390382,10,,FastME,4.055130243301392,,2.0,300,Cherry,2026-09-18T12:00:34.094444
14_100_tips,12.0,0.0618556701030927,7.239728409999999,1.1758764696581985,100,,FastME,4.055130243301392,,2.0,300,Cherry,2026-09-18T12:00:34.094444
14_50_tips,12.0,0.1276595744680851,15.78663162,3.512704605131676,50,,FastME,4.055130243301392,,2.0,300,Cherry,2026-09-18T12:00:34.094444
14_10_tips,2.0,0.1428571428571428,2.04112045,1.2039680018406451,10,,FastME,4.055130243301392,,2.0,300,Cherry,2026-09-18T12:00:34.094444
18_10_tips,4.0,0.2857142857142857,4.68859073,2.6614812928722817,10,,FastME,4.055130243301392,,2.0,300,Cherry,2026-09-18T12:00:34.094444
16_10_tips,0.0,0.0,0.5695661599999998,0.3660254050184451,10,,FastME,4.055130243301392,,2.0,300,Cherry,2026-09-18T12:00:34.094444
12_200_tips,56.0,0.1421319796954314,7.478436438599999,0.9449997092567946,200,,FastME,4.055130243301392,,2.0,300,Cherry,2026-09-18T12:00:34.094444
17_50_tips,16.0,0.1702127659574468,1.2012698919999996,0.3083712487004917,50,,FastME,4.055130243301392,,2.0,300,Cherry,2026-09-18T12:00:34.094444
2_50_tips,16.0,0.1702127659574468,13.233193469999998,2.801490109467096,50,,FastME,4.055130243301392,,2.0,300,Cherry,2026-09-18T12:00:34.094444
14_20_tips,6.0,0.1764705882352941,5.59973861,4.110820309404819,20,,FastME,4.055130243301392,,2.0,300,Cherry,2026-09-18T12:00:34.094444
19_100_tips,22.0,0.1134020618556701,5.596104625999997,0.9297720680215558,100,,FastME,4.055130243301392,,2.0,300,Cherry,2026-09-18T12:00:34.094444
5_10_tips,0.0,0.0,1.7062292299999997,1.0649533780984632,10,,FastME,4.055130243301392,,2.0,300,Cherry,2026-09-18T12:00:34.094444
7_100_tips,40.0,0.2061855670103092,5.673410679999999,1.107995107365592,100,,FastME,4.055130243301392,,2.0,300,Cherry,2026-09-18T12:00:34.094444
15_100_tips,191.0,1.0,2.0395954459999994,0.3240243235953054,100,,FastME,4.055130243301392,,2.0,300,Cherry,2026-09-18T12:00:34.094444
14_200_tips,46.0,0.116751269035533,29.36006471875999,3.346523474995089,200,,FastME,4.055130243301392,,2.0,300,Cherry,2026-09-18T12:00:34.094444
13_50_tips,6.0,0.0638297872340425,6.560477310000001,1.7419851433525226,50,,FastME,4.055130243301392,,2.0,300,Cherry,2026-09-18T12:00:34.094444
4_10_tips,2.0,0.1428571428571428,1.442343152,0.6968409014456018,10,,FastME,4.055130243301392,,2.0,300,Cherry,2026-09-18T12:00:34.094444
18_100_tips,38.0,0.1958762886597938,14.423478919999996,2.726804676459877,100,,FastME,4.055130243301392,,2.0,300,Cherry,2026-09-18T12:00:34.094444
9_50_tips,14.0,0.1489361702127659,1.9524817438,0.5191206079896333,50,,FastME,4.055130243301392,,2.0,300,Cherry,2026-09-18T12:00:34.094444
10_100_tips,24.0,0.1237113402061855,12.408372222,1.966940703221132,100,,FastME,4.055130243301392,,2.0,300,Cherry,2026-09-18T12:00:34.094444
0_200_tips,392.0,1.0,29.716232962399992,3.804823093657315,200,,FastME,4.055130243301392,,2.0,300,Cherry,2026-09-18T12:00:34.094444
4_10_tips,0.0,0.0,15.782663649999996,12.672235588094486,10,,Phyloformer,336.40900802612305,,4.0,300,Cherry,2026-09-19T04:55:13.877893
14_10_tips,4.0,0.2857142857142857,22.39266595,14.196184636698824,10,,Phyloformer,336.40900802612305,,4.0,300,Cherry,2026-09-19T04:55:13.877893
5_10_tips,0.0,0.0,13.89675265,9.280116846011456,10,,Phyloformer,336.40900802612305,,4.0,300,Cherry,2026-09-19T04:55:13.877893
6_20_tips,10.0,0.2941176470588235,35.20183673,10.730306371249377,20,,Phyloformer,336.40900802612305,,4.0,300,Cherry,2026-09-19T04:55:13.877893
15_10_tips,0.0,0.0,4.17950696,2.2307189467046014,10,,Phyloformer,336.40900802612305,,4.0,300,Cherry,2026-09-19T04:55:13.877893
5_20_tips,8.0,0.2352941176470588,12.65650625,4.187695737648216,20,,Phyloformer,336.40900802612305,,4.0,300,Cherry,2026-09-19T04:55:13.877893
13_10_tips,0.0,0.0,3.7752125,1.8747949509741453,10,,Phyloformer,336.40900802612305,,4.0,300,Cherry,2026-09-19T04:55:13.877893
2_10_tips,2.0,0.1428571428571428,1.16590856,0.4689967896598448,10,,Phyloformer,336.40900802612305,,4.0,300,Cherry,2026-09-19T04:55:13.877893
19_50_tips,14.0,0.1489361702127659,31.449841368,8.127102516181615,50,,Phyloformer,336.40900802612305,,4.0,300,Cherry,2026-09-19T04:55:13.877893
6_50_tips,18.0,0.1914893617021276,25.257595440000003,6.843477661294701,50,,Phyloformer,336.40900802612305,,4.0,300,Cherry,2026-09-19T04:55:13.877893
6_10_tips,0.0,0.0,0.4279539300000001,0.1919421464896615,10,,Phyloformer,336.40900802612305,,4.0,300,Cherry,2026-09-19T04:55:13.877893
19_10_tips,4.0,0.2857142857142857,53.57069311,25.00629102649351,10,,Phyloformer,336.40900802612305,,4.0,300,Cherry,2026-09-19T04:55:13.877893
1_20_tips,8.0,0.2352941176470588,75.82889862,32.65529299308527,20,,Phyloformer,336.40900802612305,,4.0,300,Cherry,2026-09-19T04:55:13.877893
16_20_tips,6.0,0.1764705882352941,56.88522257,21.853042372941303,20,,Phyloformer,336.40900802612305,,4.0,300,Cherry,2026-09-19T04:55:13.877893
15_50_tips,18.0,0.1914893617021276,0.6238744488,0.1314940530912191,50,,Phyloformer,336.40900802612305,,4.0,300,Cherry,2026-09-19T04:55:13.877893
19_20_tips,2.0,0.0588235294117647,9.693163686000002,3.119950337891942,20,,Phyloformer,336.40900802612305,,4.0,300,Cherry,2026-09-19T04:55:13.877893
18_50_tips,18.0,0.1914893617021276,0.905273519,0.2042939068660722,50,,Phyloformer,336.40900802612305,,4.0,300,Cherry,2026-09-19T04:55:13.877893
18_20_tips,10.0,0.2941176470588235,30.66713847,11.601675467093983,20,,Phyloformer,336.40900802612305,,4.0,300,Cherry,2026-09-19T04:55:13.877893
10_20_tips,0.0,0.0,5.77335163,2.445657203871353,20,,Phyloformer,336.40900802612305,,4.0,300,Cherry,2026-09-19T04:55:13.877893
15_20_tips,6.0,0.1764705882352941,19.26254649,6.889717722971778,20,,Phyloformer,336.40900802612305,,4.0,300,Cherry,2026-09-19T04:55:13.877893
4_20_tips,4.0,0.1176470588235294,16.72738119,5.8959061511844855,20,,Phyloformer,336.40900802612305,,4.0,300,Cherry,2026-09-19T04:55:13.877893
8_20_tips,2.0,0.0588235294117647,6.80521251,2.3479249650460683,20,,Phyloformer,336.40900802612305,,4.0,300,Cherry,2026-09-19T04:55:13.877893
2_20_tips,4.0,0.1176470588235294,15.1026621,4.535630645560091,20,,Phyloformer,336.40900802612305,,4.0,300,Cherry,2026-09-19T04:55:13.877893
0_20_tips,2.0,0.0588235294117647,14.004785549999998,8.587958555158782,20,,Phyloformer,336.40900802612305,,4.0,300,Cherry,2026-09-19T04:55:13.877893
9_50_tips,44.0,0.4680851063829787,0.3628866720000001,0.1218888090589541,50,,Phyloformer,336.40900802612305,,4.0,300,Cherry,2026-09-19T04:55:13.877893
16_10_tips,0.0,0.0,0.40587659,0.2777694761849208,10,,Phyloformer,336.40900802612305,,4.0,300,Cherry,2026-09-19T04:55:13.877893
16_50_tips,38.0,0.4042553191489361,149.40554662000005,35.283869017966765,50,,Phyloformer,336.40900802612305,,4.0,300,Cherry,2026-09-19T04:55:13.877893
14_20_tips,16.0,0.4705882352941176,73.42805621000002,21.927009968156025,20,,Phyloformer,336.40900802612305,,4.0,300,Cherry,2026-09-19T04:55:13.877893
12_20_tips,4.0,0.1176470588235294,26.1407368,11.280355919598682,20,,Phyloformer,336.40900802612305,,4.0,300,Cherry,2026-09-19T04:55:13.877893
5_50_tips,22.0,0.2340425531914893,24.422092498,5.544541934388202,50,,Phyloformer,336.40900802612305,,4.0,300,Cherry,2026-09-19T04:55:13.877893
12_50_tips,14.0,0.1489361702127659,4.994225508,2.360620568715112,50,,Phyloformer,336.40900802612305,,4.0,300,Cherry,2026-09-19T04:55:13.877893
1_10_tips,0.0,0.0,15.22516936,10.401291113213572,10,,Phyloformer,336.40900802612305,,4.0,300,Cherry,2026-09-19T04:55:13.877893
7_10_tips,0.0,0.0,5.497374839999999,2.4348839498642407,10,,Phyloformer,336.40900802612305,,4.0,300,Cherry,2026-09-19T04:55:13.877893
7_20_tips,2.0,0.0588235294117647,7.010572249999999,2.535335406937031,20,,Phyloformer,336.40900802612305,,4.0,300,Cherry,2026-09-19T04:55:13.877893
1_50_tips,20.0,0.2127659574468085,70.66097855999999,19.389930182127383,50,,Phyloformer,336.40900802612305,,4.0,300,Cherry,2026-09-19T04:55:13.877893
13_20_tips,2.0,0.0588235294117647,5.860067929999999,3.0918850694709152,20,,Phyloformer,336.40900802612305,,4.0,300,Cherry,2026-09-19T04:55:13.877893
0_50_tips,8.0,0.0851063829787234,19.273294810000003,4.964030173950492,50,,Phyloformer,336.40900802612305,,4.0,300,Cherry,2026-09-19T04:55:13.877893
3_20_tips,2.0,0.0588235294117647,9.07290612,5.705953794459593,20,,Phyloformer,336.40900802612305,,4.0,300,Cherry,2026-09-19T04:55:13.877893
18_10_tips,2.0,0.1428571428571428,49.35778718,25.358437553938906,10,,Phyloformer,336.40900802612305,,4.0,300,Cherry,2026-09-19T04:55:13.877893
11_20_tips,8.0,0.2352941176470588,32.51512889999999,13.52442978766872,20,,Phyloformer,336.40900802612305,,4.0,300,Cherry,2026-09-19T04:55:13.877893
11_50_tips,14.0,0.1489361702127659,29.2795931791,13.45330861343495,50,,Phyloformer,336.40900802612305,,4.0,300,Cherry,2026-09-19T04:55:13.877893
3_50_tips,2.0,0.0212765957446808,4.821121700000001,1.1527208787653984,50,,Phyloformer,336.40900802612305,,4.0,300,Cherry,2026-09-19T04:55:13.877893
2_50_tips,14.0,0.1489361702127659,13.24098086,3.523711469494568,50,,Phyloformer,336.40900802612305,,4.0,300,Cherry,2026-09-19T04:55:13.877893
8_50_tips,12.0,0.1276595744680851,30.8825236392,8.781877593165742,50,,Phyloformer,336.40900802612305,,4.0,300,Cherry,2026-09-19T04:55:13.877893
9_10_tips,2.0,0.1428571428571428,1.02009957,0.5486940541765044,10,,Phyloformer,336.40900802612305,,4.0,300,Cherry,2026-09-19T04:55:13.877893
3_10_tips,0.0,0.0,0.26322879,0.1165482099954139,10,,Phyloformer,336.40900802612305,,4.0,300,Cherry,2026-09-19T04:55:13.877893
0_10_tips,0.0,0.0,7.999014020000001,4.006074598852786,10,,Phyloformer,336.40900802612305,,4.0,300,Cherry,2026-09-19T04:55:13.877893
11_10_tips,4.0,0.2857142857142857,31.51110467,20.3949240013684,10,,Phyloformer,336.40900802612305,,4.0,300,Cherry,2026-09-19T04:55:13.877893
10_50_tips,8.0,0.0851063829787234,30.149814878,6.927422593557749,50,,Phyloformer,336.40900802612305,,4.0,300,Cherry,2026-09-19T04:55:13.877893
7_50_tips,22.0,0.2340425531914893,16.197967830000003,5.222318460846076,50,,Phyloformer,336.40900802612305,,4.0,300,Cherry,2026-09-19T04:55:13.877893
12_10_tips,0.0,0.0,0.5031904,0.2373727099793002,10,,Phyloformer,336.40900802612305,,4.0,300,Cherry,2026-09-19T04:55:13.877893
13_50_tips,4.0,0.0425531914893617,16.076789790000003,3.602370141514037,50,,Phyloformer,336.40900802612305,,4.0,300,Cherry,2026-09-19T04:55:13.877893
4_50_tips,32.0,0.3404255319148936,82.88111751999998,23.156531825794936,50,,Phyloformer,336.40900802612305,,4.0,300,Cherry,2026-09-19T04:55:13.877893
17_20_tips,2.0,0.0588235294117647,6.17821604,2.1732981417192327,20,,Phyloformer,336.40900802612305,,4.0,300,Cherry,2026-09-19T04:55:13.877893
14_50_tips,16.0,0.1702127659574468,47.037794318,11.67513189739743,50,,Phyloformer,336.40900802612305,,4.0,300,Cherry,2026-09-19T04:55:13.877893
8_10_tips,2.0,0.1428571428571428,5.48197377,3.414431576936012,10,,Phyloformer,336.40900802612305,,4.0,300,Cherry,2026-09-19T04:55:13.877893
17_50_tips,18.0,0.1914893617021276,15.414370180000002,3.238545968424664,50,,Phyloformer,336.40900802612305,,4.0,300,Cherry,2026-09-19T04:55:13.877893
9_20_tips,2.0,0.0588235294117647,6.159317839999999,2.20486086712884,20,,Phyloformer,336.40900802612305,,4.0,300,Cherry,2026-09-19T04:55:13.877893
17_10_tips,2.0,0.1428571428571428,33.34986171,24.37604386224566,10,,Phyloformer,336.40900802612305,,4.0,300,Cherry,2026-09-19T04:55:13.877893
10_10_tips,4.0,0.2857142857142857,3.4775743300000004,1.6977002729471045,10,,Phyloformer,336.40900802612305,,4.0,300,Cherry,2026-09-19T04:55:13.877893
14_10_tips,6.0,0.4285714285714285,18.4730183101,10.82502308797642,10,,IQ-TREE,5710.070022583008,,4.0,300,Cherry,2026-09-19T04:55:13.877893
6_100_tips,22.0,0.1134020618556701,11.362747096699994,1.769227704416987,100,,IQ-TREE,5710.070022583008,,4.0,300,Cherry,2026-09-19T04:55:13.877893
6_20_tips,8.0,0.2352941176470588,25.58042185,7.762191476207689,20,,IQ-TREE,5710.070022583008,,4.0,300,Cherry,2026-09-19T04:55:13.877893
13_100_tips,122.0,0.6288659793814433,0.2899677699599984,0.0471130833824506,100,,IQ-TREE,5710.070022583008,,4.0,300,Cherry,2026-09-19T04:55:13.877893
9_100_tips,32.0,0.1649484536082474,13.357372041200003,2.4546201188688808,100,,IQ-TREE,5710.070022583008,,4.0,300,Cherry,2026-09-19T04:55:13.877893
15_10_tips,0.0,0.0,3.2864769823,1.642905573974672,10,,IQ-TREE,5710.070022583008,,4.0,300,Cherry,2026-09-19T04:55:13.877893
19_50_tips,18.0,0.1914893617021276,23.2802464627,5.209224483122863,50,,IQ-TREE,5710.070022583008,,4.0,300,Cherry,2026-09-19T04:55:13.877893
18_200_tips,84.0,0.2131979695431472,6.6167605361,1.0615150591022606,200,,IQ-TREE,5710.070022583008,,4.0,300,Cherry,2026-09-19T04:55:13.877893
16_100_tips,104.0,0.5360824742268041,0.4954042370999987,0.0819793198587249,100,,IQ-TREE,5710.070022583008,,4.0,300,Cherry,2026-09-19T04:55:13.877893
4_10_tips,4.0,0.2857142857142857,13.701931526399996,9.3609575921903,10,,IQ-TREE,5710.070022583008,,4.0,300,Cherry,2026-09-19T04:55:13.877893
17_200_tips,102.0,0.2588832487309644,5.2281775610000025,0.7452457293124445,200,,IQ-TREE,5710.070022583008,,4.0,300,Cherry,2026-09-19T04:55:13.877893
19_10_tips,10.0,0.7142857142857143,74.67770909789999,28.885500889851752,10,,IQ-TREE,5710.070022583008,,4.0,300,Cherry,2026-09-19T04:55:13.877893
15_50_tips,18.0,0.1914893617021276,0.5859056366000003,0.1219631058997851,50,,IQ-TREE,5710.070022583008,,4.0,300,Cherry,2026-09-19T04:55:13.877893
5_200_tips,54.0,0.1370558375634517,8.255901562519984,1.1986001437820064,200,,IQ-TREE,5710.070022583008,,4.0,300,Cherry,2026-09-19T04:55:13.877893
2_200_tips,74.0,0.1878172588832487,10.87187000959999,1.5842371613295445,200,,IQ-TREE,5710.070022583008,,4.0,300,Cherry,2026-09-19T04:55:13.877893
1_200_tips,34.0,0.0862944162436548,16.909671674800006,1.778374597524807,200,,IQ-TREE,5710.070022583008,,4.0,300,Cherry,2026-09-19T04:55:13.877893
5_10_tips,4.0,0.2857142857142857,10.789784227,6.498280283616481,10,,IQ-TREE,5710.070022583008,,4.0,300,Cherry,2026-09-19T04:55:13.877893
5_20_tips,8.0,0.2352941176470588,11.382228873700004,4.775711760055122,20,,IQ-TREE,5710.070022583008,,4.0,300,Cherry,2026-09-19T04:55:13.877893
13_10_tips,0.0,0.0,2.8790643,1.398354425878776,10,,IQ-TREE,5710.070022583008,,4.0,300,Cherry,2026-09-19T04:55:13.877893
1_100_tips,40.0,0.2061855670103092,57.25716648229998,9.703971890336872,100,,IQ-TREE,5710.070022583008,,4.0,300,Cherry,2026-09-19T04:55:13.877893
19_20_tips,2.0,0.0588235294117647,6.8210218432000005,2.034150436498616,20,,IQ-TREE,5710.070022583008,,4.0,300,Cherry,2026-09-19T04:55:13.877893
19_200_tips,48.0,0.1218274111675127,10.000334584299983,1.2298030407734866,200,,IQ-TREE,5710.070022583008,,4.0,300,Cherry,2026-09-19T04:55:13.877893
2_100_tips,36.0,0.1855670103092783,3.999712034400001,0.724736334075072,100,,IQ-TREE,5710.070022583008,,4.0,300,Cherry,2026-09-19T04:55:13.877893
2_10_tips,2.0,0.1428571428571428,0.9325286896,0.4042595330759931,10,,IQ-TREE,5710.070022583008,,4.0,300,Cherry,2026-09-19T04:55:13.877893
13_200_tips,58.0,0.1472081218274111,18.26904594370001,2.7238651247351235,200,,IQ-TREE,5710.070022583008,,4.0,300,Cherry,2026-09-19T04:55:13.877893
18_20_tips,18.0,0.5294117647058824,29.51946536279999,9.099941390535776,20,,IQ-TREE,5710.070022583008,,4.0,300,Cherry,2026-09-19T04:55:13.877893
15_20_tips,2.0,0.0588235294117647,13.942471704900004,4.935733838654126,20,,IQ-TREE,5710.070022583008,,4.0,300,Cherry,2026-09-19T04:55:13.877893
5_100_tips,18.0,0.0927835051546391,22.91113224659999,3.65612048637554,100,,IQ-TREE,5710.070022583008,,4.0,300,Cherry,2026-09-19T04:55:13.877893
6_50_tips,16.0,0.1702127659574468,18.437253287,4.425901312529806,50,,IQ-TREE,5710.070022583008,,4.0,300,Cherry,2026-09-19T04:55:13.877893
6_10_tips,0.0,0.0,0.3514037243,0.1532225914533837,10,,IQ-TREE,5710.070022583008,,4.0,300,Cherry,2026-09-19T04:55:13.877893
1_20_tips,6.0,0.1764705882352941,54.2702084455,26.36691045646776,20,,IQ-TREE,5710.070022583008,,4.0,300,Cherry,2026-09-19T04:55:13.877893
0_100_tips,22.0,0.1134020618556701,4.715948474900001,0.8404089040762696,100,,IQ-TREE,5710.070022583008,,4.0,300,Cherry,2026-09-19T04:55:13.877893
16_20_tips,12.0,0.3529411764705882,50.59550076910001,18.4827776709855,20,,IQ-TREE,5710.070022583008,,4.0,300,Cherry,2026-09-19T04:55:13.877893
3_100_tips,16.0,0.0824742268041237,13.454485410299991,2.6848065144081703,100,,IQ-TREE,5710.070022583008,,4.0,300,Cherry,2026-09-19T04:55:13.877893
18_50_tips,16.0,0.1702127659574468,0.8553389507000002,0.1899385291776465,50,,IQ-TREE,5710.070022583008,,4.0,300,Cherry,2026-09-19T04:55:13.877893
10_20_tips,0.0,0.0,4.6335806869,1.9475023314358864,20,,IQ-TREE,5710.070022583008,,4.0,300,Cherry,2026-09-19T04:55:13.877893
4_100_tips,32.0,0.1649484536082474,4.215277003400001,0.8957531468337135,100,,IQ-TREE,5710.070022583008,,4.0,300,Cherry,2026-09-19T04:55:13.877893
9_200_tips,26.0,0.065989847715736,17.776698725,2.000997189424802,200,,IQ-TREE,5710.070022583008,,4.0,300,Cherry,2026-09-19T04:55:13.877893
8_20_tips,2.0,0.0588235294117647,5.2347867669,1.675876962015701,20,,IQ-TREE,5710.070022583008,,4.0,300,Cherry,2026-09-19T04:55:13.877893
9_50_tips,36.0,0.3829787234042553,0.3579610454999997,0.1175107968818514,50,,IQ-TREE,5710.070022583008,,4.0,300,Cherry,2026-09-19T04:55:13.877893
16_10_tips,0.0,0.0,0.3785543488999999,0.2512060150301949,10,,IQ-TREE,5710.070022583008,,4.0,300,Cherry,2026-09-19T04:55:13.877893
12_100_tips,16.0,0.0824742268041237,7.7563536209000015,1.3001388767260516,100,,IQ-TREE,5710.070022583008,,4.0,300,Cherry,2026-09-19T04:55:13.877893
14_20_tips,20.0,0.5882352941176471,71.14802801740001,17.272654856008582,20,,IQ-TREE,5710.070022583008,,4.0,300,Cherry,2026-09-19T04:55:13.877893
0_200_tips,62.0,0.1573604060913705,79.1147350781,9.825934456317508,200,,IQ-TREE,5710.070022583008,,4.0,300,Cherry,2026-09-19T04:55:13.877893
4_20_tips,4.0,0.1176470588235294,10.667782699299998,3.963486948857303,20,,IQ-TREE,5710.070022583008,,4.0,300,Cherry,2026-09-19T04:55:13.877893
15_200_tips,34.0,0.0862944162436548,14.785397096099995,2.215976437839517,200,,IQ-TREE,5710.070022583008,,4.0,300,Cherry,2026-09-19T04:55:13.877893
5_50_tips,22.0,0.2340425531914893,17.3928519049,3.588052237214814,50,,IQ-TREE,5710.070022583008,,4.0,300,Cherry,2026-09-19T04:55:13.877893
7_20_tips,0.0,0.0,5.5864048641,1.9582532824006007,20,,IQ-TREE,5710.070022583008,,4.0,300,Cherry,2026-09-19T04:55:13.877893
8_200_tips,36.0,0.0913705583756345,6.455128563900002,0.9070747102687702,200,,IQ-TREE,5710.070022583008,,4.0,300,Cherry,2026-09-19T04:55:13.877893
2_20_tips,0.0,0.0,11.009656013,3.292549854888348,20,,IQ-TREE,5710.070022583008,,4.0,300,Cherry,2026-09-19T04:55:13.877893
10_200_tips,50.0,0.1269035532994923,36.49073362419998,6.236624777953662,200,,IQ-TREE,5710.070022583008,,4.0,300,Cherry,2026-09-19T04:55:13.877893
15_100_tips,26.0,0.134020618556701,13.317014142499993,2.4277982136629706,100,,IQ-TREE,5710.070022583008,,4.0,300,Cherry,2026-09-19T04:55:13.877893
0_20_tips,8.0,0.2352941176470588,8.4365139942,3.848221902626461,20,,IQ-TREE,5710.070022583008,,4.0,300,Cherry,2026-09-19T04:55:13.877893
0_50_tips,16.0,0.1702127659574468,13.4173647932,3.089288132564279,50,,IQ-TREE,5710.070022583008,,4.0,300,Cherry,2026-09-19T04:55:13.877893
11_20_tips,8.0,0.2352941176470588,13.971463287200002,5.232844814974321,20,,IQ-TREE,5710.070022583008,,4.0,300,Cherry,2026-09-19T04:55:13.877893
16_50_tips,40.0,0.425531914893617,152.16243915609996,33.196210150642834,50,,IQ-TREE,5710.070022583008,,4.0,300,Cherry,2026-09-19T04:55:13.877893
12_20_tips,8.0,0.2352941176470588,17.4375794788,6.28292006021884,20,,IQ-TREE,5710.070022583008,,4.0,300,Cherry,2026-09-19T04:55:13.877893
3_50_tips,4.0,0.0425531914893617,4.068530995600001,0.9159971986400643,50,,IQ-TREE,5710.070022583008,,4.0,300,Cherry,2026-09-19T04:55:13.877893
7_100_tips,126.0,0.6494845360824743,0.21199085842,0.0340042932207414,100,,IQ-TREE,5710.070022583008,,4.0,300,Cherry,2026-09-19T04:55:13.877893
8_50_tips,22.0,0.2340425531914893,21.486930268600013,4.83112187495753,50,,IQ-TREE,5710.070022583008,,4.0,300,Cherry,2026-09-19T04:55:13.877893
3_10_tips,0.0,0.0,0.2320218064999999,0.1043766002979468,10,,IQ-TREE,5710.070022583008,,4.0,300,Cherry,2026-09-19T04:55:13.877893
18_100_tips,32.0,0.1649484536082474,11.2217788836,2.1272024659609707,100,,IQ-TREE,5710.070022583008,,4.0,300,Cherry,2026-09-19T04:55:13.877893
0_10_tips,2.0,0.1428571428571428,4.883443854,2.1671704779171583,10,,IQ-TREE,5710.070022583008,,4.0,300,Cherry,2026-09-19T04:55:13.877893
11_10_tips,4.0,0.2857142857142857,25.6937730144,15.437620274732607,10,,IQ-TREE,5710.070022583008,,4.0,300,Cherry,2026-09-19T04:55:13.877893
3_200_tips,74.0,0.1878172588832487,14.226945109599974,2.4784336066830592,200,,IQ-TREE,5710.070022583008,,4.0,300,Cherry,2026-09-19T04:55:13.877893
11_100_tips,22.0,0.1134020618556701,20.622831741199995,3.51084284298528,100,,IQ-TREE,5710.070022583008,,4.0,300,Cherry,2026-09-19T04:55:13.877893
12_50_tips,12.0,0.1276595744680851,4.0676752697,1.435715795792896,50,,IQ-TREE,5710.070022583008,,4.0,300,Cherry,2026-09-19T04:55:13.877893
1_10_tips,2.0,0.1428571428571428,6.810775915000001,4.7333296366145685,10,,IQ-TREE,5710.070022583008,,4.0,300,Cherry,2026-09-19T04:55:13.877893
7_10_tips,6.0,0.4285714285714285,8.1538020314,3.308632722182748,10,,IQ-TREE,5710.070022583008,,4.0,300,Cherry,2026-09-19T04:55:13.877893
11_200_tips,32.0,0.0812182741116751,18.284446880500003,3.393788548608231,200,,IQ-TREE,5710.070022583008,,4.0,300,Cherry,2026-09-19T04:55:13.877893
7_50_tips,14.0,0.1489361702127659,10.9440113774,3.0601272249719167,50,,IQ-TREE,5710.070022583008,,4.0,300,Cherry,2026-09-19T04:55:13.877893
12_10_tips,0.0,0.0,0.4189929018999999,0.2005469256680631,10,,IQ-TREE,5710.070022583008,,4.0,300,Cherry,2026-09-19T04:55:13.877893
14_100_tips,42.0,0.2164948453608247,25.39240648309999,4.1116530810302,100,,IQ-TREE,5710.070022583008,,4.0,300,Cherry,2026-09-19T04:55:13.877893
4_50_tips,36.0,0.3829787234042553,88.93506727939997,23.98006419098834,50,,IQ-TREE,5710.070022583008,,4.0,300,Cherry,2026-09-19T04:55:13.877893
4_200_tips,42.0,0.1065989847715736,19.288325478700006,2.646657480716164,200,,IQ-TREE,5710.070022583008,,4.0,300,Cherry,2026-09-19T04:55:13.877893
10_100_tips,16.0,0.0824742268041237,7.730632553300001,1.4604077293059523,100,,IQ-TREE,5710.070022583008,,4.0,300,Cherry,2026-09-19T04:55:13.877893
1_50_tips,34.0,0.3617021276595745,65.3220420864,16.437062462098734,50,,IQ-TREE,5710.070022583008,,4.0,300,Cherry,2026-09-19T04:55:13.877893
13_20_tips,14.0,0.4117647058823529,5.4497127165000006,2.389689981674288,20,,IQ-TREE,5710.070022583008,,4.0,300,Cherry,2026-09-19T04:55:13.877893
3_20_tips,4.0,0.1176470588235294,6.776560754200002,3.5933246840213107,20,,IQ-TREE,5710.070022583008,,4.0,300,Cherry,2026-09-19T04:55:13.877893
18_10_tips,6.0,0.4285714285714285,51.2547817553,25.871213793774267,10,,IQ-TREE,5710.070022583008,,4.0,300,Cherry,2026-09-19T04:55:13.877893
11_50_tips,12.0,0.1276595744680851,24.6866450381,9.868542229781438,50,,IQ-TREE,5710.070022583008,,4.0,300,Cherry,2026-09-19T04:55:13.877893
2_50_tips,6.0,0.0638297872340425,9.625887255099997,2.587918623343388,50,,IQ-TREE,5710.070022583008,,4.0,300,Cherry,2026-09-19T04:55:13.877893
9_10_tips,0.0,0.0,0.7730340176,0.4292195953115728,10,,IQ-TREE,5710.070022583008,,4.0,300,Cherry,2026-09-19T04:55:13.877893
17_100_tips,16.0,0.0824742268041237,9.117308830799995,1.76271074064704,100,,IQ-TREE,5710.070022583008,,4.0,300,Cherry,2026-09-19T04:55:13.877893
12_200_tips,12.0,0.0304568527918781,36.93768632580002,3.9170387577483,200,,IQ-TREE,5710.070022583008,,4.0,300,Cherry,2026-09-19T04:55:13.877893
6_200_tips,64.0,0.1624365482233502,6.511588113100008,0.8754538605585711,200,,IQ-TREE,5710.070022583008,,4.0,300,Cherry,2026-09-19T04:55:13.877893
10_50_tips,4.0,0.0425531914893617,19.70303124459999,5.013764237324438,50,,IQ-TREE,5710.070022583008,,4.0,300,Cherry,2026-09-19T04:55:13.877893
7_200_tips,208.0,0.5279187817258884,0.7893431287000021,0.08730998851021,200,,IQ-TREE,5710.070022583008,,4.0,300,Cherry,2026-09-19T04:55:13.877893
17_20_tips,0.0,0.0,4.514482179100001,1.5541850674524351,20,,IQ-TREE,5710.070022583008,,4.0,300,Cherry,2026-09-19T04:55:13.877893
13_50_tips,2.0,0.0212765957446808,12.807136532700005,2.9406527703616137,50,,IQ-TREE,5710.070022583008,,4.0,300,Cherry,2026-09-19T04:55:13.877893
14_50_tips,32.0,0.3404255319148936,48.72127784199999,10.61286647799955,50,,IQ-TREE,5710.070022583008,,4.0,300,Cherry,2026-09-19T04:55:13.877893
8_10_tips,2.0,0.1428571428571428,3.7788468785,2.1077194411043108,10,,IQ-TREE,5710.070022583008,,4.0,300,Cherry,2026-09-19T04:55:13.877893
19_100_tips,24.0,0.1237113402061855,26.5372723737,5.075891272984604,100,,IQ-TREE,5710.070022583008,,4.0,300,Cherry,2026-09-19T04:55:13.877893
17_50_tips,8.0,0.0851063829787234,11.077306450699998,2.262736836344489,50,,IQ-TREE,5710.070022583008,,4.0,300,Cherry,2026-09-19T04:55:13.877893
8_100_tips,26.0,0.134020618556701,6.364252663200001,1.3331141586572983,100,,IQ-TREE,5710.070022583008,,4.0,300,Cherry,2026-09-19T04:55:13.877893
9_20_tips,0.0,0.0,4.8084901023,1.6474575582746531,20,,IQ-TREE,5710.070022583008,,4.0,300,Cherry,2026-09-19T04:55:13.877893
17_10_tips,4.0,0.2857142857142857,28.2927802844,18.585852699218044,10,,IQ-TREE,5710.070022583008,,4.0,300,Cherry,2026-09-19T04:55:13.877893
14_200_tips,48.0,0.1218274111675127,22.0213944962,3.172882014483239,200,,IQ-TREE,5710.070022583008,,4.0,300,Cherry,2026-09-19T04:55:13.877893
10_10_tips,4.0,0.2857142857142857,2.3172539836,1.0691848352574531,10,,IQ-TREE,5710.070022583008,,4.0,300,Cherry,2026-09-19T04:55:13.877893
16_200_tips,30.0,0.0761421319796954,11.36417303199999,1.4053096280723434,200,,IQ-TREE,5710.070022583008,,4.0,300,Cherry,2026-09-19T04:55:13.877893
14_10_tips,2.0,0.1428571428571428,16.98712132,11.87846782783025,10,,FastME,3.639386415481568,,4.0,300,Cherry,2026-09-19T04:55:13.877893
6_100_tips,24.0,0.1237113402061855,11.016181289999995,1.6878150307197837,100,,FastME,3.639386415481568,,4.0,300,Cherry,2026-09-19T04:55:13.877893
6_20_tips,0.0,0.0,22.605188810000005,7.852638841851338,20,,FastME,3.639386415481568,,4.0,300,Cherry,2026-09-19T04:55:13.877893
13_100_tips,124.0,0.6391752577319587,0.3303392756399997,0.0488959677663716,100,,FastME,3.639386415481568,,4.0,300,Cherry,2026-09-19T04:55:13.877893
9_100_tips,38.0,0.1958762886597938,13.613070677999994,2.503898136492804,100,,FastME,3.639386415481568,,4.0,300,Cherry,2026-09-19T04:55:13.877893
15_10_tips,0.0,0.0,3.11744687,1.5897794715333988,10,,FastME,3.639386415481568,,4.0,300,Cherry,2026-09-19T04:55:13.877893
19_50_tips,14.0,0.1489361702127659,26.481830578,6.992316824245885,50,,FastME,3.639386415481568,,4.0,300,Cherry,2026-09-19T04:55:13.877893
18_200_tips,98.0,0.248730964467005,6.742487295599996,1.037270093737095,200,,FastME,3.639386415481568,,4.0,300,Cherry,2026-09-19T04:55:13.877893
16_100_tips,193.0,1.0,1.0985324128000002,0.1484027924984302,100,,FastME,3.639386415481568,,4.0,300,Cherry,2026-09-19T04:55:13.877893
4_10_tips,0.0,0.0,12.58058369,9.714883857834517,10,,FastME,3.639386415481568,,4.0,300,Cherry,2026-09-19T04:55:13.877893
17_200_tips,116.0,0.2944162436548223,5.232386645799998,0.727355932046717,200,,FastME,3.639386415481568,,4.0,300,Cherry,2026-09-19T04:55:13.877893
19_10_tips,4.0,0.2857142857142857,46.86074171,23.766383677741395,10,,FastME,3.639386415481568,,4.0,300,Cherry,2026-09-19T04:55:13.877893
15_50_tips,20.0,0.2127659574468085,0.6038668288,0.1225479022085183,50,,FastME,3.639386415481568,,4.0,300,Cherry,2026-09-19T04:55:13.877893
5_200_tips,64.0,0.1624365482233502,8.23860407258,1.1764552866633022,200,,FastME,3.639386415481568,,4.0,300,Cherry,2026-09-19T04:55:13.877893
2_200_tips,102.0,0.2588832487309644,10.583103057799992,1.5007651979610923,200,,FastME,3.639386415481568,,4.0,300,Cherry,2026-09-19T04:55:13.877893
1_100_tips,18.0,0.0927835051546391,58.20613370999998,10.057195175188188,100,,FastME,3.639386415481568,,4.0,300,Cherry,2026-09-19T04:55:13.877893
19_20_tips,2.0,0.0588235294117647,6.922000114,2.023988858925491,20,,FastME,3.639386415481568,,4.0,300,Cherry,2026-09-19T04:55:13.877893
1_200_tips,52.0,0.1319796954314721,16.400073214,1.6990451049520283,200,,FastME,3.639386415481568,,4.0,300,Cherry,2026-09-19T04:55:13.877893
5_10_tips,2.0,0.1428571428571428,9.99759636,6.570677174139851,10,,FastME,3.639386415481568,,4.0,300,Cherry,2026-09-19T04:55:13.877893
5_20_tips,4.0,0.1176470588235294,7.688787159999999,3.0712469633386985,20,,FastME,3.639386415481568,,4.0,300,Cherry,2026-09-19T04:55:13.877893
13_10_tips,0.0,0.0,2.82564318,1.378680872681776,10,,FastME,3.639386415481568,,4.0,300,Cherry,2026-09-19T04:55:13.877893
13_200_tips,86.0,0.2182741116751269,17.846151169000002,2.5931747142116093,200,,FastME,3.639386415481568,,4.0,300,Cherry,2026-09-19T04:55:13.877893
18_20_tips,8.0,0.2352941176470588,22.48331254,8.745320845171584,20,,FastME,3.639386415481568,,4.0,300,Cherry,2026-09-19T04:55:13.877893
15_20_tips,2.0,0.0588235294117647,13.19666539,4.531495606243657,20,,FastME,3.639386415481568,,4.0,300,Cherry,2026-09-19T04:55:13.877893
19_200_tips,68.0,0.1725888324873096,9.937660002800008,1.1929717700954292,200,,FastME,3.639386415481568,,4.0,300,Cherry,2026-09-19T04:55:13.877893
2_100_tips,44.0,0.2268041237113402,3.959104288,0.7101738557434074,100,,FastME,3.639386415481568,,4.0,300,Cherry,2026-09-19T04:55:13.877893
2_10_tips,2.0,0.1428571428571428,0.92961847,0.4171507168506359,10,,FastME,3.639386415481568,,4.0,300,Cherry,2026-09-19T04:55:13.877893
5_100_tips,20.0,0.1030927835051546,21.331279377000005,3.4288822166245985,100,,FastME,3.639386415481568,,4.0,300,Cherry,2026-09-19T04:55:13.877893
6_50_tips,18.0,0.1914893617021276,19.71901993,4.578747598991668,50,,FastME,3.639386415481568,,4.0,300,Cherry,2026-09-19T04:55:13.877893
6_10_tips,0.0,0.0,0.3466259,0.150868512650739,10,,FastME,3.639386415481568,,4.0,300,Cherry,2026-09-19T04:55:13.877893
1_20_tips,2.0,0.0588235294117647,64.63460063999999,31.36376328884706,20,,FastME,3.639386415481568,,4.0,300,Cherry,2026-09-19T04:55:13.877893
0_100_tips,28.0,0.1443298969072164,4.629678842000002,0.8125519960507275,100,,FastME,3.639386415481568,,4.0,300,Cherry,2026-09-19T04:55:13.877893
16_20_tips,2.0,0.0588235294117647,48.33819994,19.19378075367747,20,,FastME,3.639386415481568,,4.0,300,Cherry,2026-09-19T04:55:13.877893
3_100_tips,24.0,0.1237113402061855,13.586072808000006,2.626942346878321,100,,FastME,3.639386415481568,,4.0,300,Cherry,2026-09-19T04:55:13.877893
18_50_tips,18.0,0.1914893617021276,0.8530584510000002,0.189879000417463,50,,FastME,3.639386415481568,,4.0,300,Cherry,2026-09-19T04:55:13.877893
10_20_tips,0.0,0.0,4.39865269,1.791745773817272,20,,FastME,3.639386415481568,,4.0,300,Cherry,2026-09-19T04:55:13.877893
9_200_tips,24.0,0.0609137055837563,17.200443045999993,1.95098753272656,200,,FastME,3.639386415481568,,4.0,300,Cherry,2026-09-19T04:55:13.877893
8_20_tips,2.0,0.0588235294117647,5.197307970000001,1.6580479728097308,20,,FastME,3.639386415481568,,4.0,300,Cherry,2026-09-19T04:55:13.877893
9_50_tips,46.0,0.4893617021276595,0.359722862,0.1181319568827202,50,,FastME,3.639386415481568,,4.0,300,Cherry,2026-09-19T04:55:13.877893
16_10_tips,0.0,0.0,0.3798504,0.2396410152636918,10,,FastME,3.639386415481568,,4.0,300,Cherry,2026-09-19T04:55:13.877893
4_100_tips,42.0,0.2164948453608247,4.191724335999999,0.8680982798868331,100,,FastME,3.639386415481568,,4.0,300,Cherry,2026-09-19T04:55:13.877893
12_100_tips,18.0,0.0927835051546391,7.578959640000004,1.2943003483058473,100,,FastME,3.639386415481568,,4.0,300,Cherry,2026-09-19T04:55:13.877893
14_20_tips,12.0,0.3529411764705882,64.85944075,19.87642049715635,20,,FastME,3.639386415481568,,4.0,300,Cherry,2026-09-19T04:55:13.877893
0_200_tips,60.0,0.1522842639593908,75.84373272000005,10.603285638954183,200,,FastME,3.639386415481568,,4.0,300,Cherry,2026-09-19T04:55:13.877893
4_20_tips,6.0,0.1764705882352941,12.15668126,4.396044625902003,20,,FastME,3.639386415481568,,4.0,300,Cherry,2026-09-19T04:55:13.877893
15_200_tips,44.0,0.1116751269035533,14.873885326999998,2.2443384707587217,200,,FastME,3.639386415481568,,4.0,300,Cherry,2026-09-19T04:55:13.877893
5_50_tips,20.0,0.2127659574468085,18.496529688000003,4.015273033255592,50,,FastME,3.639386415481568,,4.0,300,Cherry,2026-09-19T04:55:13.877893
7_20_tips,4.0,0.1176470588235294,5.257826399999999,1.866441789285158,20,,FastME,3.639386415481568,,4.0,300,Cherry,2026-09-19T04:55:13.877893
8_200_tips,56.0,0.1421319796954314,6.3848123490000015,0.876225777825525,200,,FastME,3.639386415481568,,4.0,300,Cherry,2026-09-19T04:55:13.877893
2_20_tips,0.0,0.0,10.0616838,3.01731726031524,20,,FastME,3.639386415481568,,4.0,300,Cherry,2026-09-19T04:55:13.877893
10_200_tips,52.0,0.1319796954314721,35.95044076200002,6.144209768106143,200,,FastME,3.639386415481568,,4.0,300,Cherry,2026-09-19T04:55:13.877893
15_100_tips,26.0,0.134020618556701,13.274363782,2.405874005890676,100,,FastME,3.639386415481568,,4.0,300,Cherry,2026-09-19T04:55:13.877893
0_50_tips,22.0,0.2340425531914893,15.11972931,3.572455395957212,50,,FastME,3.639386415481568,,4.0,300,Cherry,2026-09-19T04:55:13.877893
0_20_tips,4.0,0.1176470588235294,8.911150350000002,5.365535312191828,20,,FastME,3.639386415481568,,4.0,300,Cherry,2026-09-19T04:55:13.877893
11_20_tips,12.0,0.3529411764705882,26.023497360000007,9.909442226005142,20,,FastME,3.639386415481568,,4.0,300,Cherry,2026-09-19T04:55:13.877893
16_50_tips,38.0,0.4042553191489361,135.58598788000006,33.86423389090053,50,,FastME,3.639386415481568,,4.0,300,Cherry,2026-09-19T04:55:13.877893
3_50_tips,2.0,0.0212765957446808,3.925503470000001,0.8810062010722647,50,,FastME,3.639386415481568,,4.0,300,Cherry,2026-09-19T04:55:13.877893
12_20_tips,4.0,0.1176470588235294,19.42178622,9.478197471053033,20,,FastME,3.639386415481568,,4.0,300,Cherry,2026-09-19T04:55:13.877893
7_100_tips,126.0,0.6494845360824743,0.23283714272,0.0348210090848954,100,,FastME,3.639386415481568,,4.0,300,Cherry,2026-09-19T04:55:13.877893
8_50_tips,14.0,0.1489361702127659,23.42247210919999,6.958381043663876,50,,FastME,3.639386415481568,,4.0,300,Cherry,2026-09-19T04:55:13.877893
3_10_tips,0.0,0.0,0.2174955,0.0978253716442641,10,,FastME,3.639386415481568,,4.0,300,Cherry,2026-09-19T04:55:13.877893
18_100_tips,40.0,0.2061855670103092,11.103256636,2.0638844851313194,100,,FastME,3.639386415481568,,4.0,300,Cherry,2026-09-19T04:55:13.877893
0_10_tips,2.0,0.1428571428571428,4.439894410000001,1.975331018481772,10,,FastME,3.639386415481568,,4.0,300,Cherry,2026-09-19T04:55:13.877893
11_10_tips,4.0,0.2857142857142857,29.032530880000003,19.376189505893844,10,,FastME,3.639386415481568,,4.0,300,Cherry,2026-09-19T04:55:13.877893
3_200_tips,393.0,1.0,50.31141039959997,6.715156198040953,200,,FastME,3.639386415481568,,4.0,300,Cherry,2026-09-19T04:55:13.877893
11_100_tips,30.0,0.1546391752577319,21.46911860499999,3.545980678598261,100,,FastME,3.639386415481568,,4.0,300,Cherry,2026-09-19T04:55:13.877893
12_50_tips,20.0,0.2127659574468085,4.149816182000001,1.5047721869680168,50,,FastME,3.639386415481568,,4.0,300,Cherry,2026-09-19T04:55:13.877893
1_10_tips,2.0,0.1428571428571428,10.43906261,7.018555571710958,10,,FastME,3.639386415481568,,4.0,300,Cherry,2026-09-19T04:55:13.877893
7_10_tips,0.0,0.0,3.88045598,1.5480958204866102,10,,FastME,3.639386415481568,,4.0,300,Cherry,2026-09-19T04:55:13.877893
11_200_tips,58.0,0.1472081218274111,18.7731251515,3.4043624459999493,200,,FastME,3.639386415481568,,4.0,300,Cherry,2026-09-19T04:55:13.877893
7_50_tips,16.0,0.1702127659574468,11.612940919999998,3.437119430539457,50,,FastME,3.639386415481568,,4.0,300,Cherry,2026-09-19T04:55:13.877893
12_10_tips,0.0,0.0,0.42286627,0.2013622674421389,10,,FastME,3.639386415481568,,4.0,300,Cherry,2026-09-19T04:55:13.877893
14_100_tips,30.0,0.1546391752577319,25.009494590000006,4.2721682993739405,100,,FastME,3.639386415481568,,4.0,300,Cherry,2026-09-19T04:55:13.877893
4_50_tips,26.0,0.2765957446808511,74.73290395999996,22.68422858885553,50,,FastME,3.639386415481568,,4.0,300,Cherry,2026-09-19T04:55:13.877893
4_200_tips,64.0,0.1624365482233502,19.604942044,2.635620294256424,200,,FastME,3.639386415481568,,4.0,300,Cherry,2026-09-19T04:55:13.877893
10_100_tips,26.0,0.134020618556701,7.461420102000004,1.3313717337002724,100,,FastME,3.639386415481568,,4.0,300,Cherry,2026-09-19T04:55:13.877893
1_50_tips,20.0,0.2127659574468085,58.27343978000001,17.694423671900136,50,,FastME,3.639386415481568,,4.0,300,Cherry,2026-09-19T04:55:13.877893
13_20_tips,10.0,0.2941176470588235,3.702784449999999,1.5319616734256216,20,,FastME,3.639386415481568,,4.0,300,Cherry,2026-09-19T04:55:13.877893
3_20_tips,2.0,0.0588235294117647,6.799936840000001,3.670981177843253,20,,FastME,3.639386415481568,,4.0,300,Cherry,2026-09-19T04:55:13.877893
18_10_tips,2.0,0.1428571428571428,39.25584430000001,21.53296356714037,10,,FastME,3.639386415481568,,4.0,300,Cherry,2026-09-19T04:55:13.877893
11_50_tips,16.0,0.1702127659574468,25.5112196691,11.329741182712626,50,,FastME,3.639386415481568,,4.0,300,Cherry,2026-09-19T04:55:13.877893
12_200_tips,30.0,0.0761421319796954,37.29342429600002,3.972356076643684,200,,FastME,3.639386415481568,,4.0,300,Cherry,2026-09-19T04:55:13.877893
2_50_tips,12.0,0.1276595744680851,9.51553097,2.4859235191544835,50,,FastME,3.639386415481568,,4.0,300,Cherry,2026-09-19T04:55:13.877893
9_10_tips,0.0,0.0,0.76971444,0.4167083597417395,10,,FastME,3.639386415481568,,4.0,300,Cherry,2026-09-19T04:55:13.877893
17_100_tips,18.0,0.0927835051546391,8.796230825999999,1.7331811085581077,100,,FastME,3.639386415481568,,4.0,300,Cherry,2026-09-19T04:55:13.877893
7_200_tips,392.0,1.0,2.1654661739999987,0.19955234628642,200,,FastME,3.639386415481568,,4.0,300,Cherry,2026-09-19T04:55:13.877893
17_20_tips,0.0,0.0,4.20971037,1.4785839076363996,20,,FastME,3.639386415481568,,4.0,300,Cherry,2026-09-19T04:55:13.877893
19_100_tips,22.0,0.1134020618556701,27.573500730000003,5.896113988354849,100,,FastME,3.639386415481568,,4.0,300,Cherry,2026-09-19T04:55:13.877893
17_50_tips,12.0,0.1276595744680851,10.597137040000003,2.135973716831184,50,,FastME,3.639386415481568,,4.0,300,Cherry,2026-09-19T04:55:13.877893
9_20_tips,2.0,0.0588235294117647,4.925590219999999,1.6824193604637463,20,,FastME,3.639386415481568,,4.0,300,Cherry,2026-09-19T04:55:13.877893
17_10_tips,2.0,0.1428571428571428,30.99527678,23.25404459252527,10,,FastME,3.639386415481568,,4.0,300,Cherry,2026-09-19T04:55:13.877893
6_200_tips,72.0,0.182741116751269,6.5080477248,0.8605979210185355,200,,FastME,3.639386415481568,,4.0,300,Cherry,2026-09-19T04:55:13.877893
10_50_tips,6.0,0.0638297872340425,20.113634227999995,4.951466014867601,50,,FastME,3.639386415481568,,4.0,300,Cherry,2026-09-19T04:55:13.877893
13_50_tips,8.0,0.0851063829787234,12.82216351,2.9803624631618426,50,,FastME,3.639386415481568,,4.0,300,Cherry,2026-09-19T04:55:13.877893
14_50_tips,14.0,0.1489361702127659,35.399005818000006,9.563657968585416,50,,FastME,3.639386415481568,,4.0,300,Cherry,2026-09-19T04:55:13.877893
8_10_tips,4.0,0.2857142857142857,3.76405897,2.1610626873109693,10,,FastME,3.639386415481568,,4.0,300,Cherry,2026-09-19T04:55:13.877893
8_100_tips,38.0,0.1958762886597938,6.459798577000002,1.379633967224084,100,,FastME,3.639386415481568,,4.0,300,Cherry,2026-09-19T04:55:13.877893
14_200_tips,50.0,0.1269035532994923,22.02675223099999,3.117487011664307,200,,FastME,3.639386415481568,,4.0,300,Cherry,2026-09-19T04:55:13.877893
10_10_tips,4.0,0.2857142857142857,2.32446992,1.0568236784204903,10,,FastME,3.639386415481568,,4.0,300,Cherry,2026-09-19T04:55:13.877893
16_200_tips,46.0,0.116751269035533,11.4764610504,1.37344217074067,200,,FastME,3.639386415481568,,4.0,300,Cherry,2026-09-19T04:55:13.877893
14_10_tips,14.0,1.0,0.6045169499999999,0.2171938494913309,10,,Phyloformer,328.13277411460876,,0.25,300,Cherry,2026-09-19T05:25:00.171837
4_10_tips,14.0,1.0,3.33508585,1.1617688718574624,10,,Phyloformer,328.13277411460876,,0.25,300,Cherry,2026-09-19T05:25:00.171837
5_10_tips,14.0,1.0,2.0673082700000003,0.8741647006760815,10,,Phyloformer,328.13277411460876,,0.25,300,Cherry,2026-09-19T05:25:00.171837
6_20_tips,34.0,1.0,0.5659010699999999,0.1463006530814052,20,,Phyloformer,328.13277411460876,,0.25,300,Cherry,2026-09-19T05:25:00.171837
15_10_tips,14.0,1.0,1.83991007,0.7689916541412015,10,,Phyloformer,328.13277411460876,,0.25,300,Cherry,2026-09-19T05:25:00.171837
5_20_tips,34.0,1.0,1.779653279,0.6458331269142003,20,,Phyloformer,328.13277411460876,,0.25,300,Cherry,2026-09-19T05:25:00.171837
13_10_tips,12.0,0.8571428571428571,0.27522698,0.1011943669061909,10,,Phyloformer,328.13277411460876,,0.25,300,Cherry,2026-09-19T05:25:00.171837
2_10_tips,14.0,1.0,1.68071198,0.530165536728297,10,,Phyloformer,328.13277411460876,,0.25,300,Cherry,2026-09-19T05:25:00.171837
6_50_tips,94.0,1.0,3.216503590800001,0.6020217474176278,50,,Phyloformer,328.13277411460876,,0.25,300,Cherry,2026-09-19T05:25:00.171837
19_50_tips,94.0,1.0,4.975344485000002,0.9927552491382954,50,,Phyloformer,328.13277411460876,,0.25,300,Cherry,2026-09-19T05:25:00.171837
6_10_tips,14.0,1.0,1.2459669,0.4863855712287177,10,,Phyloformer,328.13277411460876,,0.25,300,Cherry,2026-09-19T05:25:00.171837
19_10_tips,14.0,1.0,3.53220394,1.342818245317153,10,,Phyloformer,328.13277411460876,,0.25,300,Cherry,2026-09-19T05:25:00.171837
1_20_tips,34.0,1.0,3.6011320599999994,1.3711610570391894,20,,Phyloformer,328.13277411460876,,0.25,300,Cherry,2026-09-19T05:25:00.171837
16_20_tips,32.0,0.9411764705882352,1.2413059119999998,0.3652961161951145,20,,Phyloformer,328.13277411460876,,0.25,300,Cherry,2026-09-19T05:25:00.171837
15_50_tips,92.0,0.9787234042553192,1.2667345162999997,0.2673715031190774,50,,Phyloformer,328.13277411460876,,0.25,300,Cherry,2026-09-19T05:25:00.171837
19_20_tips,34.0,1.0,0.6587801599999997,0.3681754609218683,20,,Phyloformer,328.13277411460876,,0.25,300,Cherry,2026-09-19T05:25:00.171837
18_50_tips,94.0,1.0,6.747143065699998,1.264479041981196,50,,Phyloformer,328.13277411460876,,0.25,300,Cherry,2026-09-19T05:25:00.171837
18_20_tips,34.0,1.0,0.8997469830000001,0.2752369287281792,20,,Phyloformer,328.13277411460876,,0.25,300,Cherry,2026-09-19T05:25:00.171837
10_20_tips,34.0,1.0,1.70335512,0.6188769650668657,20,,Phyloformer,328.13277411460876,,0.25,300,Cherry,2026-09-19T05:25:00.171837
15_20_tips,32.0,0.9411764705882352,2.718081305000001,0.7772943407528344,20,,Phyloformer,328.13277411460876,,0.25,300,Cherry,2026-09-19T05:25:00.171837
4_20_tips,32.0,0.9411764705882352,2.3046551600000003,0.5775262973665807,20,,Phyloformer,328.13277411460876,,0.25,300,Cherry,2026-09-19T05:25:00.171837
8_20_tips,34.0,1.0,3.2592283600000003,1.0427939995642284,20,,Phyloformer,328.13277411460876,,0.25,300,Cherry,2026-09-19T05:25:00.171837
2_20_tips,34.0,1.0,2.7521958799999995,0.8172945925358442,20,,Phyloformer,328.13277411460876,,0.25,300,Cherry,2026-09-19T05:25:00.171837
0_20_tips,34.0,1.0,2.98348795,1.126311729918123,20,,Phyloformer,328.13277411460876,,0.25,300,Cherry,2026-09-19T05:25:00.171837
9_50_tips,94.0,1.0,0.5033587650000002,0.1241290769298125,50,,Phyloformer,328.13277411460876,,0.25,300,Cherry,2026-09-19T05:25:00.171837
16_10_tips,14.0,1.0,0.80173365,0.3507217013069432,10,,Phyloformer,328.13277411460876,,0.25,300,Cherry,2026-09-19T05:25:00.171837
14_20_tips,32.0,0.9411764705882352,1.7702569649999995,0.6594622988509378,20,,Phyloformer,328.13277411460876,,0.25,300,Cherry,2026-09-19T05:25:00.171837
16_50_tips,94.0,1.0,1.332357271,0.209073830709958,50,,Phyloformer,328.13277411460876,,0.25,300,Cherry,2026-09-19T05:25:00.171837
12_20_tips,34.0,1.0,1.754968955,0.4560112606522494,20,,Phyloformer,328.13277411460876,,0.25,300,Cherry,2026-09-19T05:25:00.171837
5_50_tips,93.0,0.9789473684210528,1.5209529527,0.2941395754016708,50,,Phyloformer,328.13277411460876,,0.25,300,Cherry,2026-09-19T05:25:00.171837
7_20_tips,34.0,1.0,4.599188289999998,1.793179805851483,20,,Phyloformer,328.13277411460876,,0.25,300,Cherry,2026-09-19T05:25:00.171837
12_50_tips,94.0,1.0,0.8178919409999998,0.155649681705149,50,,Phyloformer,328.13277411460876,,0.25,300,Cherry,2026-09-19T05:25:00.171837
1_10_tips,14.0,1.0,0.4467512230000001,0.1949055663965011,10,,Phyloformer,328.13277411460876,,0.25,300,Cherry,2026-09-19T05:25:00.171837
7_10_tips,14.0,1.0,0.05990767,0.0266472862449538,10,,Phyloformer,328.13277411460876,,0.25,300,Cherry,2026-09-19T05:25:00.171837
0_50_tips,92.0,0.9787234042553192,1.6923590642,0.3228803796979129,50,,Phyloformer,328.13277411460876,,0.25,300,Cherry,2026-09-19T05:25:00.171837
11_20_tips,34.0,1.0,2.5066682625,0.7782039626746666,20,,Phyloformer,328.13277411460876,,0.25,300,Cherry,2026-09-19T05:25:00.171837
1_50_tips,94.0,1.0,3.103233136,0.5604137730814408,50,,Phyloformer,328.13277411460876,,0.25,300,Cherry,2026-09-19T05:25:00.171837
13_20_tips,32.0,0.9411764705882352,0.5813966100000001,0.1391412852250154,20,,Phyloformer,328.13277411460876,,0.25,300,Cherry,2026-09-19T05:25:00.171837
3_20_tips,34.0,1.0,1.97596693,0.6152988693060452,20,,Phyloformer,328.13277411460876,,0.25,300,Cherry,2026-09-19T05:25:00.171837
18_10_tips,12.0,0.8571428571428571,1.07367238,0.4170541836554661,10,,Phyloformer,328.13277411460876,,0.25,300,Cherry,2026-09-19T05:25:00.171837
3_50_tips,94.0,1.0,0.4393404362,0.1116966586244073,50,,Phyloformer,328.13277411460876,,0.25,300,Cherry,2026-09-19T05:25:00.171837
11_50_tips,92.0,0.9787234042553192,6.728501249999999,1.083727914561362,50,,Phyloformer,328.13277411460876,,0.25,300,Cherry,2026-09-19T05:25:00.171837
8_50_tips,94.0,1.0,1.5957107142479992,0.2632386433514874,50,,Phyloformer,328.13277411460876,,0.25,300,Cherry,2026-09-19T05:25:00.171837
3_10_tips,14.0,1.0,0.9904285200000004,0.5623748154846624,10,,Phyloformer,328.13277411460876,,0.25,300,Cherry,2026-09-19T05:25:00.171837
0_10_tips,12.0,0.8571428571428571,1.41334542,0.6749646894738343,10,,Phyloformer,328.13277411460876,,0.25,300,Cherry,2026-09-19T05:25:00.171837
11_10_tips,14.0,1.0,1.4700538399999998,0.7826491384271449,10,,Phyloformer,328.13277411460876,,0.25,300,Cherry,2026-09-19T05:25:00.171837
2_50_tips,94.0,1.0,1.749217074,0.3592536361898537,50,,Phyloformer,328.13277411460876,,0.25,300,Cherry,2026-09-19T05:25:00.171837
9_10_tips,12.0,0.8571428571428571,1.0685837699999998,0.4993261298809902,10,,Phyloformer,328.13277411460876,,0.25,300,Cherry,2026-09-19T05:25:00.171837
7_50_tips,94.0,1.0,1.2912116560000004,0.2383041095589402,50,,Phyloformer,328.13277411460876,,0.25,300,Cherry,2026-09-19T05:25:00.171837
12_10_tips,14.0,1.0,0.9407692379999998,0.5034497693076838,10,,Phyloformer,328.13277411460876,,0.25,300,Cherry,2026-09-19T05:25:00.171837
10_50_tips,94.0,1.0,1.4858260455000003,0.2433716752498736,50,,Phyloformer,328.13277411460876,,0.25,300,Cherry,2026-09-19T05:25:00.171837
4_50_tips,94.0,1.0,1.3140863029999992,0.2511039947307782,50,,Phyloformer,328.13277411460876,,0.25,300,Cherry,2026-09-19T05:25:00.171837
17_20_tips,34.0,1.0,1.586632815,0.4177457408905021,20,,Phyloformer,328.13277411460876,,0.25,300,Cherry,2026-09-19T05:25:00.171837
13_50_tips,94.0,1.0,1.8557297459999995,0.3101948814352098,50,,Phyloformer,328.13277411460876,,0.25,300,Cherry,2026-09-19T05:25:00.171837
17_50_tips,90.0,0.9574468085106383,3.130500258,0.5047633749254684,50,,Phyloformer,328.13277411460876,,0.25,300,Cherry,2026-09-19T05:25:00.171837
9_20_tips,34.0,1.0,1.54021922,0.3521400725613391,20,,Phyloformer,328.13277411460876,,0.25,300,Cherry,2026-09-19T05:25:00.171837
17_10_tips,14.0,1.0,1.90433885,0.6814131202529194,10,,Phyloformer,328.13277411460876,,0.25,300,Cherry,2026-09-19T05:25:00.171837
10_10_tips,14.0,1.0,1.794730248,0.6999157649010457,10,,Phyloformer,328.13277411460876,,0.25,300,Cherry,2026-09-19T05:25:00.171837
14_50_tips,94.0,1.0,1.4846817639999994,0.3913115332333786,50,,Phyloformer,328.13277411460876,,0.25,300,Cherry,2026-09-19T05:25:00.171837
8_10_tips,12.0,0.8571428571428571,0.8627227,0.3317943936917475,10,,Phyloformer,328.13277411460876,,0.25,300,Cherry,2026-09-19T05:25:00.171837
4_10_tips,14.0,1.0,3.71343993,1.2704785435050008,10,,Phyloformer,327.84235525131226,,0.5,300,Cherry,2026-09-19T05:30:28.306404
14_10_tips,14.0,1.0,1.4544417239999998,0.7117269148836373,10,,Phyloformer,327.84235525131226,,0.5,300,Cherry,2026-09-19T05:30:28.306404
5_10_tips,14.0,1.0,3.22561714,1.2686557197068251,10,,Phyloformer,327.84235525131226,,0.5,300,Cherry,2026-09-19T05:30:28.306404
6_20_tips,32.0,0.9411764705882352,6.954140329999999,1.603800516794729,20,,Phyloformer,327.84235525131226,,0.5,300,Cherry,2026-09-19T05:30:28.306404
15_10_tips,14.0,1.0,4.6716479600000005,1.7225120317819391,10,,Phyloformer,327.84235525131226,,0.5,300,Cherry,2026-09-19T05:30:28.306404
5_20_tips,34.0,1.0,0.5637310950000002,0.1772901090468744,20,,Phyloformer,327.84235525131226,,0.5,300,Cherry,2026-09-19T05:30:28.306404
13_10_tips,14.0,1.0,1.14085426,0.4233521776763063,10,,Phyloformer,327.84235525131226,,0.5,300,Cherry,2026-09-19T05:30:28.306404
2_10_tips,12.0,0.8571428571428571,0.68093796,0.2788134633246231,10,,Phyloformer,327.84235525131226,,0.5,300,Cherry,2026-09-19T05:30:28.306404
6_50_tips,92.0,0.9787234042553192,4.9409685355,0.9987742698561638,50,,Phyloformer,327.84235525131226,,0.5,300,Cherry,2026-09-19T05:30:28.306404
6_10_tips,14.0,1.0,1.2689893400000003,0.5294413728757404,10,,Phyloformer,327.84235525131226,,0.5,300,Cherry,2026-09-19T05:30:28.306404
19_50_tips,94.0,1.0,11.045127619999995,2.0521637344654184,50,,Phyloformer,327.84235525131226,,0.5,300,Cherry,2026-09-19T05:30:28.306404
19_10_tips,10.0,0.7142857142857143,2.3337736499999995,1.1606592061392136,10,,Phyloformer,327.84235525131226,,0.5,300,Cherry,2026-09-19T05:30:28.306404
1_20_tips,34.0,1.0,2.7387263,0.6664180042091695,20,,Phyloformer,327.84235525131226,,0.5,300,Cherry,2026-09-19T05:30:28.306404
16_20_tips,34.0,1.0,3.836806440000001,1.0069611496566464,20,,Phyloformer,327.84235525131226,,0.5,300,Cherry,2026-09-19T05:30:28.306404
15_50_tips,94.0,1.0,2.8252966914999997,0.8344174103320677,50,,Phyloformer,327.84235525131226,,0.5,300,Cherry,2026-09-19T05:30:28.306404
18_50_tips,92.0,0.9787234042553192,4.131631144999999,0.6518662945499525,50,,Phyloformer,327.84235525131226,,0.5,300,Cherry,2026-09-19T05:30:28.306404
10_20_tips,34.0,1.0,1.67430249,0.5520918433769122,20,,Phyloformer,327.84235525131226,,0.5,300,Cherry,2026-09-19T05:30:28.306404
19_20_tips,34.0,1.0,5.097068490000002,1.6482932649291182,20,,Phyloformer,327.84235525131226,,0.5,300,Cherry,2026-09-19T05:30:28.306404
4_20_tips,34.0,1.0,2.5323746899999997,0.8822133311323134,20,,Phyloformer,327.84235525131226,,0.5,300,Cherry,2026-09-19T05:30:28.306404
18_20_tips,34.0,1.0,1.5665412369999998,0.4501060437234384,20,,Phyloformer,327.84235525131226,,0.5,300,Cherry,2026-09-19T05:30:28.306404
15_20_tips,34.0,1.0,0.459833514,0.1213298961664107,20,,Phyloformer,327.84235525131226,,0.5,300,Cherry,2026-09-19T05:30:28.306404
2_20_tips,34.0,1.0,1.887832086,0.6365492147487716,20,,Phyloformer,327.84235525131226,,0.5,300,Cherry,2026-09-19T05:30:28.306404
8_20_tips,34.0,1.0,6.562007470000001,2.4297072279592564,20,,Phyloformer,327.84235525131226,,0.5,300,Cherry,2026-09-19T05:30:28.306404
0_20_tips,34.0,1.0,1.7882980400000006,0.619728881153836,20,,Phyloformer,327.84235525131226,,0.5,300,Cherry,2026-09-19T05:30:28.306404
16_50_tips,92.0,0.9787234042553192,5.598906560000001,0.8640825038270735,50,,Phyloformer,327.84235525131226,,0.5,300,Cherry,2026-09-19T05:30:28.306404
9_50_tips,92.0,0.9787234042553192,2.899124036,0.4821993412455289,50,,Phyloformer,327.84235525131226,,0.5,300,Cherry,2026-09-19T05:30:28.306404
16_10_tips,14.0,1.0,6.277163120000001,2.332444433180498,10,,Phyloformer,327.84235525131226,,0.5,300,Cherry,2026-09-19T05:30:28.306404
12_20_tips,32.0,0.9411764705882352,2.17697712,0.5544894368246975,20,,Phyloformer,327.84235525131226,,0.5,300,Cherry,2026-09-19T05:30:28.306404
14_20_tips,32.0,0.9411764705882352,0.7369994599999999,0.221905469264875,20,,Phyloformer,327.84235525131226,,0.5,300,Cherry,2026-09-19T05:30:28.306404
5_50_tips,92.0,0.9787234042553192,4.505736621999998,0.8332772820448758,50,,Phyloformer,327.84235525131226,,0.5,300,Cherry,2026-09-19T05:30:28.306404
12_50_tips,90.0,0.9574468085106383,3.388844358820001,0.7731192339748819,50,,Phyloformer,327.84235525131226,,0.5,300,Cherry,2026-09-19T05:30:28.306404
1_10_tips,14.0,1.0,14.42447908,5.603568546108141,10,,Phyloformer,327.84235525131226,,0.5,300,Cherry,2026-09-19T05:30:28.306404
7_10_tips,14.0,1.0,2.0456693200000005,0.9820618573930564,10,,Phyloformer,327.84235525131226,,0.5,300,Cherry,2026-09-19T05:30:28.306404
7_20_tips,32.0,0.9411764705882352,1.5541125099999995,0.4160635200461561,20,,Phyloformer,327.84235525131226,,0.5,300,Cherry,2026-09-19T05:30:28.306404
0_50_tips,94.0,1.0,3.964295335,0.639324686495735,50,,Phyloformer,327.84235525131226,,0.5,300,Cherry,2026-09-19T05:30:28.306404
1_50_tips,94.0,1.0,1.666624723976,0.4070987692004272,50,,Phyloformer,327.84235525131226,,0.5,300,Cherry,2026-09-19T05:30:28.306404
11_20_tips,34.0,1.0,1.1634246200000005,0.2973403689298952,20,,Phyloformer,327.84235525131226,,0.5,300,Cherry,2026-09-19T05:30:28.306404
13_20_tips,34.0,1.0,2.12915951,0.5627388479071964,20,,Phyloformer,327.84235525131226,,0.5,300,Cherry,2026-09-19T05:30:28.306404
3_20_tips,34.0,1.0,2.3312158400000005,0.8060655264338114,20,,Phyloformer,327.84235525131226,,0.5,300,Cherry,2026-09-19T05:30:28.306404
18_10_tips,14.0,1.0,0.7976073699999999,0.2781881998263149,10,,Phyloformer,327.84235525131226,,0.5,300,Cherry,2026-09-19T05:30:28.306404
3_50_tips,92.0,0.9787234042553192,2.8049202400000013,0.5999567325381981,50,,Phyloformer,327.84235525131226,,0.5,300,Cherry,2026-09-19T05:30:28.306404
11_50_tips,94.0,1.0,3.5350142978500005,0.7540225547297,50,,Phyloformer,327.84235525131226,,0.5,300,Cherry,2026-09-19T05:30:28.306404
8_50_tips,94.0,1.0,12.469563940000006,2.993210297782606,50,,Phyloformer,327.84235525131226,,0.5,300,Cherry,2026-09-19T05:30:28.306404
3_10_tips,14.0,1.0,0.76620219,0.2941356718015564,10,,Phyloformer,327.84235525131226,,0.5,300,Cherry,2026-09-19T05:30:28.306404
0_10_tips,14.0,1.0,1.16087697,0.6595652968843886,10,,Phyloformer,327.84235525131226,,0.5,300,Cherry,2026-09-19T05:30:28.306404
11_10_tips,12.0,0.8571428571428571,1.85782731,0.8281567609671573,10,,Phyloformer,327.84235525131226,,0.5,300,Cherry,2026-09-19T05:30:28.306404
2_50_tips,94.0,1.0,5.192732018499998,0.9036386771267678,50,,Phyloformer,327.84235525131226,,0.5,300,Cherry,2026-09-19T05:30:28.306404
9_10_tips,14.0,1.0,8.041278660000001,3.690479799526951,10,,Phyloformer,327.84235525131226,,0.5,300,Cherry,2026-09-19T05:30:28.306404
7_50_tips,94.0,1.0,1.6472778292000008,0.301471092264391,50,,Phyloformer,327.84235525131226,,0.5,300,Cherry,2026-09-19T05:30:28.306404
12_10_tips,12.0,0.8571428571428571,1.974308489,0.956143006778726,10,,Phyloformer,327.84235525131226,,0.5,300,Cherry,2026-09-19T05:30:28.306404
10_50_tips,94.0,1.0,5.4300066225000005,1.2054378404483872,50,,Phyloformer,327.84235525131226,,0.5,300,Cherry,2026-09-19T05:30:28.306404
4_50_tips,92.0,0.9787234042553192,7.036086534999999,1.5554058425666797,50,,Phyloformer,327.84235525131226,,0.5,300,Cherry,2026-09-19T05:30:28.306404
13_50_tips,94.0,1.0,4.320424609999999,0.6984492492531362,50,,Phyloformer,327.84235525131226,,0.5,300,Cherry,2026-09-19T05:30:28.306404
17_20_tips,34.0,1.0,1.7857158400000002,0.5939985499420077,20,,Phyloformer,327.84235525131226,,0.5,300,Cherry,2026-09-19T05:30:28.306404
17_50_tips,94.0,1.0,8.549599480000001,1.4800091442409926,50,,Phyloformer,327.84235525131226,,0.5,300,Cherry,2026-09-19T05:30:28.306404
14_50_tips,92.0,0.9787234042553192,7.611020540000004,1.415777773751952,50,,Phyloformer,327.84235525131226,,0.5,300,Cherry,2026-09-19T05:30:28.306404
8_10_tips,15.0,1.0,2.3404781,0.7756113567495221,10,,Phyloformer,327.84235525131226,,0.5,300,Cherry,2026-09-19T05:30:28.306404
9_20_tips,34.0,1.0,1.856199468,0.7132362876370308,20,,Phyloformer,327.84235525131226,,0.5,300,Cherry,2026-09-19T05:30:28.306404
17_10_tips,14.0,1.0,1.3199408949999996,0.8971613191838073,10,,Phyloformer,327.84235525131226,,0.5,300,Cherry,2026-09-19T05:30:28.306404
10_10_tips,14.0,1.0,0.5784245666,0.2586716267898093,10,,Phyloformer,327.84235525131226,,0.5,300,Cherry,2026-09-19T05:30:28.306404
4_10_tips,0.0,0.0,1.43683956,0.7542617761181597,10,,Phyloformer,327.8311142921448,,1.0,300,Cherry,2026-09-19T05:35:56.425355
5_10_tips,6.0,0.4285714285714285,0.056631453,0.0250759842291956,10,,Phyloformer,327.8311142921448,,1.0,300,Cherry,2026-09-19T05:35:56.425355
14_10_tips,0.0,0.0,1.70473419,1.031111091247486,10,,Phyloformer,327.8311142921448,,1.0,300,Cherry,2026-09-19T05:35:56.425355
5_20_tips,2.0,0.0588235294117647,10.384901339999995,3.465510583253939,20,,Phyloformer,327.8311142921448,,1.0,300,Cherry,2026-09-19T05:35:56.425355
13_10_tips,6.0,0.4285714285714285,0.083462128,0.056725652703286,10,,Phyloformer,327.8311142921448,,1.0,300,Cherry,2026-09-19T05:35:56.425355
2_10_tips,4.0,0.2857142857142857,3.0792918,1.9074464550562948,10,,Phyloformer,327.8311142921448,,1.0,300,Cherry,2026-09-19T05:35:56.425355
6_20_tips,4.0,0.1176470588235294,2.09569116,0.7149950595150132,20,,Phyloformer,327.8311142921448,,1.0,300,Cherry,2026-09-19T05:35:56.425355
15_10_tips,4.0,0.2857142857142857,0.049726396,0.0196250000436967,10,,Phyloformer,327.8311142921448,,1.0,300,Cherry,2026-09-19T05:35:56.425355
6_50_tips,12.0,0.1276595744680851,7.378374839999998,2.5486169336979687,50,,Phyloformer,327.8311142921448,,1.0,300,Cherry,2026-09-19T05:35:56.425355
6_10_tips,2.0,0.1428571428571428,2.57021648,1.1423870934479252,10,,Phyloformer,327.8311142921448,,1.0,300,Cherry,2026-09-19T05:35:56.425355
1_20_tips,2.0,0.0588235294117647,2.2312003500000004,0.708412728596211,20,,Phyloformer,327.8311142921448,,1.0,300,Cherry,2026-09-19T05:35:56.425355
16_20_tips,2.0,0.0588235294117647,3.3726917,1.5461985748034095,20,,Phyloformer,327.8311142921448,,1.0,300,Cherry,2026-09-19T05:35:56.425355
19_50_tips,26.0,0.2765957446808511,5.041314281900001,1.5305674951663977,50,,Phyloformer,327.8311142921448,,1.0,300,Cherry,2026-09-19T05:35:56.425355
19_10_tips,4.0,0.2857142857142857,1.5301968700000002,0.7745701158508931,10,,Phyloformer,327.8311142921448,,1.0,300,Cherry,2026-09-19T05:35:56.425355
18_50_tips,26.0,0.2765957446808511,0.332886137,0.0707098037735579,50,,Phyloformer,327.8311142921448,,1.0,300,Cherry,2026-09-19T05:35:56.425355
10_20_tips,2.0,0.0588235294117647,1.62078605,0.6961578177895482,20,,Phyloformer,327.8311142921448,,1.0,300,Cherry,2026-09-19T05:35:56.425355
4_20_tips,0.0,0.0,6.56948009,2.351686556894983,20,,Phyloformer,327.8311142921448,,1.0,300,Cherry,2026-09-19T05:35:56.425355
15_50_tips,10.0,0.1063829787234042,7.353860930000001,2.0923732420738936,50,,Phyloformer,327.8311142921448,,1.0,300,Cherry,2026-09-19T05:35:56.425355
2_20_tips,2.0,0.0588235294117647,4.4278042200000005,2.003244414118128,20,,Phyloformer,327.8311142921448,,1.0,300,Cherry,2026-09-19T05:35:56.425355
19_20_tips,2.0,0.0588235294117647,5.6209221,2.616968150168381,20,,Phyloformer,327.8311142921448,,1.0,300,Cherry,2026-09-19T05:35:56.425355
0_20_tips,2.0,0.0588235294117647,3.60799029,1.1409951455767593,20,,Phyloformer,327.8311142921448,,1.0,300,Cherry,2026-09-19T05:35:56.425355
18_20_tips,4.0,0.1176470588235294,5.458301739999999,2.052306517187854,20,,Phyloformer,327.8311142921448,,1.0,300,Cherry,2026-09-19T05:35:56.425355
15_20_tips,6.0,0.1764705882352941,1.1913906199999995,0.4917404011609188,20,,Phyloformer,327.8311142921448,,1.0,300,Cherry,2026-09-19T05:35:56.425355
8_20_tips,2.0,0.0588235294117647,4.413687039999999,1.6845061542611988,20,,Phyloformer,327.8311142921448,,1.0,300,Cherry,2026-09-19T05:35:56.425355
16_50_tips,12.0,0.1276595744680851,1.1106162250000002,0.2298983152102864,50,,Phyloformer,327.8311142921448,,1.0,300,Cherry,2026-09-19T05:35:56.425355
12_20_tips,6.0,0.1764705882352941,0.96576863,0.3289391218491177,20,,Phyloformer,327.8311142921448,,1.0,300,Cherry,2026-09-19T05:35:56.425355
9_50_tips,18.0,0.1914893617021276,9.908940105999998,3.432229999991981,50,,Phyloformer,327.8311142921448,,1.0,300,Cherry,2026-09-19T05:35:56.425355
16_10_tips,0.0,0.0,4.663133180000001,2.311594386637001,10,,Phyloformer,327.8311142921448,,1.0,300,Cherry,2026-09-19T05:35:56.425355
14_20_tips,16.0,0.4705882352941176,0.081944809,0.0316113783813851,20,,Phyloformer,327.8311142921448,,1.0,300,Cherry,2026-09-19T05:35:56.425355
12_50_tips,30.0,0.3191489361702128,0.7890763635,0.20752906338743,50,,Phyloformer,327.8311142921448,,1.0,300,Cherry,2026-09-19T05:35:56.425355
1_10_tips,0.0,0.0,6.625809400000001,6.016206075424473,10,,Phyloformer,327.8311142921448,,1.0,300,Cherry,2026-09-19T05:35:56.425355
7_10_tips,10.0,0.7142857142857143,0.050192586,0.0216367768181334,10,,Phyloformer,327.8311142921448,,1.0,300,Cherry,2026-09-19T05:35:56.425355
5_50_tips,10.0,0.1063829787234042,6.064459680000001,2.414492181222718,50,,Phyloformer,327.8311142921448,,1.0,300,Cherry,2026-09-19T05:35:56.425355
7_20_tips,6.0,0.1764705882352941,4.939897850000001,2.7079988534865107,20,,Phyloformer,327.8311142921448,,1.0,300,Cherry,2026-09-19T05:35:56.425355
1_50_tips,22.0,0.2340425531914893,0.8193199949999999,0.1700254428675616,50,,Phyloformer,327.8311142921448,,1.0,300,Cherry,2026-09-19T05:35:56.425355
13_20_tips,16.0,0.4705882352941176,0.0685422628999999,0.0218319863690631,20,,Phyloformer,327.8311142921448,,1.0,300,Cherry,2026-09-19T05:35:56.425355
3_20_tips,0.0,0.0,4.2603161400000005,1.4921435272302614,20,,Phyloformer,327.8311142921448,,1.0,300,Cherry,2026-09-19T05:35:56.425355
18_10_tips,0.0,0.0,1.5510676,0.6542852887669369,10,,Phyloformer,327.8311142921448,,1.0,300,Cherry,2026-09-19T05:35:56.425355
0_50_tips,14.0,0.1489361702127659,5.691933474000002,1.289201581517117,50,,Phyloformer,327.8311142921448,,1.0,300,Cherry,2026-09-19T05:35:56.425355
11_20_tips,10.0,0.2941176470588235,0.5488135000000001,0.2229344872006931,20,,Phyloformer,327.8311142921448,,1.0,300,Cherry,2026-09-19T05:35:56.425355
11_50_tips,8.0,0.0851063829787234,13.910024489999998,2.9450673490284904,50,,Phyloformer,327.8311142921448,,1.0,300,Cherry,2026-09-19T05:35:56.425355
3_50_tips,10.0,0.1063829787234042,1.396324872,0.3712057038320186,50,,Phyloformer,327.8311142921448,,1.0,300,Cherry,2026-09-19T05:35:56.425355
2_50_tips,10.0,0.1063829787234042,7.824915409999998,2.5555049186092686,50,,Phyloformer,327.8311142921448,,1.0,300,Cherry,2026-09-19T05:35:56.425355
9_10_tips,0.0,0.0,2.06337521,1.0098811719230325,10,,Phyloformer,327.8311142921448,,1.0,300,Cherry,2026-09-19T05:35:56.425355
8_50_tips,6.0,0.0638297872340425,3.1825401469999988,0.854476401412333,50,,Phyloformer,327.8311142921448,,1.0,300,Cherry,2026-09-19T05:35:56.425355
3_10_tips,4.0,0.2857142857142857,0.12325536,0.0628069349317828,10,,Phyloformer,327.8311142921448,,1.0,300,Cherry,2026-09-19T05:35:56.425355
0_10_tips,0.0,0.0,4.47440618,2.842763967985986,10,,Phyloformer,327.8311142921448,,1.0,300,Cherry,2026-09-19T05:35:56.425355
11_10_tips,0.0,0.0,1.02426136,0.4629255868225481,10,,Phyloformer,327.8311142921448,,1.0,300,Cherry,2026-09-19T05:35:56.425355
10_50_tips,12.0,0.1276595744680851,8.18058401,1.7869505294502086,50,,Phyloformer,327.8311142921448,,1.0,300,Cherry,2026-09-19T05:35:56.425355
7_50_tips,12.0,0.1276595744680851,4.099069633,1.214663233356666,50,,Phyloformer,327.8311142921448,,1.0,300,Cherry,2026-09-19T05:35:56.425355
12_10_tips,4.0,0.2857142857142857,0.6562611299999999,0.5701730057093429,10,,Phyloformer,327.8311142921448,,1.0,300,Cherry,2026-09-19T05:35:56.425355
13_50_tips,10.0,0.1063829787234042,3.388051709999999,0.8197924909161898,50,,Phyloformer,327.8311142921448,,1.0,300,Cherry,2026-09-19T05:35:56.425355
4_50_tips,8.0,0.0851063829787234,9.117064192,3.0190119133239257,50,,Phyloformer,327.8311142921448,,1.0,300,Cherry,2026-09-19T05:35:56.425355
17_20_tips,2.0,0.0588235294117647,2.93003339,1.1427521959740712,20,,Phyloformer,327.8311142921448,,1.0,300,Cherry,2026-09-19T05:35:56.425355
14_50_tips,6.0,0.0638297872340425,6.456847566,1.5182556613120872,50,,Phyloformer,327.8311142921448,,1.0,300,Cherry,2026-09-19T05:35:56.425355
8_10_tips,2.0,0.1428571428571428,1.4821296700000004,0.8273552833402156,10,,Phyloformer,327.8311142921448,,1.0,300,Cherry,2026-09-19T05:35:56.425355
17_50_tips,12.0,0.1276595744680851,1.1597217341,0.3799544210860622,50,,Phyloformer,327.8311142921448,,1.0,300,Cherry,2026-09-19T05:35:56.425355
9_20_tips,2.0,0.0588235294117647,3.13441594,1.121062927092901,20,,Phyloformer,327.8311142921448,,1.0,300,Cherry,2026-09-19T05:35:56.425355
17_10_tips,2.0,0.1428571428571428,5.15378605,2.997583814744431,10,,Phyloformer,327.8311142921448,,1.0,300,Cherry,2026-09-19T05:35:56.425355
10_10_tips,2.0,0.1428571428571428,8.34953877,4.821094689039089,10,,Phyloformer,327.8311142921448,,1.0,300,Cherry,2026-09-19T05:35:56.425355
14_10_tips,2.0,0.1428571428571428,4.637215609999999,2.920515185334963,10,,Phyloformer,327.43139719963074,,2.0,300,Cherry,2026-09-19T05:41:24.119627
4_10_tips,2.0,0.1428571428571428,1.977292998,0.8977071849562303,10,,Phyloformer,327.43139719963074,,2.0,300,Cherry,2026-09-19T05:41:24.119627
5_10_tips,0.0,0.0,2.246664639999999,1.4794677371653742,10,,Phyloformer,327.43139719963074,,2.0,300,Cherry,2026-09-19T05:41:24.119627
6_20_tips,2.0,0.0588235294117647,4.13514508,1.4085260400136297,20,,Phyloformer,327.43139719963074,,2.0,300,Cherry,2026-09-19T05:41:24.119627
5_20_tips,0.0,0.0,8.09512913,5.7662537405997645,20,,Phyloformer,327.43139719963074,,2.0,300,Cherry,2026-09-19T05:41:24.119627
15_10_tips,0.0,0.0,3.47463986,1.7349830202486891,10,,Phyloformer,327.43139719963074,,2.0,300,Cherry,2026-09-19T05:41:24.119627
13_10_tips,2.0,0.1428571428571428,3.24321938,1.5039621868781616,10,,Phyloformer,327.43139719963074,,2.0,300,Cherry,2026-09-19T05:41:24.119627
2_10_tips,2.0,0.1428571428571428,14.21600866,6.312249294228247,10,,Phyloformer,327.43139719963074,,2.0,300,Cherry,2026-09-19T05:41:24.119627
19_50_tips,8.0,0.0851063829787234,13.306725769999996,3.198003514540446,50,,Phyloformer,327.43139719963074,,2.0,300,Cherry,2026-09-19T05:41:24.119627
19_10_tips,4.0,0.2857142857142857,0.10344627,0.0503883136181307,10,,Phyloformer,327.43139719963074,,2.0,300,Cherry,2026-09-19T05:41:24.119627
6_50_tips,12.0,0.1276595744680851,2.5102129900000003,0.6875476937608572,50,,Phyloformer,327.43139719963074,,2.0,300,Cherry,2026-09-19T05:41:24.119627
6_10_tips,0.0,0.0,0.81366116,0.3692515274061108,10,,Phyloformer,327.43139719963074,,2.0,300,Cherry,2026-09-19T05:41:24.119627
1_20_tips,8.0,0.2352941176470588,15.509103730000003,4.326932144528085,20,,Phyloformer,327.43139719963074,,2.0,300,Cherry,2026-09-19T05:41:24.119627
16_20_tips,4.0,0.1176470588235294,2.2027741,1.0044899239485403,20,,Phyloformer,327.43139719963074,,2.0,300,Cherry,2026-09-19T05:41:24.119627
15_50_tips,60.0,0.6382978723404256,0.1345035270599999,0.029374587510742,50,,Phyloformer,327.43139719963074,,2.0,300,Cherry,2026-09-19T05:41:24.119627
19_20_tips,4.0,0.1176470588235294,7.376414360000001,2.4110317464303503,20,,Phyloformer,327.43139719963074,,2.0,300,Cherry,2026-09-19T05:41:24.119627
18_20_tips,6.0,0.1764705882352941,11.18620162,4.442924311921768,20,,Phyloformer,327.43139719963074,,2.0,300,Cherry,2026-09-19T05:41:24.119627
18_50_tips,8.0,0.0851063829787234,1.243812525999999,0.3163159630445727,50,,Phyloformer,327.43139719963074,,2.0,300,Cherry,2026-09-19T05:41:24.119627
15_20_tips,0.0,0.0,4.398546529999999,1.892050311770211,20,,Phyloformer,327.43139719963074,,2.0,300,Cherry,2026-09-19T05:41:24.119627
8_20_tips,6.0,0.1764705882352941,0.339486172,0.1037963078134837,20,,Phyloformer,327.43139719963074,,2.0,300,Cherry,2026-09-19T05:41:24.119627
10_20_tips,16.0,0.4705882352941176,0.05024289843,0.0210167989807966,20,,Phyloformer,327.43139719963074,,2.0,300,Cherry,2026-09-19T05:41:24.119627
4_20_tips,2.0,0.0588235294117647,4.605706980000001,2.656414983592899,20,,Phyloformer,327.43139719963074,,2.0,300,Cherry,2026-09-19T05:41:24.119627
2_20_tips,6.0,0.1764705882352941,6.385084519999998,2.6832509293239704,20,,Phyloformer,327.43139719963074,,2.0,300,Cherry,2026-09-19T05:41:24.119627
0_20_tips,2.0,0.0588235294117647,1.83734759,0.660295015807169,20,,Phyloformer,327.43139719963074,,2.0,300,Cherry,2026-09-19T05:41:24.119627
9_50_tips,8.0,0.0851063829787234,2.2517453162,0.6216807702465489,50,,Phyloformer,327.43139719963074,,2.0,300,Cherry,2026-09-19T05:41:24.119627
16_10_tips,0.0,0.0,0.73937973,0.5180151303943581,10,,Phyloformer,327.43139719963074,,2.0,300,Cherry,2026-09-19T05:41:24.119627
14_20_tips,4.0,0.1176470588235294,8.08502582,6.00206903580122,20,,Phyloformer,327.43139719963074,,2.0,300,Cherry,2026-09-19T05:41:24.119627
16_50_tips,8.0,0.0851063829787234,10.28227563,2.252534633653928,50,,Phyloformer,327.43139719963074,,2.0,300,Cherry,2026-09-19T05:41:24.119627
12_20_tips,4.0,0.1176470588235294,1.15346275,0.524034255171433,20,,Phyloformer,327.43139719963074,,2.0,300,Cherry,2026-09-19T05:41:24.119627
5_50_tips,8.0,0.0851063829787234,0.9093586399999998,0.1843700888054811,50,,Phyloformer,327.43139719963074,,2.0,300,Cherry,2026-09-19T05:41:24.119627
7_20_tips,4.0,0.1176470588235294,1.53534973,0.5040010788756266,20,,Phyloformer,327.43139719963074,,2.0,300,Cherry,2026-09-19T05:41:24.119627
12_50_tips,72.0,0.7659574468085106,0.10469981678,0.0246546861578215,50,,Phyloformer,327.43139719963074,,2.0,300,Cherry,2026-09-19T05:41:24.119627
1_10_tips,2.0,0.1428571428571428,1.6099095100000005,1.18419922512689,10,,Phyloformer,327.43139719963074,,2.0,300,Cherry,2026-09-19T05:41:24.119627
7_10_tips,0.0,0.0,6.1031521600000005,2.8692952071997264,10,,Phyloformer,327.43139719963074,,2.0,300,Cherry,2026-09-19T05:41:24.119627
0_50_tips,2.0,0.0212765957446808,4.929505839999999,1.3646355722020589,50,,Phyloformer,327.43139719963074,,2.0,300,Cherry,2026-09-19T05:41:24.119627
11_20_tips,4.0,0.1176470588235294,15.88029584,6.380857339087776,20,,Phyloformer,327.43139719963074,,2.0,300,Cherry,2026-09-19T05:41:24.119627
1_50_tips,34.0,0.3617021276595745,0.2969997559999999,0.0640590073010013,50,,Phyloformer,327.43139719963074,,2.0,300,Cherry,2026-09-19T05:41:24.119627
13_20_tips,6.0,0.1764705882352941,1.18799495,0.3801650535330883,20,,Phyloformer,327.43139719963074,,2.0,300,Cherry,2026-09-19T05:41:24.119627
3_20_tips,0.0,0.0,6.07110451,2.20159209502826,20,,Phyloformer,327.43139719963074,,2.0,300,Cherry,2026-09-19T05:41:24.119627
18_10_tips,2.0,0.1428571428571428,6.342353609999998,4.098040725028916,10,,Phyloformer,327.43139719963074,,2.0,300,Cherry,2026-09-19T05:41:24.119627
3_50_tips,8.0,0.0851063829787234,5.852457429999999,1.513633214800197,50,,Phyloformer,327.43139719963074,,2.0,300,Cherry,2026-09-19T05:41:24.119627
11_50_tips,70.0,0.7446808510638298,0.100659805122,0.0263515820546775,50,,Phyloformer,327.43139719963074,,2.0,300,Cherry,2026-09-19T05:41:24.119627
8_50_tips,44.0,0.4680851063829787,0.2488555234,0.045681854696497,50,,Phyloformer,327.43139719963074,,2.0,300,Cherry,2026-09-19T05:41:24.119627
3_10_tips,0.0,0.0,0.8526880099999999,0.469253913829016,10,,Phyloformer,327.43139719963074,,2.0,300,Cherry,2026-09-19T05:41:24.119627
0_10_tips,4.0,0.2857142857142857,7.102912880000001,3.607090237988016,10,,Phyloformer,327.43139719963074,,2.0,300,Cherry,2026-09-19T05:41:24.119627
11_10_tips,0.0,0.0,1.2735356599999998,0.6208350527746566,10,,Phyloformer,327.43139719963074,,2.0,300,Cherry,2026-09-19T05:41:24.119627
2_50_tips,10.0,0.1063829787234042,19.0773918,4.22391510166594,50,,Phyloformer,327.43139719963074,,2.0,300,Cherry,2026-09-19T05:41:24.119627
9_10_tips,0.0,0.0,0.77884669,0.5417397082488289,10,,Phyloformer,327.43139719963074,,2.0,300,Cherry,2026-09-19T05:41:24.119627
7_50_tips,2.0,0.0212765957446808,15.13160312,4.052986760373555,50,,Phyloformer,327.43139719963074,,2.0,300,Cherry,2026-09-19T05:41:24.119627
12_10_tips,2.0,0.1428571428571428,5.112321039999999,2.19285618083255,10,,Phyloformer,327.43139719963074,,2.0,300,Cherry,2026-09-19T05:41:24.119627
10_50_tips,12.0,0.1276595744680851,12.008529900000005,4.085655061446664,50,,Phyloformer,327.43139719963074,,2.0,300,Cherry,2026-09-19T05:41:24.119627
4_50_tips,10.0,0.1063829787234042,7.712304414000001,1.7300770028212826,50,,Phyloformer,327.43139719963074,,2.0,300,Cherry,2026-09-19T05:41:24.119627
17_20_tips,8.0,0.2352941176470588,9.8460429,3.46982127111584,20,,Phyloformer,327.43139719963074,,2.0,300,Cherry,2026-09-19T05:41:24.119627
13_50_tips,6.0,0.0638297872340425,8.28270849,2.188696397196335,50,,Phyloformer,327.43139719963074,,2.0,300,Cherry,2026-09-19T05:41:24.119627
17_50_tips,20.0,0.2127659574468085,1.288442902,0.3307345114098892,50,,Phyloformer,327.43139719963074,,2.0,300,Cherry,2026-09-19T05:41:24.119627
9_20_tips,10.0,0.2941176470588235,29.32062004,10.091419266582404,20,,Phyloformer,327.43139719963074,,2.0,300,Cherry,2026-09-19T05:41:24.119627
17_10_tips,0.0,0.0,0.6398244799999999,0.2985998358406045,10,,Phyloformer,327.43139719963074,,2.0,300,Cherry,2026-09-19T05:41:24.119627
10_10_tips,0.0,0.0,2.13424654,1.1591559473331383,10,,Phyloformer,327.43139719963074,,2.0,300,Cherry,2026-09-19T05:41:24.119627
14_50_tips,16.0,0.1702127659574468,21.593941880000003,4.940867412352576,50,,Phyloformer,327.43139719963074,,2.0,300,Cherry,2026-09-19T05:41:24.119627
8_10_tips,2.0,0.1428571428571428,0.53323834,0.3113590315172386,10,,Phyloformer,327.43139719963074,,2.0,300,Cherry,2026-09-19T05:41:24.119627
