id,rf,norm_rf,weighted_rf,kf_score,n_tips,marker,method,runtime_seconds,gpu_memory_mb,tree_size,seq_length,clock_rate,model,note,saved_at
16_10_tips,6.0,0.4285714285714285,0.451843208,0.1922616346086655,10,,Phyloformer,3.5984277725219727,0.0,10,20,0.25,Cherry,all_25_combos_master,2026-10-04T08:57:40.983006
2_10_tips,6.0,0.4285714285714285,0.2225668999999999,0.09942185817554,10,,Phyloformer,3.5984277725219727,0.0,10,20,0.25,Cherry,all_25_combos_master,2026-10-04T08:57:40.983006
18_10_tips,8.0,0.5714285714285714,0.35511482,0.1651214083933812,10,,Phyloformer,3.5984277725219727,0.0,10,20,0.25,Cherry,all_25_combos_master,2026-10-04T08:57:40.983006
4_10_tips,6.0,0.4285714285714285,0.2928525069999999,0.1463956854423132,10,,Phyloformer,3.5984277725219727,0.0,10,20,0.25,Cherry,all_25_combos_master,2026-10-04T08:57:40.983006
19_10_tips,6.0,0.4285714285714285,0.6205401,0.2769249573604849,10,,Phyloformer,3.5984277725219727,0.0,10,20,0.25,Cherry,all_25_combos_master,2026-10-04T08:57:40.983006
5_10_tips,10.0,0.7142857142857143,0.1248236899999999,0.0577691508829643,10,,Phyloformer,3.5984277725219727,0.0,10,20,0.25,Cherry,all_25_combos_master,2026-10-04T08:57:40.983006
3_10_tips,4.0,0.2857142857142857,0.27584853,0.1085865038749931,10,,Phyloformer,3.5984277725219727,0.0,10,20,0.25,Cherry,all_25_combos_master,2026-10-04T08:57:40.983006
7_10_tips,6.0,0.4285714285714285,0.139906393,0.0742941788103366,10,,Phyloformer,3.5984277725219727,0.0,10,20,0.25,Cherry,all_25_combos_master,2026-10-04T08:57:40.983006
17_10_tips,6.0,0.4285714285714285,0.23484645,0.1079324103245753,10,,Phyloformer,3.5984277725219727,0.0,10,20,0.25,Cherry,all_25_combos_master,2026-10-04T08:57:40.983006
14_10_tips,4.0,0.2857142857142857,0.28054447,0.1159579743597192,10,,Phyloformer,3.5984277725219727,0.0,10,20,0.25,Cherry,all_25_combos_master,2026-10-04T08:57:40.983006
11_10_tips,8.0,0.5714285714285714,0.0839399399999999,0.0384463695719478,10,,Phyloformer,3.5984277725219727,0.0,10,20,0.25,Cherry,all_25_combos_master,2026-10-04T08:57:40.983006
13_10_tips,10.0,0.7142857142857143,0.4318781299999999,0.1955086602235954,10,,Phyloformer,3.5984277725219727,0.0,10,20,0.25,Cherry,all_25_combos_master,2026-10-04T08:57:40.983006
10_10_tips,10.0,0.7142857142857143,0.32086273,0.1348327002031387,10,,Phyloformer,3.5984277725219727,0.0,10,20,0.25,Cherry,all_25_combos_master,2026-10-04T08:57:40.983006
1_10_tips,12.0,0.8571428571428571,0.24814548,0.1069384087425346,10,,Phyloformer,3.5984277725219727,0.0,10,20,0.25,Cherry,all_25_combos_master,2026-10-04T08:57:40.983006
0_10_tips,8.0,0.5714285714285714,0.207582515,0.1071932620263192,10,,Phyloformer,3.5984277725219727,0.0,10,20,0.25,Cherry,all_25_combos_master,2026-10-04T08:57:40.983006
8_10_tips,2.0,0.1428571428571428,0.216081934,0.1152144340019607,10,,Phyloformer,3.5984277725219727,0.0,10,20,0.25,Cherry,all_25_combos_master,2026-10-04T08:57:40.983006
9_10_tips,12.0,0.8571428571428571,0.4222521499999999,0.24156263870466,10,,Phyloformer,3.5984277725219727,0.0,10,20,0.25,Cherry,all_25_combos_master,2026-10-04T08:57:40.983006
15_10_tips,6.0,0.4285714285714285,0.215536995,0.1464217836645635,10,,Phyloformer,3.5984277725219727,0.0,10,20,0.25,Cherry,all_25_combos_master,2026-10-04T08:57:40.983006
12_10_tips,10.0,0.7142857142857143,0.2959980700000001,0.1707943661624572,10,,Phyloformer,3.5984277725219727,0.0,10,20,0.25,Cherry,all_25_combos_master,2026-10-04T08:57:40.983006
6_10_tips,2.0,0.1428571428571428,0.37397162,0.2140281555584643,10,,Phyloformer,3.5984277725219727,0.0,10,20,0.25,Cherry,all_25_combos_master,2026-10-04T08:57:40.983006
16_10_tips,2.0,0.1428571428571428,0.4817731172,0.231385176650953,10,,IQ-TREE,88.52178859710693,,10,20,0.25,Cherry,all_25_combos_master,2026-10-04T08:57:40.983006
2_10_tips,8.0,0.5714285714285714,0.1771382906,0.0896446586360722,10,,IQ-TREE,88.52178859710693,,10,20,0.25,Cherry,all_25_combos_master,2026-10-04T08:57:40.983006
4_10_tips,8.0,0.5714285714285714,0.3140149718999999,0.1734537579248463,10,,IQ-TREE,88.52178859710693,,10,20,0.25,Cherry,all_25_combos_master,2026-10-04T08:57:40.983006
18_10_tips,8.0,0.5714285714285714,0.3501631492999999,0.1666474454621125,10,,IQ-TREE,88.52178859710693,,10,20,0.25,Cherry,all_25_combos_master,2026-10-04T08:57:40.983006
19_10_tips,8.0,0.5714285714285714,0.6534254648000001,0.3056683340891503,10,,IQ-TREE,88.52178859710693,,10,20,0.25,Cherry,all_25_combos_master,2026-10-04T08:57:40.983006
5_10_tips,12.0,0.8571428571428571,0.2422480994,0.1508984725765897,10,,IQ-TREE,88.52178859710693,,10,20,0.25,Cherry,all_25_combos_master,2026-10-04T08:57:40.983006
3_10_tips,8.0,0.5714285714285714,0.2602430240999999,0.1050315665478939,10,,IQ-TREE,88.52178859710693,,10,20,0.25,Cherry,all_25_combos_master,2026-10-04T08:57:40.983006
17_10_tips,6.0,0.4285714285714285,0.1958070479999999,0.0961985157289023,10,,IQ-TREE,88.52178859710693,,10,20,0.25,Cherry,all_25_combos_master,2026-10-04T08:57:40.983006
7_10_tips,10.0,0.7142857142857143,0.1511993008,0.0780574003215879,10,,IQ-TREE,88.52178859710693,,10,20,0.25,Cherry,all_25_combos_master,2026-10-04T08:57:40.983006
11_10_tips,12.0,0.8571428571428571,0.0754085806999999,0.0401302966176839,10,,IQ-TREE,88.52178859710693,,10,20,0.25,Cherry,all_25_combos_master,2026-10-04T08:57:40.983006
14_10_tips,6.0,0.4285714285714285,0.2592998234999999,0.1125812039460696,10,,IQ-TREE,88.52178859710693,,10,20,0.25,Cherry,all_25_combos_master,2026-10-04T08:57:40.983006
13_10_tips,10.0,0.7142857142857143,0.3178794974999999,0.1668242073181681,10,,IQ-TREE,88.52178859710693,,10,20,0.25,Cherry,all_25_combos_master,2026-10-04T08:57:40.983006
10_10_tips,10.0,0.7142857142857143,0.2738901520999999,0.1284578945914956,10,,IQ-TREE,88.52178859710693,,10,20,0.25,Cherry,all_25_combos_master,2026-10-04T08:57:40.983006
1_10_tips,10.0,0.7142857142857143,0.1817260153,0.0976398378831827,10,,IQ-TREE,88.52178859710693,,10,20,0.25,Cherry,all_25_combos_master,2026-10-04T08:57:40.983006
0_10_tips,2.0,0.1428571428571428,0.2395953626999999,0.1178845162787871,10,,IQ-TREE,88.52178859710693,,10,20,0.25,Cherry,all_25_combos_master,2026-10-04T08:57:40.983006
8_10_tips,6.0,0.4285714285714285,0.2215426430999999,0.1236193023232734,10,,IQ-TREE,88.52178859710693,,10,20,0.25,Cherry,all_25_combos_master,2026-10-04T08:57:40.983006
15_10_tips,8.0,0.5714285714285714,0.2995778408999999,0.1811620739119833,10,,IQ-TREE,88.52178859710693,,10,20,0.25,Cherry,all_25_combos_master,2026-10-04T08:57:40.983006
9_10_tips,12.0,0.8571428571428571,0.4176719680999999,0.2373411854670408,10,,IQ-TREE,88.52178859710693,,10,20,0.25,Cherry,all_25_combos_master,2026-10-04T08:57:40.983006
12_10_tips,10.0,0.7142857142857143,0.2673015882999999,0.1562995554567965,10,,IQ-TREE,88.52178859710693,,10,20,0.25,Cherry,all_25_combos_master,2026-10-04T08:57:40.983006
6_10_tips,6.0,0.4285714285714285,0.3426420362999999,0.2100934324811358,10,,IQ-TREE,88.52178859710693,,10,20,0.25,Cherry,all_25_combos_master,2026-10-04T08:57:40.983006
2_10_tips,12.0,1.0,0.3315725499999999,0.1379464027527231,10,,FastME,0.042157888412475586,,10,20,0.25,Cherry,all_25_combos_master,2026-10-04T08:57:40.983006
16_10_tips,4.0,0.2857142857142857,0.497360828,0.2267809663820591,10,,FastME,0.042157888412475586,,10,20,0.25,Cherry,all_25_combos_master,2026-10-04T08:57:40.983006
18_10_tips,12.0,1.0,0.77908085,0.2969493488172565,10,,FastME,0.042157888412475586,,10,20,0.25,Cherry,all_25_combos_master,2026-10-04T08:57:40.983006
4_10_tips,4.0,0.2857142857142857,0.3453007269999999,0.1814717695116795,10,,FastME,0.042157888412475586,,10,20,0.25,Cherry,all_25_combos_master,2026-10-04T08:57:40.983006
5_10_tips,10.0,1.0,0.49478699,0.2960758290523262,10,,FastME,0.042157888412475586,,10,20,0.25,Cherry,all_25_combos_master,2026-10-04T08:57:40.983006
19_10_tips,13.0,1.0,0.85050761,0.3218021946209197,10,,FastME,0.042157888412475586,,10,20,0.25,Cherry,all_25_combos_master,2026-10-04T08:57:40.983006
7_10_tips,10.0,1.0,0.366575683,0.1688575556076723,10,,FastME,0.042157888412475586,,10,20,0.25,Cherry,all_25_combos_master,2026-10-04T08:57:40.983006
3_10_tips,12.0,1.0,0.4829994,0.1722435146993883,10,,FastME,0.042157888412475586,,10,20,0.25,Cherry,all_25_combos_master,2026-10-04T08:57:40.983006
14_10_tips,13.0,1.0,0.91490888,0.3111606199342538,10,,FastME,0.042157888412475586,,10,20,0.25,Cherry,all_25_combos_master,2026-10-04T08:57:40.983006
17_10_tips,8.0,0.5714285714285714,0.21400018,0.0966879551156026,10,,FastME,0.042157888412475586,,10,20,0.25,Cherry,all_25_combos_master,2026-10-04T08:57:40.983006
13_10_tips,13.0,1.0,0.6987750199999999,0.2727003597281569,10,,FastME,0.042157888412475586,,10,20,0.25,Cherry,all_25_combos_master,2026-10-04T08:57:40.983006
11_10_tips,13.0,1.0,0.1871877099999999,0.0776230668123458,10,,FastME,0.042157888412475586,,10,20,0.25,Cherry,all_25_combos_master,2026-10-04T08:57:40.983006
10_10_tips,12.0,1.0,0.4195407699999999,0.1698939139012257,10,,FastME,0.042157888412475586,,10,20,0.25,Cherry,all_25_combos_master,2026-10-04T08:57:40.983006
0_10_tips,13.0,1.0,0.2503004649999999,0.1104035790168544,10,,FastME,0.042157888412475586,,10,20,0.25,Cherry,all_25_combos_master,2026-10-04T08:57:40.983006
15_10_tips,12.0,1.0,0.7753284449999999,0.3492745178710184,10,,FastME,0.042157888412475586,,10,20,0.25,Cherry,all_25_combos_master,2026-10-04T08:57:40.983006
12_10_tips,11.0,1.0,0.38399107,0.2149034124518228,10,,FastME,0.042157888412475586,,10,20,0.25,Cherry,all_25_combos_master,2026-10-04T08:57:40.983006
1_10_tips,10.0,1.0,0.6413885699999999,0.310050667874248,10,,FastME,0.042157888412475586,,10,20,0.25,Cherry,all_25_combos_master,2026-10-04T08:57:40.983006
8_10_tips,11.0,1.0,0.672905734,0.3327529415383692,10,,FastME,0.042157888412475586,,10,20,0.25,Cherry,all_25_combos_master,2026-10-04T08:57:40.983006
9_10_tips,11.0,1.0,0.52833294,0.2610699966543877,10,,FastME,0.042157888412475586,,10,20,0.25,Cherry,all_25_combos_master,2026-10-04T08:57:40.983006
6_10_tips,12.0,1.0,0.8179211500000001,0.3110220649413235,10,,FastME,0.042157888412475586,,10,20,0.25,Cherry,all_25_combos_master,2026-10-04T08:57:40.983006
2_10_tips,12.0,0.8571428571428571,0.21383993,0.0980924452439386,10,,Phyloformer,3.614588499069214,0.0,10,25,0.25,Cherry,all_25_combos_master,2026-10-04T08:57:40.983006
16_10_tips,6.0,0.4285714285714285,0.2981010980000001,0.1313844144017011,10,,Phyloformer,3.614588499069214,0.0,10,25,0.25,Cherry,all_25_combos_master,2026-10-04T08:57:40.983006
18_10_tips,0.0,0.0,0.27959906,0.1472407021941304,10,,Phyloformer,3.614588499069214,0.0,10,25,0.25,Cherry,all_25_combos_master,2026-10-04T08:57:40.983006
4_10_tips,2.0,0.1428571428571428,0.2905018770000001,0.1559079962178799,10,,Phyloformer,3.614588499069214,0.0,10,25,0.25,Cherry,all_25_combos_master,2026-10-04T08:57:40.983006
19_10_tips,4.0,0.2857142857142857,0.39068789,0.2242811962445953,10,,Phyloformer,3.614588499069214,0.0,10,25,0.25,Cherry,all_25_combos_master,2026-10-04T08:57:40.983006
5_10_tips,6.0,0.4285714285714285,0.22272457,0.1039401525128855,10,,Phyloformer,3.614588499069214,0.0,10,25,0.25,Cherry,all_25_combos_master,2026-10-04T08:57:40.983006
7_10_tips,10.0,0.7142857142857143,0.2008071030000001,0.1248171052901939,10,,Phyloformer,3.614588499069214,0.0,10,25,0.25,Cherry,all_25_combos_master,2026-10-04T08:57:40.983006
14_10_tips,2.0,0.1428571428571428,0.4065006299999999,0.1697256772328992,10,,Phyloformer,3.614588499069214,0.0,10,25,0.25,Cherry,all_25_combos_master,2026-10-04T08:57:40.983006
13_10_tips,2.0,0.1428571428571428,0.19384071,0.1308859742862042,10,,Phyloformer,3.614588499069214,0.0,10,25,0.25,Cherry,all_25_combos_master,2026-10-04T08:57:40.983006
1_10_tips,12.0,0.8571428571428571,0.31389349,0.1472487689863766,10,,Phyloformer,3.614588499069214,0.0,10,25,0.25,Cherry,all_25_combos_master,2026-10-04T08:57:40.983006
8_10_tips,6.0,0.4285714285714285,0.4175497339999999,0.246687242868346,10,,Phyloformer,3.614588499069214,0.0,10,25,0.25,Cherry,all_25_combos_master,2026-10-04T08:57:40.983006
3_10_tips,2.0,0.1428571428571428,0.2207640399999999,0.100744965531284,10,,Phyloformer,3.614588499069214,0.0,10,25,0.25,Cherry,all_25_combos_master,2026-10-04T08:57:40.983006
9_10_tips,2.0,0.1428571428571428,0.29764567,0.1624947074574796,10,,Phyloformer,3.614588499069214,0.0,10,25,0.25,Cherry,all_25_combos_master,2026-10-04T08:57:40.983006
17_10_tips,0.0,0.0,0.18760071,0.0913741233521848,10,,Phyloformer,3.614588499069214,0.0,10,25,0.25,Cherry,all_25_combos_master,2026-10-04T08:57:40.983006
6_10_tips,4.0,0.2857142857142857,0.59341033,0.2435251427865268,10,,Phyloformer,3.614588499069214,0.0,10,25,0.25,Cherry,all_25_combos_master,2026-10-04T08:57:40.983006
11_10_tips,10.0,0.7142857142857143,0.10835274,0.0421553421405021,10,,Phyloformer,3.614588499069214,0.0,10,25,0.25,Cherry,all_25_combos_master,2026-10-04T08:57:40.983006
10_10_tips,8.0,0.5714285714285714,0.2330958199999999,0.0891954355130238,10,,Phyloformer,3.614588499069214,0.0,10,25,0.25,Cherry,all_25_combos_master,2026-10-04T08:57:40.983006
0_10_tips,10.0,0.7142857142857143,0.223264405,0.1157780773301203,10,,Phyloformer,3.614588499069214,0.0,10,25,0.25,Cherry,all_25_combos_master,2026-10-04T08:57:40.983006
15_10_tips,8.0,0.5714285714285714,0.301659485,0.1972943164839249,10,,Phyloformer,3.614588499069214,0.0,10,25,0.25,Cherry,all_25_combos_master,2026-10-04T08:57:40.983006
12_10_tips,6.0,0.4285714285714285,0.33817896,0.191096506007416,10,,Phyloformer,3.614588499069214,0.0,10,25,0.25,Cherry,all_25_combos_master,2026-10-04T08:57:40.983006
16_10_tips,4.0,0.2857142857142857,0.2146133509,0.099137384543443,10,,IQ-TREE,87.3565468788147,,10,25,0.25,Cherry,all_25_combos_master,2026-10-04T08:57:40.983006
2_10_tips,12.0,0.8571428571428571,0.2232447576,0.1043715666814498,10,,IQ-TREE,87.3565468788147,,10,25,0.25,Cherry,all_25_combos_master,2026-10-04T08:57:40.983006
18_10_tips,6.0,0.4285714285714285,0.2718307995,0.1423812889040099,10,,IQ-TREE,87.3565468788147,,10,25,0.25,Cherry,all_25_combos_master,2026-10-04T08:57:40.983006
4_10_tips,8.0,0.5714285714285714,0.2026869265,0.1468165804693126,10,,IQ-TREE,87.3565468788147,,10,25,0.25,Cherry,all_25_combos_master,2026-10-04T08:57:40.983006
5_10_tips,8.0,0.5714285714285714,0.2366604175,0.118157929012828,10,,IQ-TREE,87.3565468788147,,10,25,0.25,Cherry,all_25_combos_master,2026-10-04T08:57:40.983006
19_10_tips,8.0,0.5714285714285714,0.3890347916999999,0.2259972130555939,10,,IQ-TREE,87.3565468788147,,10,25,0.25,Cherry,all_25_combos_master,2026-10-04T08:57:40.983006
7_10_tips,14.0,1.0,0.200646083,0.1248360737151652,10,,IQ-TREE,87.3565468788147,,10,25,0.25,Cherry,all_25_combos_master,2026-10-04T08:57:40.983006
3_10_tips,6.0,0.4285714285714285,0.2214540698,0.098535757337709,10,,IQ-TREE,87.3565468788147,,10,25,0.25,Cherry,all_25_combos_master,2026-10-04T08:57:40.983006
14_10_tips,4.0,0.2857142857142857,0.3704000705999999,0.1743238454103566,10,,IQ-TREE,87.3565468788147,,10,25,0.25,Cherry,all_25_combos_master,2026-10-04T08:57:40.983006
17_10_tips,4.0,0.2857142857142857,0.1555150229,0.0746583510470803,10,,IQ-TREE,87.3565468788147,,10,25,0.25,Cherry,all_25_combos_master,2026-10-04T08:57:40.983006
13_10_tips,4.0,0.2857142857142857,0.2043154375,0.1242668407617916,10,,IQ-TREE,87.3565468788147,,10,25,0.25,Cherry,all_25_combos_master,2026-10-04T08:57:40.983006
11_10_tips,12.0,0.8571428571428571,0.0815556051,0.0406628389410081,10,,IQ-TREE,87.3565468788147,,10,25,0.25,Cherry,all_25_combos_master,2026-10-04T08:57:40.983006
1_10_tips,10.0,0.7142857142857143,0.2584504332999999,0.1152448398293298,10,,IQ-TREE,87.3565468788147,,10,25,0.25,Cherry,all_25_combos_master,2026-10-04T08:57:40.983006
10_10_tips,8.0,0.5714285714285714,0.1892190244,0.0838647421193288,10,,IQ-TREE,87.3565468788147,,10,25,0.25,Cherry,all_25_combos_master,2026-10-04T08:57:40.983006
8_10_tips,4.0,0.2857142857142857,0.3128016557999999,0.1946217815682142,10,,IQ-TREE,87.3565468788147,,10,25,0.25,Cherry,all_25_combos_master,2026-10-04T08:57:40.983006
9_10_tips,2.0,0.1428571428571428,0.2723402162,0.1381216635456176,10,,IQ-TREE,87.3565468788147,,10,25,0.25,Cherry,all_25_combos_master,2026-10-04T08:57:40.983006
0_10_tips,14.0,1.0,0.2031408777999999,0.1078598115329381,10,,IQ-TREE,87.3565468788147,,10,25,0.25,Cherry,all_25_combos_master,2026-10-04T08:57:40.983006
6_10_tips,2.0,0.1428571428571428,0.4879916882,0.216354835831763,10,,IQ-TREE,87.3565468788147,,10,25,0.25,Cherry,all_25_combos_master,2026-10-04T08:57:40.983006
15_10_tips,8.0,0.5714285714285714,0.3291681230999999,0.1965558679703274,10,,IQ-TREE,87.3565468788147,,10,25,0.25,Cherry,all_25_combos_master,2026-10-04T08:57:40.983006
12_10_tips,8.0,0.5714285714285714,0.3034491081999999,0.1770385718997739,10,,IQ-TREE,87.3565468788147,,10,25,0.25,Cherry,all_25_combos_master,2026-10-04T08:57:40.983006
16_10_tips,12.0,1.0,0.7870395380000001,0.3078128876580526,10,,FastME,0.0366666316986084,,10,25,0.25,Cherry,all_25_combos_master,2026-10-04T08:57:40.983006
4_10_tips,4.0,0.2857142857142857,0.282250377,0.161523589234199,10,,FastME,0.0366666316986084,,10,25,0.25,Cherry,all_25_combos_master,2026-10-04T08:57:40.983006
19_10_tips,12.0,1.0,0.7325771799999999,0.2835850598676629,10,,FastME,0.0366666316986084,,10,25,0.25,Cherry,all_25_combos_master,2026-10-04T08:57:40.983006
2_10_tips,12.0,1.0,0.2441398,0.1031339870160249,10,,FastME,0.0366666316986084,,10,25,0.25,Cherry,all_25_combos_master,2026-10-04T08:57:40.983006
18_10_tips,11.0,1.0,0.9155002900000002,0.3316284540526622,10,,FastME,0.0366666316986084,,10,25,0.25,Cherry,all_25_combos_master,2026-10-04T08:57:40.983006
3_10_tips,12.0,1.0,0.49659833,0.180528071681128,10,,FastME,0.0366666316986084,,10,25,0.25,Cherry,all_25_combos_master,2026-10-04T08:57:40.983006
5_10_tips,11.0,1.0,0.4485213900000001,0.1960507659857148,10,,FastME,0.0366666316986084,,10,25,0.25,Cherry,all_25_combos_master,2026-10-04T08:57:40.983006
17_10_tips,13.0,1.0,0.71721602,0.2747800002071344,10,,FastME,0.0366666316986084,,10,25,0.25,Cherry,all_25_combos_master,2026-10-04T08:57:40.983006
7_10_tips,8.0,1.0,0.203908863,0.1248787575493389,10,,FastME,0.0366666316986084,,10,25,0.25,Cherry,all_25_combos_master,2026-10-04T08:57:40.983006
11_10_tips,10.0,0.7142857142857143,0.09658347,0.0382364218438898,10,,FastME,0.0366666316986084,,10,25,0.25,Cherry,all_25_combos_master,2026-10-04T08:57:40.983006
14_10_tips,4.0,0.2857142857142857,0.38734872,0.1724559902637557,10,,FastME,0.0366666316986084,,10,25,0.25,Cherry,all_25_combos_master,2026-10-04T08:57:40.983006
10_10_tips,8.0,0.5714285714285714,0.22394444,0.0854542004415511,10,,FastME,0.0366666316986084,,10,25,0.25,Cherry,all_25_combos_master,2026-10-04T08:57:40.983006
13_10_tips,4.0,0.2857142857142857,0.21112649,0.1176852399387523,10,,FastME,0.0366666316986084,,10,25,0.25,Cherry,all_25_combos_master,2026-10-04T08:57:40.983006
0_10_tips,9.0,1.0,0.2075115049999999,0.1087905982838481,10,,FastME,0.0366666316986084,,10,25,0.25,Cherry,all_25_combos_master,2026-10-04T08:57:40.983006
1_10_tips,9.0,1.0,0.55389614,0.2668630340967508,10,,FastME,0.0366666316986084,,10,25,0.25,Cherry,all_25_combos_master,2026-10-04T08:57:40.983006
15_10_tips,12.0,1.0,0.4939799749999999,0.243291706835767,10,,FastME,0.0366666316986084,,10,25,0.25,Cherry,all_25_combos_master,2026-10-04T08:57:40.983006
8_10_tips,13.0,1.0,0.6263385340000001,0.3009826645245575,10,,FastME,0.0366666316986084,,10,25,0.25,Cherry,all_25_combos_master,2026-10-04T08:57:40.983006
9_10_tips,13.0,1.0,0.69946021,0.2831420011120284,10,,FastME,0.0366666316986084,,10,25,0.25,Cherry,all_25_combos_master,2026-10-04T08:57:40.983006
12_10_tips,13.0,1.0,0.60268411,0.266761202892068,10,,FastME,0.0366666316986084,,10,25,0.25,Cherry,all_25_combos_master,2026-10-04T08:57:40.983006
6_10_tips,2.0,0.1428571428571428,0.4620436699999999,0.2033155478250675,10,,FastME,0.0366666316986084,,10,25,0.25,Cherry,all_25_combos_master,2026-10-04T08:57:40.983006
16_10_tips,2.0,0.1428571428571428,0.358469718,0.1753301098212435,10,,Phyloformer,3.944251537322998,0.0,10,50,0.25,Cherry,all_25_combos_master,2026-10-04T08:57:40.983006
4_10_tips,2.0,0.1428571428571428,0.210269147,0.1322119187728118,10,,Phyloformer,3.944251537322998,0.0,10,50,0.25,Cherry,all_25_combos_master,2026-10-04T08:57:40.983006
19_10_tips,0.0,0.0,0.30417393,0.1663207148382422,10,,Phyloformer,3.944251537322998,0.0,10,50,0.25,Cherry,all_25_combos_master,2026-10-04T08:57:40.983006
3_10_tips,6.0,0.4285714285714285,0.22786935,0.09821225321248,10,,Phyloformer,3.944251537322998,0.0,10,50,0.25,Cherry,all_25_combos_master,2026-10-04T08:57:40.983006
17_10_tips,6.0,0.4285714285714285,0.3011293599999999,0.1596657774921827,10,,Phyloformer,3.944251537322998,0.0,10,50,0.25,Cherry,all_25_combos_master,2026-10-04T08:57:40.983006
11_10_tips,8.0,0.5714285714285714,0.11437646,0.0444813520464587,10,,Phyloformer,3.944251537322998,0.0,10,50,0.25,Cherry,all_25_combos_master,2026-10-04T08:57:40.983006
10_10_tips,8.0,0.5714285714285714,0.25521502,0.1096510449172966,10,,Phyloformer,3.944251537322998,0.0,10,50,0.25,Cherry,all_25_combos_master,2026-10-04T08:57:40.983006
0_10_tips,8.0,0.5714285714285714,0.0692335249999999,0.033160359606811,10,,Phyloformer,3.944251537322998,0.0,10,50,0.25,Cherry,all_25_combos_master,2026-10-04T08:57:40.983006
2_10_tips,6.0,0.4285714285714285,0.1577631499999999,0.0829942170771452,10,,Phyloformer,3.944251537322998,0.0,10,50,0.25,Cherry,all_25_combos_master,2026-10-04T08:57:40.983006
18_10_tips,6.0,0.4285714285714285,0.34206369,0.1506157744638591,10,,Phyloformer,3.944251537322998,0.0,10,50,0.25,Cherry,all_25_combos_master,2026-10-04T08:57:40.983006
5_10_tips,6.0,0.4285714285714285,0.15743188,0.0795302786963028,10,,Phyloformer,3.944251537322998,0.0,10,50,0.25,Cherry,all_25_combos_master,2026-10-04T08:57:40.983006
7_10_tips,12.0,0.8571428571428571,0.109035783,0.0509270364539737,10,,Phyloformer,3.944251537322998,0.0,10,50,0.25,Cherry,all_25_combos_master,2026-10-04T08:57:40.983006
14_10_tips,6.0,0.4285714285714285,0.3135088299999999,0.1338499046903736,10,,Phyloformer,3.944251537322998,0.0,10,50,0.25,Cherry,all_25_combos_master,2026-10-04T08:57:40.983006
13_10_tips,4.0,0.2857142857142857,0.22362275,0.1139397863813712,10,,Phyloformer,3.944251537322998,0.0,10,50,0.25,Cherry,all_25_combos_master,2026-10-04T08:57:40.983006
1_10_tips,6.0,0.4285714285714285,0.21675568,0.1188853131502928,10,,Phyloformer,3.944251537322998,0.0,10,50,0.25,Cherry,all_25_combos_master,2026-10-04T08:57:40.983006
15_10_tips,8.0,0.5714285714285714,0.2869736249999999,0.1710819720368453,10,,Phyloformer,3.944251537322998,0.0,10,50,0.25,Cherry,all_25_combos_master,2026-10-04T08:57:40.983006
12_10_tips,8.0,0.5714285714285714,0.25162343,0.1360448753603064,10,,Phyloformer,3.944251537322998,0.0,10,50,0.25,Cherry,all_25_combos_master,2026-10-04T08:57:40.983006
8_10_tips,4.0,0.2857142857142857,0.3440029839999999,0.203678809522362,10,,Phyloformer,3.944251537322998,0.0,10,50,0.25,Cherry,all_25_combos_master,2026-10-04T08:57:40.983006
9_10_tips,2.0,0.1428571428571428,0.16256486,0.1111232796353743,10,,Phyloformer,3.944251537322998,0.0,10,50,0.25,Cherry,all_25_combos_master,2026-10-04T08:57:40.983006
6_10_tips,0.0,0.0,0.16579374,0.0937362097245488,10,,Phyloformer,3.944251537322998,0.0,10,50,0.25,Cherry,all_25_combos_master,2026-10-04T08:57:40.983006
16_10_tips,4.0,0.2857142857142857,0.3584512661999999,0.1687832606353226,10,,IQ-TREE,95.43538069725037,,10,50,0.25,Cherry,all_25_combos_master,2026-10-04T08:57:40.983006
2_10_tips,8.0,0.5714285714285714,0.1463072756,0.0752189536022068,10,,IQ-TREE,95.43538069725037,,10,50,0.25,Cherry,all_25_combos_master,2026-10-04T08:57:40.983006
18_10_tips,4.0,0.2857142857142857,0.3178102374999999,0.1524499694869143,10,,IQ-TREE,95.43538069725037,,10,50,0.25,Cherry,all_25_combos_master,2026-10-04T08:57:40.983006
4_10_tips,4.0,0.2857142857142857,0.2133136845,0.1213820169628362,10,,IQ-TREE,95.43538069725037,,10,50,0.25,Cherry,all_25_combos_master,2026-10-04T08:57:40.983006
5_10_tips,10.0,0.7142857142857143,0.158207996,0.0787530528587831,10,,IQ-TREE,95.43538069725037,,10,50,0.25,Cherry,all_25_combos_master,2026-10-04T08:57:40.983006
19_10_tips,2.0,0.1428571428571428,0.1957513044999999,0.0952475340693012,10,,IQ-TREE,95.43538069725037,,10,50,0.25,Cherry,all_25_combos_master,2026-10-04T08:57:40.983006
7_10_tips,8.0,0.5714285714285714,0.1019379913,0.0502548079274369,10,,IQ-TREE,95.43538069725037,,10,50,0.25,Cherry,all_25_combos_master,2026-10-04T08:57:40.983006
3_10_tips,8.0,0.5714285714285714,0.215135097,0.0957677479538256,10,,IQ-TREE,95.43538069725037,,10,50,0.25,Cherry,all_25_combos_master,2026-10-04T08:57:40.983006
14_10_tips,4.0,0.2857142857142857,0.3066180546999999,0.1302164937616942,10,,IQ-TREE,95.43538069725037,,10,50,0.25,Cherry,all_25_combos_master,2026-10-04T08:57:40.983006
17_10_tips,4.0,0.2857142857142857,0.2487359849,0.1392795777690168,10,,IQ-TREE,95.43538069725037,,10,50,0.25,Cherry,all_25_combos_master,2026-10-04T08:57:40.983006
13_10_tips,2.0,0.1428571428571428,0.2059830754,0.112330337946564,10,,IQ-TREE,95.43538069725037,,10,50,0.25,Cherry,all_25_combos_master,2026-10-04T08:57:40.983006
11_10_tips,8.0,0.5714285714285714,0.1525575639,0.0644672245884809,10,,IQ-TREE,95.43538069725037,,10,50,0.25,Cherry,all_25_combos_master,2026-10-04T08:57:40.983006
1_10_tips,6.0,0.4285714285714285,0.1970148671999999,0.1014818496867135,10,,IQ-TREE,95.43538069725037,,10,50,0.25,Cherry,all_25_combos_master,2026-10-04T08:57:40.983006
10_10_tips,8.0,0.5714285714285714,0.2475293132,0.1106993250430813,10,,IQ-TREE,95.43538069725037,,10,50,0.25,Cherry,all_25_combos_master,2026-10-04T08:57:40.983006
8_10_tips,4.0,0.2857142857142857,0.2987215937999999,0.1604983323926238,10,,IQ-TREE,95.43538069725037,,10,50,0.25,Cherry,all_25_combos_master,2026-10-04T08:57:40.983006
0_10_tips,8.0,0.5714285714285714,0.0851847764,0.0394430850457752,10,,IQ-TREE,95.43538069725037,,10,50,0.25,Cherry,all_25_combos_master,2026-10-04T08:57:40.983006
9_10_tips,4.0,0.2857142857142857,0.1908932713,0.1191637158108567,10,,IQ-TREE,95.43538069725037,,10,50,0.25,Cherry,all_25_combos_master,2026-10-04T08:57:40.983006
6_10_tips,0.0,0.0,0.1255276232,0.0836509749314874,10,,IQ-TREE,95.43538069725037,,10,50,0.25,Cherry,all_25_combos_master,2026-10-04T08:57:40.983006
15_10_tips,8.0,0.5714285714285714,0.2263257824,0.132140482166367,10,,IQ-TREE,95.43538069725037,,10,50,0.25,Cherry,all_25_combos_master,2026-10-04T08:57:40.983006
12_10_tips,4.0,0.2857142857142857,0.2126205983,0.1254201445763209,10,,IQ-TREE,95.43538069725037,,10,50,0.25,Cherry,all_25_combos_master,2026-10-04T08:57:40.983006
16_10_tips,4.0,0.2857142857142857,0.380756318,0.1747601257024585,10,,FastME,0.035572052001953125,,10,50,0.25,Cherry,all_25_combos_master,2026-10-04T08:57:40.983006
4_10_tips,4.0,0.2857142857142857,0.224984263,0.1280209933212136,10,,FastME,0.035572052001953125,,10,50,0.25,Cherry,all_25_combos_master,2026-10-04T08:57:40.983006
19_10_tips,13.0,1.0,0.8774964300000001,0.3084838110634698,10,,FastME,0.035572052001953125,,10,50,0.25,Cherry,all_25_combos_master,2026-10-04T08:57:40.983006
2_10_tips,13.0,1.0,0.21666125,0.0976061466197078,10,,FastME,0.035572052001953125,,10,50,0.25,Cherry,all_25_combos_master,2026-10-04T08:57:40.983006
18_10_tips,13.0,1.0,0.7971050000000001,0.2940027163925262,10,,FastME,0.035572052001953125,,10,50,0.25,Cherry,all_25_combos_master,2026-10-04T08:57:40.983006
3_10_tips,10.0,1.0,0.46972488,0.1832505347036936,10,,FastME,0.035572052001953125,,10,50,0.25,Cherry,all_25_combos_master,2026-10-04T08:57:40.983006
5_10_tips,9.0,1.0,0.28465326,0.1424016274281885,10,,FastME,0.035572052001953125,,10,50,0.25,Cherry,all_25_combos_master,2026-10-04T08:57:40.983006
7_10_tips,11.0,1.0,0.308033283,0.1617139587154459,10,,FastME,0.035572052001953125,,10,50,0.25,Cherry,all_25_combos_master,2026-10-04T08:57:40.983006
14_10_tips,8.0,0.5714285714285714,0.28816114,0.1216281071472906,10,,FastME,0.035572052001953125,,10,50,0.25,Cherry,all_25_combos_master,2026-10-04T08:57:40.983006
17_10_tips,6.0,0.4285714285714285,0.27809311,0.1476982922141088,10,,FastME,0.035572052001953125,,10,50,0.25,Cherry,all_25_combos_master,2026-10-04T08:57:40.983006
13_10_tips,4.0,0.2857142857142857,0.21465198,0.1133146496029873,10,,FastME,0.035572052001953125,,10,50,0.25,Cherry,all_25_combos_master,2026-10-04T08:57:40.983006
11_10_tips,8.0,0.5714285714285714,0.1377332499999999,0.0543588387061727,10,,FastME,0.035572052001953125,,10,50,0.25,Cherry,all_25_combos_master,2026-10-04T08:57:40.983006
1_10_tips,13.0,1.0,0.61502544,0.2581844832434807,10,,FastME,0.035572052001953125,,10,50,0.25,Cherry,all_25_combos_master,2026-10-04T08:57:40.983006
10_10_tips,8.0,0.5714285714285714,0.26685992,0.1134121914378926,10,,FastME,0.035572052001953125,,10,50,0.25,Cherry,all_25_combos_master,2026-10-04T08:57:40.983006
8_10_tips,6.0,0.4285714285714285,0.305649664,0.1699543019385842,10,,FastME,0.035572052001953125,,10,50,0.25,Cherry,all_25_combos_master,2026-10-04T08:57:40.983006
9_10_tips,13.0,1.0,0.7704568700000001,0.3505544436161979,10,,FastME,0.035572052001953125,,10,50,0.25,Cherry,all_25_combos_master,2026-10-04T08:57:40.983006
6_10_tips,0.0,0.0,0.19525773,0.1045073493254311,10,,FastME,0.035572052001953125,,10,50,0.25,Cherry,all_25_combos_master,2026-10-04T08:57:40.983006
0_10_tips,11.0,1.0,0.3173978149999999,0.1425204023295539,10,,FastME,0.035572052001953125,,10,50,0.25,Cherry,all_25_combos_master,2026-10-04T08:57:40.983006
15_10_tips,12.0,1.0,0.522736085,0.2556905449528694,10,,FastME,0.035572052001953125,,10,50,0.25,Cherry,all_25_combos_master,2026-10-04T08:57:40.983006
12_10_tips,4.0,0.2857142857142857,0.21856945,0.1203603816918661,10,,FastME,0.035572052001953125,,10,50,0.25,Cherry,all_25_combos_master,2026-10-04T08:57:40.983006
2_10_tips,2.0,0.1428571428571428,0.10444181,0.0623819270945127,10,,Phyloformer,3.535252571105957,0.0,10,100,0.25,Cherry,all_25_combos_master,2026-10-04T08:57:40.983006
18_10_tips,4.0,0.2857142857142857,0.1931190099999999,0.0871029270789799,10,,Phyloformer,3.535252571105957,0.0,10,100,0.25,Cherry,all_25_combos_master,2026-10-04T08:57:40.983006
5_10_tips,6.0,0.4285714285714285,0.1549595,0.0922183920317373,10,,Phyloformer,3.535252571105957,0.0,10,100,0.25,Cherry,all_25_combos_master,2026-10-04T08:57:40.983006
7_10_tips,10.0,0.7142857142857143,0.134496753,0.0664968903876013,10,,Phyloformer,3.535252571105957,0.0,10,100,0.25,Cherry,all_25_combos_master,2026-10-04T08:57:40.983006
14_10_tips,0.0,0.0,0.2213636699999999,0.1213066701136672,10,,Phyloformer,3.535252571105957,0.0,10,100,0.25,Cherry,all_25_combos_master,2026-10-04T08:57:40.983006
16_10_tips,4.0,0.2857142857142857,0.291582888,0.1484391999444837,10,,Phyloformer,3.535252571105957,0.0,10,100,0.25,Cherry,all_25_combos_master,2026-10-04T08:57:40.983006
4_10_tips,6.0,0.4285714285714285,0.186326183,0.0909757673245388,10,,Phyloformer,3.535252571105957,0.0,10,100,0.25,Cherry,all_25_combos_master,2026-10-04T08:57:40.983006
19_10_tips,0.0,0.0,0.3648495399999999,0.1787760835601188,10,,Phyloformer,3.535252571105957,0.0,10,100,0.25,Cherry,all_25_combos_master,2026-10-04T08:57:40.983006
3_10_tips,2.0,0.1428571428571428,0.16942849,0.0726927563839981,10,,Phyloformer,3.535252571105957,0.0,10,100,0.25,Cherry,all_25_combos_master,2026-10-04T08:57:40.983006
13_10_tips,4.0,0.2857142857142857,0.12858357,0.0601150944198318,10,,Phyloformer,3.535252571105957,0.0,10,100,0.25,Cherry,all_25_combos_master,2026-10-04T08:57:40.983006
1_10_tips,8.0,0.5714285714285714,0.24145405,0.1112988207635736,10,,Phyloformer,3.535252571105957,0.0,10,100,0.25,Cherry,all_25_combos_master,2026-10-04T08:57:40.983006
8_10_tips,4.0,0.2857142857142857,0.282614504,0.1712712544848885,10,,Phyloformer,3.535252571105957,0.0,10,100,0.25,Cherry,all_25_combos_master,2026-10-04T08:57:40.983006
9_10_tips,0.0,0.0,0.2295280599999999,0.13896111792219,10,,Phyloformer,3.535252571105957,0.0,10,100,0.25,Cherry,all_25_combos_master,2026-10-04T08:57:40.983006
17_10_tips,4.0,0.2857142857142857,0.2779852499999999,0.1401707396413192,10,,Phyloformer,3.535252571105957,0.0,10,100,0.25,Cherry,all_25_combos_master,2026-10-04T08:57:40.983006
11_10_tips,12.0,0.8571428571428571,0.1204245,0.0543758749698981,10,,Phyloformer,3.535252571105957,0.0,10,100,0.25,Cherry,all_25_combos_master,2026-10-04T08:57:40.983006
10_10_tips,2.0,0.1428571428571428,0.17319891,0.0868509438778917,10,,Phyloformer,3.535252571105957,0.0,10,100,0.25,Cherry,all_25_combos_master,2026-10-04T08:57:40.983006
6_10_tips,2.0,0.1428571428571428,0.30013812,0.1628340399405627,10,,Phyloformer,3.535252571105957,0.0,10,100,0.25,Cherry,all_25_combos_master,2026-10-04T08:57:40.983006
0_10_tips,2.0,0.1428571428571428,0.0667238349999999,0.0302345075656727,10,,Phyloformer,3.535252571105957,0.0,10,100,0.25,Cherry,all_25_combos_master,2026-10-04T08:57:40.983006
15_10_tips,6.0,0.4285714285714285,0.1831674549999999,0.1326429924060423,10,,Phyloformer,3.535252571105957,0.0,10,100,0.25,Cherry,all_25_combos_master,2026-10-04T08:57:40.983006
12_10_tips,4.0,0.2857142857142857,0.2102338799999999,0.1479833110704001,10,,Phyloformer,3.535252571105957,0.0,10,100,0.25,Cherry,all_25_combos_master,2026-10-04T08:57:40.983006
2_10_tips,2.0,0.1428571428571428,0.1007035928,0.0613708719950887,10,,IQ-TREE,99.17696523666382,,10,100,0.25,Cherry,all_25_combos_master,2026-10-04T08:57:40.983006
16_10_tips,8.0,0.5714285714285714,0.2628210278999999,0.1287319996647042,10,,IQ-TREE,99.17696523666382,,10,100,0.25,Cherry,all_25_combos_master,2026-10-04T08:57:40.983006
4_10_tips,6.0,0.4285714285714285,0.1527253697,0.0732242548164101,10,,IQ-TREE,99.17696523666382,,10,100,0.25,Cherry,all_25_combos_master,2026-10-04T08:57:40.983006
19_10_tips,4.0,0.2857142857142857,0.3550706907999999,0.1698255223761857,10,,IQ-TREE,99.17696523666382,,10,100,0.25,Cherry,all_25_combos_master,2026-10-04T08:57:40.983006
18_10_tips,4.0,0.2857142857142857,0.1510197135,0.0693450552507292,10,,IQ-TREE,99.17696523666382,,10,100,0.25,Cherry,all_25_combos_master,2026-10-04T08:57:40.983006
3_10_tips,0.0,0.0,0.1114563178,0.0551423030231042,10,,IQ-TREE,99.17696523666382,,10,100,0.25,Cherry,all_25_combos_master,2026-10-04T08:57:40.983006
17_10_tips,4.0,0.2857142857142857,0.2628264657999999,0.1324898003619876,10,,IQ-TREE,99.17696523666382,,10,100,0.25,Cherry,all_25_combos_master,2026-10-04T08:57:40.983006
11_10_tips,6.0,0.4285714285714285,0.1115739103999999,0.0542919174138672,10,,IQ-TREE,99.17696523666382,,10,100,0.25,Cherry,all_25_combos_master,2026-10-04T08:57:40.983006
10_10_tips,2.0,0.1428571428571428,0.1807834818,0.090675488604275,10,,IQ-TREE,99.17696523666382,,10,100,0.25,Cherry,all_25_combos_master,2026-10-04T08:57:40.983006
5_10_tips,4.0,0.2857142857142857,0.1406379753999999,0.0766305183683135,10,,IQ-TREE,99.17696523666382,,10,100,0.25,Cherry,all_25_combos_master,2026-10-04T08:57:40.983006
0_10_tips,2.0,0.1428571428571428,0.05618974,0.0227507513581686,10,,IQ-TREE,99.17696523666382,,10,100,0.25,Cherry,all_25_combos_master,2026-10-04T08:57:40.983006
7_10_tips,6.0,0.4285714285714285,0.0988361586,0.0519075095375365,10,,IQ-TREE,99.17696523666382,,10,100,0.25,Cherry,all_25_combos_master,2026-10-04T08:57:40.983006
15_10_tips,2.0,0.1428571428571428,0.1529308982,0.1265443789198049,10,,IQ-TREE,99.17696523666382,,10,100,0.25,Cherry,all_25_combos_master,2026-10-04T08:57:40.983006
14_10_tips,0.0,0.0,0.2398871286,0.125508685769255,10,,IQ-TREE,99.17696523666382,,10,100,0.25,Cherry,all_25_combos_master,2026-10-04T08:57:40.983006
12_10_tips,4.0,0.2857142857142857,0.1942808856,0.1339627524331827,10,,IQ-TREE,99.17696523666382,,10,100,0.25,Cherry,all_25_combos_master,2026-10-04T08:57:40.983006
13_10_tips,4.0,0.2857142857142857,0.100952767,0.0575050571452892,10,,IQ-TREE,99.17696523666382,,10,100,0.25,Cherry,all_25_combos_master,2026-10-04T08:57:40.983006
8_10_tips,4.0,0.2857142857142857,0.2615080208999999,0.1571248819217044,10,,IQ-TREE,99.17696523666382,,10,100,0.25,Cherry,all_25_combos_master,2026-10-04T08:57:40.983006
1_10_tips,4.0,0.2857142857142857,0.2168923187999999,0.1008806786144293,10,,IQ-TREE,99.17696523666382,,10,100,0.25,Cherry,all_25_combos_master,2026-10-04T08:57:40.983006
9_10_tips,2.0,0.1428571428571428,0.2345288547,0.1314404547881014,10,,IQ-TREE,99.17696523666382,,10,100,0.25,Cherry,all_25_combos_master,2026-10-04T08:57:40.983006
6_10_tips,2.0,0.1428571428571428,0.3059174935999999,0.1781443841722041,10,,IQ-TREE,99.17696523666382,,10,100,0.25,Cherry,all_25_combos_master,2026-10-04T08:57:40.983006
16_10_tips,13.0,1.0,0.688227968,0.2541535911075561,10,,FastME,0.04210996627807617,,10,100,0.25,Cherry,all_25_combos_master,2026-10-04T08:57:40.983006
2_10_tips,2.0,0.1428571428571428,0.10235305,0.063999440269525,10,,FastME,0.04210996627807617,,10,100,0.25,Cherry,all_25_combos_master,2026-10-04T08:57:40.983006
4_10_tips,6.0,0.4285714285714285,0.197534823,0.0913517613830583,10,,FastME,0.04210996627807617,,10,100,0.25,Cherry,all_25_combos_master,2026-10-04T08:57:40.983006
18_10_tips,4.0,0.2857142857142857,0.14279348,0.0644416027180438,10,,FastME,0.04210996627807617,,10,100,0.25,Cherry,all_25_combos_master,2026-10-04T08:57:40.983006
19_10_tips,13.0,1.0,0.6842457399999998,0.2685238053318011,10,,FastME,0.04210996627807617,,10,100,0.25,Cherry,all_25_combos_master,2026-10-04T08:57:40.983006
5_10_tips,6.0,0.4285714285714285,0.13594551,0.0754669980066976,10,,FastME,0.04210996627807617,,10,100,0.25,Cherry,all_25_combos_master,2026-10-04T08:57:40.983006
3_10_tips,0.0,0.0,0.11839234,0.0592206495402321,10,,FastME,0.04210996627807617,,10,100,0.25,Cherry,all_25_combos_master,2026-10-04T08:57:40.983006
7_10_tips,12.0,1.0,0.307687133,0.142801780645878,10,,FastME,0.04210996627807617,,10,100,0.25,Cherry,all_25_combos_master,2026-10-04T08:57:40.983006
17_10_tips,2.0,0.1428571428571428,0.2744426199999999,0.1379642630968309,10,,FastME,0.04210996627807617,,10,100,0.25,Cherry,all_25_combos_master,2026-10-04T08:57:40.983006
14_10_tips,0.0,0.0,0.2346316799999999,0.1315167259357333,10,,FastME,0.04210996627807617,,10,100,0.25,Cherry,all_25_combos_master,2026-10-04T08:57:40.983006
11_10_tips,8.0,0.5714285714285714,0.11153914,0.0520024742560101,10,,FastME,0.04210996627807617,,10,100,0.25,Cherry,all_25_combos_master,2026-10-04T08:57:40.983006
13_10_tips,6.0,0.4285714285714285,0.11146257,0.0580501285318137,10,,FastME,0.04210996627807617,,10,100,0.25,Cherry,all_25_combos_master,2026-10-04T08:57:40.983006
10_10_tips,2.0,0.1428571428571428,0.1786143099999999,0.0856445260676588,10,,FastME,0.04210996627807617,,10,100,0.25,Cherry,all_25_combos_master,2026-10-04T08:57:40.983006
1_10_tips,6.0,0.4285714285714285,0.2242172799999999,0.0979864159709252,10,,FastME,0.04210996627807617,,10,100,0.25,Cherry,all_25_combos_master,2026-10-04T08:57:40.983006
0_10_tips,6.0,0.4285714285714285,0.066569955,0.0267405294181271,10,,FastME,0.04210996627807617,,10,100,0.25,Cherry,all_25_combos_master,2026-10-04T08:57:40.983006
8_10_tips,2.0,0.1428571428571428,0.252919534,0.15081019723497,10,,FastME,0.04210996627807617,,10,100,0.25,Cherry,all_25_combos_master,2026-10-04T08:57:40.983006
9_10_tips,4.0,0.2857142857142857,0.24873393,0.1306641922528491,10,,FastME,0.04210996627807617,,10,100,0.25,Cherry,all_25_combos_master,2026-10-04T08:57:40.983006
15_10_tips,2.0,0.1428571428571428,0.1587418149999999,0.1280623905793981,10,,FastME,0.04210996627807617,,10,100,0.25,Cherry,all_25_combos_master,2026-10-04T08:57:40.983006
6_10_tips,13.0,1.0,0.88283106,0.3204844357245125,10,,FastME,0.04210996627807617,,10,100,0.25,Cherry,all_25_combos_master,2026-10-04T08:57:40.983006
12_10_tips,2.0,0.1428571428571428,0.19653398,0.1373797924306344,10,,FastME,0.04210996627807617,,10,100,0.25,Cherry,all_25_combos_master,2026-10-04T08:57:40.983006
2_10_tips,6.0,0.4285714285714285,0.1077221299999999,0.0588642524553935,10,,Phyloformer,3.844749689102173,0.0,10,200,0.25,Cherry,all_25_combos_master,2026-10-04T08:57:40.983006
16_10_tips,0.0,0.0,0.208443022,0.1044097722403456,10,,Phyloformer,3.844749689102173,0.0,10,200,0.25,Cherry,all_25_combos_master,2026-10-04T08:57:40.983006
18_10_tips,0.0,0.0,0.31066962,0.1580089399458821,10,,Phyloformer,3.844749689102173,0.0,10,200,0.25,Cherry,all_25_combos_master,2026-10-04T08:57:40.983006
5_10_tips,2.0,0.1428571428571428,0.1206540399999999,0.0780074066426233,10,,Phyloformer,3.844749689102173,0.0,10,200,0.25,Cherry,all_25_combos_master,2026-10-04T08:57:40.983006
7_10_tips,4.0,0.2857142857142857,0.118228083,0.0661564840150984,10,,Phyloformer,3.844749689102173,0.0,10,200,0.25,Cherry,all_25_combos_master,2026-10-04T08:57:40.983006
14_10_tips,2.0,0.1428571428571428,0.27514335,0.1215615335905264,10,,Phyloformer,3.844749689102173,0.0,10,200,0.25,Cherry,all_25_combos_master,2026-10-04T08:57:40.983006
4_10_tips,4.0,0.2857142857142857,0.184951673,0.1098339238442218,10,,Phyloformer,3.844749689102173,0.0,10,200,0.25,Cherry,all_25_combos_master,2026-10-04T08:57:40.983006
13_10_tips,6.0,0.4285714285714285,0.22079871,0.099783983797638,10,,Phyloformer,3.844749689102173,0.0,10,200,0.25,Cherry,all_25_combos_master,2026-10-04T08:57:40.983006
1_10_tips,4.0,0.2857142857142857,0.2335465799999999,0.1321599718010442,10,,Phyloformer,3.844749689102173,0.0,10,200,0.25,Cherry,all_25_combos_master,2026-10-04T08:57:40.983006
8_10_tips,4.0,0.2857142857142857,0.1904824739999999,0.1193820728422034,10,,Phyloformer,3.844749689102173,0.0,10,200,0.25,Cherry,all_25_combos_master,2026-10-04T08:57:40.983006
9_10_tips,0.0,0.0,0.2579911100000001,0.1717194266355065,10,,Phyloformer,3.844749689102173,0.0,10,200,0.25,Cherry,all_25_combos_master,2026-10-04T08:57:40.983006
19_10_tips,0.0,0.0,0.31009684,0.1530818268913021,10,,Phyloformer,3.844749689102173,0.0,10,200,0.25,Cherry,all_25_combos_master,2026-10-04T08:57:40.983006
3_10_tips,0.0,0.0,0.19637452,0.0805555736608907,10,,Phyloformer,3.844749689102173,0.0,10,200,0.25,Cherry,all_25_combos_master,2026-10-04T08:57:40.983006
17_10_tips,0.0,0.0,0.2207748,0.115722896874399,10,,Phyloformer,3.844749689102173,0.0,10,200,0.25,Cherry,all_25_combos_master,2026-10-04T08:57:40.983006
11_10_tips,8.0,0.5714285714285714,0.07789239,0.0359228854197557,10,,Phyloformer,3.844749689102173,0.0,10,200,0.25,Cherry,all_25_combos_master,2026-10-04T08:57:40.983006
10_10_tips,2.0,0.1428571428571428,0.1831515799999999,0.0887106010709498,10,,Phyloformer,3.844749689102173,0.0,10,200,0.25,Cherry,all_25_combos_master,2026-10-04T08:57:40.983006
0_10_tips,6.0,0.4285714285714285,0.0855477249999999,0.0396614565489673,10,,Phyloformer,3.844749689102173,0.0,10,200,0.25,Cherry,all_25_combos_master,2026-10-04T08:57:40.983006
15_10_tips,4.0,0.2857142857142857,0.2615405249999999,0.1561822793042076,10,,Phyloformer,3.844749689102173,0.0,10,200,0.25,Cherry,all_25_combos_master,2026-10-04T08:57:40.983006
12_10_tips,2.0,0.1428571428571428,0.1934134,0.1200132682791448,10,,Phyloformer,3.844749689102173,0.0,10,200,0.25,Cherry,all_25_combos_master,2026-10-04T08:57:40.983006
6_10_tips,0.0,0.0,0.3371696399999999,0.1790376989542889,10,,Phyloformer,3.844749689102173,0.0,10,200,0.25,Cherry,all_25_combos_master,2026-10-04T08:57:40.983006
16_10_tips,0.0,0.0,0.1980394101,0.0965707188106409,10,,IQ-TREE,114.09140181541443,,10,200,0.25,Cherry,all_25_combos_master,2026-10-04T08:57:40.983006
2_10_tips,4.0,0.2857142857142857,0.1094689316,0.0554479650206121,10,,IQ-TREE,114.09140181541443,,10,200,0.25,Cherry,all_25_combos_master,2026-10-04T08:57:40.983006
4_10_tips,4.0,0.2857142857142857,0.1894576252,0.108315489524385,10,,IQ-TREE,114.09140181541443,,10,200,0.25,Cherry,all_25_combos_master,2026-10-04T08:57:40.983006
18_10_tips,0.0,0.0,0.2952802827999999,0.1578654598047448,10,,IQ-TREE,114.09140181541443,,10,200,0.25,Cherry,all_25_combos_master,2026-10-04T08:57:40.983006
19_10_tips,2.0,0.1428571428571428,0.2889986706999999,0.1410466672345725,10,,IQ-TREE,114.09140181541443,,10,200,0.25,Cherry,all_25_combos_master,2026-10-04T08:57:40.983006
3_10_tips,0.0,0.0,0.1776663512999999,0.0721913560127714,10,,IQ-TREE,114.09140181541443,,10,200,0.25,Cherry,all_25_combos_master,2026-10-04T08:57:40.983006
17_10_tips,2.0,0.1428571428571428,0.2238683313,0.1126064585801699,10,,IQ-TREE,114.09140181541443,,10,200,0.25,Cherry,all_25_combos_master,2026-10-04T08:57:40.983006
11_10_tips,4.0,0.2857142857142857,0.0565606592,0.0270479148249899,10,,IQ-TREE,114.09140181541443,,10,200,0.25,Cherry,all_25_combos_master,2026-10-04T08:57:40.983006
5_10_tips,2.0,0.1428571428571428,0.1157602935,0.0604533570126677,10,,IQ-TREE,114.09140181541443,,10,200,0.25,Cherry,all_25_combos_master,2026-10-04T08:57:40.983006
7_10_tips,4.0,0.2857142857142857,0.1104417433,0.0568914756814922,10,,IQ-TREE,114.09140181541443,,10,200,0.25,Cherry,all_25_combos_master,2026-10-04T08:57:40.983006
14_10_tips,2.0,0.1428571428571428,0.2398762240999999,0.1074009262117218,10,,IQ-TREE,114.09140181541443,,10,200,0.25,Cherry,all_25_combos_master,2026-10-04T08:57:40.983006
13_10_tips,6.0,0.4285714285714285,0.1730951827,0.0850234665527455,10,,IQ-TREE,114.09140181541443,,10,200,0.25,Cherry,all_25_combos_master,2026-10-04T08:57:40.983006
1_10_tips,2.0,0.1428571428571428,0.221159207,0.1250121861349031,10,,IQ-TREE,114.09140181541443,,10,200,0.25,Cherry,all_25_combos_master,2026-10-04T08:57:40.983006
8_10_tips,4.0,0.2857142857142857,0.1586140827,0.0919791813109141,10,,IQ-TREE,114.09140181541443,,10,200,0.25,Cherry,all_25_combos_master,2026-10-04T08:57:40.983006
10_10_tips,2.0,0.1428571428571428,0.1917750294,0.0917898496372589,10,,IQ-TREE,114.09140181541443,,10,200,0.25,Cherry,all_25_combos_master,2026-10-04T08:57:40.983006
0_10_tips,6.0,0.4285714285714285,0.0716949329,0.0334979933584111,10,,IQ-TREE,114.09140181541443,,10,200,0.25,Cherry,all_25_combos_master,2026-10-04T08:57:40.983006
15_10_tips,4.0,0.2857142857142857,0.2362417819,0.1459208214956391,10,,IQ-TREE,114.09140181541443,,10,200,0.25,Cherry,all_25_combos_master,2026-10-04T08:57:40.983006
12_10_tips,6.0,0.4285714285714285,0.156278379,0.1004468671447837,10,,IQ-TREE,114.09140181541443,,10,200,0.25,Cherry,all_25_combos_master,2026-10-04T08:57:40.983006
9_10_tips,4.0,0.2857142857142857,0.246417861,0.1638574146712759,10,,IQ-TREE,114.09140181541443,,10,200,0.25,Cherry,all_25_combos_master,2026-10-04T08:57:40.983006
6_10_tips,0.0,0.0,0.2856618769,0.1574386040124862,10,,IQ-TREE,114.09140181541443,,10,200,0.25,Cherry,all_25_combos_master,2026-10-04T08:57:40.983006
16_10_tips,0.0,0.0,0.190047012,0.0937093151996954,10,,FastME,0.05302143096923828,,10,200,0.25,Cherry,all_25_combos_master,2026-10-04T08:57:40.983006
4_10_tips,4.0,0.2857142857142857,0.183349603,0.1107398356270363,10,,FastME,0.05302143096923828,,10,200,0.25,Cherry,all_25_combos_master,2026-10-04T08:57:40.983006
2_10_tips,2.0,0.1428571428571428,0.10696823,0.0536524708329998,10,,FastME,0.05302143096923828,,10,200,0.25,Cherry,all_25_combos_master,2026-10-04T08:57:40.983006
18_10_tips,0.0,0.0,0.2995331,0.1626875716874684,10,,FastME,0.05302143096923828,,10,200,0.25,Cherry,all_25_combos_master,2026-10-04T08:57:40.983006
5_10_tips,0.0,0.0,0.10912223,0.0605056905686572,10,,FastME,0.05302143096923828,,10,200,0.25,Cherry,all_25_combos_master,2026-10-04T08:57:40.983006
7_10_tips,4.0,0.2857142857142857,0.107326053,0.055568224659329,10,,FastME,0.05302143096923828,,10,200,0.25,Cherry,all_25_combos_master,2026-10-04T08:57:40.983006
19_10_tips,13.0,1.0,0.7456153900000001,0.2808436692979739,10,,FastME,0.05302143096923828,,10,200,0.25,Cherry,all_25_combos_master,2026-10-04T08:57:40.983006
3_10_tips,2.0,0.1428571428571428,0.17134424,0.0686473846858072,10,,FastME,0.05302143096923828,,10,200,0.25,Cherry,all_25_combos_master,2026-10-04T08:57:40.983006
14_10_tips,2.0,0.1428571428571428,0.24185473,0.1057905402395464,10,,FastME,0.05302143096923828,,10,200,0.25,Cherry,all_25_combos_master,2026-10-04T08:57:40.983006
17_10_tips,2.0,0.1428571428571428,0.2251957799999999,0.113339327668252,10,,FastME,0.05302143096923828,,10,200,0.25,Cherry,all_25_combos_master,2026-10-04T08:57:40.983006
13_10_tips,6.0,0.4285714285714285,0.1750678299999999,0.0833626942405732,10,,FastME,0.05302143096923828,,10,200,0.25,Cherry,all_25_combos_master,2026-10-04T08:57:40.983006
11_10_tips,6.0,0.4285714285714285,0.06335395,0.0316496678131019,10,,FastME,0.05302143096923828,,10,200,0.25,Cherry,all_25_combos_master,2026-10-04T08:57:40.983006
10_10_tips,2.0,0.1428571428571428,0.17960586,0.0876492505335271,10,,FastME,0.05302143096923828,,10,200,0.25,Cherry,all_25_combos_master,2026-10-04T08:57:40.983006
0_10_tips,13.0,1.0,0.2655935849999999,0.1205099553749242,10,,FastME,0.05302143096923828,,10,200,0.25,Cherry,all_25_combos_master,2026-10-04T08:57:40.983006
1_10_tips,13.0,1.0,0.59737678,0.2461226290914067,10,,FastME,0.05302143096923828,,10,200,0.25,Cherry,all_25_combos_master,2026-10-04T08:57:40.983006
15_10_tips,4.0,0.2857142857142857,0.237860495,0.1453623369294165,10,,FastME,0.05302143096923828,,10,200,0.25,Cherry,all_25_combos_master,2026-10-04T08:57:40.983006
8_10_tips,4.0,0.2857142857142857,0.172881744,0.0981350083399296,10,,FastME,0.05302143096923828,,10,200,0.25,Cherry,all_25_combos_master,2026-10-04T08:57:40.983006
12_10_tips,6.0,0.4285714285714285,0.16579524,0.0977099191249465,10,,FastME,0.05302143096923828,,10,200,0.25,Cherry,all_25_combos_master,2026-10-04T08:57:40.983006
9_10_tips,4.0,0.2857142857142857,0.24451757,0.1639292521615843,10,,FastME,0.05302143096923828,,10,200,0.25,Cherry,all_25_combos_master,2026-10-04T08:57:40.983006
6_10_tips,0.0,0.0,0.29288232,0.164008232834244,10,,FastME,0.05302143096923828,,10,200,0.25,Cherry,all_25_combos_master,2026-10-04T08:57:40.983006
9_25_tips,26.0,0.5909090909090909,0.4735885000000002,0.127064901899582,25,,Phyloformer,3.6254172325134277,0.0,25,20,0.25,Cherry,all_25_combos_master,2026-10-04T08:57:40.983006
17_25_tips,34.0,0.7727272727272727,0.6385048000000002,0.2122963669283245,25,,Phyloformer,3.6254172325134277,0.0,25,20,0.25,Cherry,all_25_combos_master,2026-10-04T08:57:40.983006
4_25_tips,34.0,0.7727272727272727,0.684445804,0.1709113891601986,25,,Phyloformer,3.6254172325134277,0.0,25,20,0.25,Cherry,all_25_combos_master,2026-10-04T08:57:40.983006
6_25_tips,32.0,0.7272727272727273,0.3895081649999999,0.1145521706431476,25,,Phyloformer,3.6254172325134277,0.0,25,20,0.25,Cherry,all_25_combos_master,2026-10-04T08:57:40.983006
15_25_tips,40.0,0.9090909090909092,0.5634660770000001,0.1696809874903813,25,,Phyloformer,3.6254172325134277,0.0,25,20,0.25,Cherry,all_25_combos_master,2026-10-04T08:57:40.983006
0_25_tips,34.0,0.7727272727272727,0.84610837,0.2535841680267574,25,,Phyloformer,3.6254172325134277,0.0,25,20,0.25,Cherry,all_25_combos_master,2026-10-04T08:57:40.983006
12_25_tips,34.0,0.7727272727272727,0.4718663369999999,0.1501139161079552,25,,Phyloformer,3.6254172325134277,0.0,25,20,0.25,Cherry,all_25_combos_master,2026-10-04T08:57:40.983006
5_25_tips,28.0,0.6363636363636364,0.63040172,0.1865523126468796,25,,Phyloformer,3.6254172325134277,0.0,25,20,0.25,Cherry,all_25_combos_master,2026-10-04T08:57:40.983006
11_25_tips,28.0,0.6363636363636364,0.5186202750000001,0.1461244103680437,25,,Phyloformer,3.6254172325134277,0.0,25,20,0.25,Cherry,all_25_combos_master,2026-10-04T08:57:40.983006
16_25_tips,34.0,0.7727272727272727,0.5204003399999999,0.2021820046536338,25,,Phyloformer,3.6254172325134277,0.0,25,20,0.25,Cherry,all_25_combos_master,2026-10-04T08:57:40.983006
10_25_tips,32.0,0.7272727272727273,0.5948153700000002,0.1660056628968207,25,,Phyloformer,3.6254172325134277,0.0,25,20,0.25,Cherry,all_25_combos_master,2026-10-04T08:57:40.983006
3_25_tips,36.0,0.8181818181818182,0.4529927829999999,0.1305585479897968,25,,Phyloformer,3.6254172325134277,0.0,25,20,0.25,Cherry,all_25_combos_master,2026-10-04T08:57:40.983006
19_25_tips,28.0,0.6363636363636364,0.324359487,0.0954746609368173,25,,Phyloformer,3.6254172325134277,0.0,25,20,0.25,Cherry,all_25_combos_master,2026-10-04T08:57:40.983006
2_25_tips,24.0,0.5454545454545454,0.7647657800000001,0.2001702881591231,25,,Phyloformer,3.6254172325134277,0.0,25,20,0.25,Cherry,all_25_combos_master,2026-10-04T08:57:40.983006
14_25_tips,26.0,0.5909090909090909,0.5947932760000001,0.1855321168824355,25,,Phyloformer,3.6254172325134277,0.0,25,20,0.25,Cherry,all_25_combos_master,2026-10-04T08:57:40.983006
8_25_tips,24.0,0.5454545454545454,0.7289398300000001,0.2127075289962,25,,Phyloformer,3.6254172325134277,0.0,25,20,0.25,Cherry,all_25_combos_master,2026-10-04T08:57:40.983006
1_25_tips,32.0,0.7272727272727273,0.3525197842,0.1086777588476534,25,,Phyloformer,3.6254172325134277,0.0,25,20,0.25,Cherry,all_25_combos_master,2026-10-04T08:57:40.983006
7_25_tips,34.0,0.7727272727272727,0.4827625490000001,0.2200402549675001,25,,Phyloformer,3.6254172325134277,0.0,25,20,0.25,Cherry,all_25_combos_master,2026-10-04T08:57:40.983006
18_25_tips,42.0,0.9545454545454546,0.3123557380000002,0.1144330891903087,25,,Phyloformer,3.6254172325134277,0.0,25,20,0.25,Cherry,all_25_combos_master,2026-10-04T08:57:40.983006
13_25_tips,28.0,0.6363636363636364,0.4682498019999999,0.1460724389755678,25,,Phyloformer,3.6254172325134277,0.0,25,20,0.25,Cherry,all_25_combos_master,2026-10-04T08:57:40.983006
17_25_tips,36.0,0.8181818181818182,0.6254445799000001,0.2113421016144264,25,,IQ-TREE,102.84971928596497,,25,20,0.25,Cherry,all_25_combos_master,2026-10-04T08:57:40.983006
9_25_tips,30.0,0.6818181818181818,0.5774474589000002,0.159689379821679,25,,IQ-TREE,102.84971928596497,,25,20,0.25,Cherry,all_25_combos_master,2026-10-04T08:57:40.983006
6_25_tips,32.0,0.7272727272727273,0.4399147191999998,0.1296993842610363,25,,IQ-TREE,102.84971928596497,,25,20,0.25,Cherry,all_25_combos_master,2026-10-04T08:57:40.983006
4_25_tips,30.0,0.6818181818181818,0.5567898906000002,0.1546957525795656,25,,IQ-TREE,102.84971928596497,,25,20,0.25,Cherry,all_25_combos_master,2026-10-04T08:57:40.983006
15_25_tips,38.0,0.8636363636363636,0.6119043417000001,0.183338509635366,25,,IQ-TREE,102.84971928596497,,25,20,0.25,Cherry,all_25_combos_master,2026-10-04T08:57:40.983006
0_25_tips,32.0,0.7272727272727273,0.8519292920000003,0.2649264743458128,25,,IQ-TREE,102.84971928596497,,25,20,0.25,Cherry,all_25_combos_master,2026-10-04T08:57:40.983006
12_25_tips,44.0,1.0,0.5164130406999998,0.1617017042594286,25,,IQ-TREE,102.84971928596497,,25,20,0.25,Cherry,all_25_combos_master,2026-10-04T08:57:40.983006
5_25_tips,30.0,0.6818181818181818,0.5911072135000001,0.1901885588693906,25,,IQ-TREE,102.84971928596497,,25,20,0.25,Cherry,all_25_combos_master,2026-10-04T08:57:40.983006
11_25_tips,36.0,0.8181818181818182,0.5201201092000003,0.1478791326807978,25,,IQ-TREE,102.84971928596497,,25,20,0.25,Cherry,all_25_combos_master,2026-10-04T08:57:40.983006
16_25_tips,38.0,0.8636363636363636,0.4807562332999998,0.1877231419973612,25,,IQ-TREE,102.84971928596497,,25,20,0.25,Cherry,all_25_combos_master,2026-10-04T08:57:40.983006
10_25_tips,28.0,0.6363636363636364,0.7295582278000002,0.2035433129209741,25,,IQ-TREE,102.84971928596497,,25,20,0.25,Cherry,all_25_combos_master,2026-10-04T08:57:40.983006
3_25_tips,34.0,0.7727272727272727,0.4488997362999997,0.1469596567204912,25,,IQ-TREE,102.84971928596497,,25,20,0.25,Cherry,all_25_combos_master,2026-10-04T08:57:40.983006
19_25_tips,36.0,0.8181818181818182,0.3929803557999998,0.1198959740305441,25,,IQ-TREE,102.84971928596497,,25,20,0.25,Cherry,all_25_combos_master,2026-10-04T08:57:40.983006
2_25_tips,30.0,0.6818181818181818,0.7465937476000004,0.2022586667083913,25,,IQ-TREE,102.84971928596497,,25,20,0.25,Cherry,all_25_combos_master,2026-10-04T08:57:40.983006
14_25_tips,30.0,0.6818181818181818,0.6464498783000002,0.2029126005155095,25,,IQ-TREE,102.84971928596497,,25,20,0.25,Cherry,all_25_combos_master,2026-10-04T08:57:40.983006
8_25_tips,32.0,0.7272727272727273,0.7746669605000003,0.2359134951143397,25,,IQ-TREE,102.84971928596497,,25,20,0.25,Cherry,all_25_combos_master,2026-10-04T08:57:40.983006
1_25_tips,34.0,0.7727272727272727,0.3742518706999998,0.119456585017922,25,,IQ-TREE,102.84971928596497,,25,20,0.25,Cherry,all_25_combos_master,2026-10-04T08:57:40.983006
7_25_tips,36.0,0.8181818181818182,0.4857443293999998,0.2204952033535099,25,,IQ-TREE,102.84971928596497,,25,20,0.25,Cherry,all_25_combos_master,2026-10-04T08:57:40.983006
18_25_tips,42.0,0.9545454545454546,0.2830013922999998,0.1073593832090478,25,,IQ-TREE,102.84971928596497,,25,20,0.25,Cherry,all_25_combos_master,2026-10-04T08:57:40.983006
13_25_tips,28.0,0.6363636363636364,0.4579562339999998,0.1682980466052585,25,,IQ-TREE,102.84971928596497,,25,20,0.25,Cherry,all_25_combos_master,2026-10-04T08:57:40.983006
17_25_tips,33.0,1.0,1.1841952299999998,0.3377467434542078,25,,FastME,0.04494357109069824,,25,20,0.25,Cherry,all_25_combos_master,2026-10-04T08:57:40.983006
9_25_tips,34.0,1.0,1.0267240400000002,0.2552303034698552,25,,FastME,0.04494357109069824,,25,20,0.25,Cherry,all_25_combos_master,2026-10-04T08:57:40.983006
6_25_tips,31.0,1.0,0.8338348049999998,0.2170584544385876,25,,FastME,0.04494357109069824,,25,20,0.25,Cherry,all_25_combos_master,2026-10-04T08:57:40.983006
4_25_tips,39.0,1.0,0.8984110739999998,0.225385861219088,25,,FastME,0.04494357109069824,,25,20,0.25,Cherry,all_25_combos_master,2026-10-04T08:57:40.983006
15_25_tips,27.0,1.0,0.6872102369999998,0.1939273647840029,25,,FastME,0.04494357109069824,,25,20,0.25,Cherry,all_25_combos_master,2026-10-04T08:57:40.983006
0_25_tips,41.0,1.0,1.27437766,0.3368036579483795,25,,FastME,0.04494357109069824,,25,20,0.25,Cherry,all_25_combos_master,2026-10-04T08:57:40.983006
12_25_tips,26.0,1.0,0.5088168869999999,0.1564735885555774,25,,FastME,0.04494357109069824,,25,20,0.25,Cherry,all_25_combos_master,2026-10-04T08:57:40.983006
5_25_tips,34.0,1.0,1.18287785,0.3064097770174565,25,,FastME,0.04494357109069824,,25,20,0.25,Cherry,all_25_combos_master,2026-10-04T08:57:40.983006
11_25_tips,30.0,1.0,0.666359945,0.1718317445103696,25,,FastME,0.04494357109069824,,25,20,0.25,Cherry,all_25_combos_master,2026-10-04T08:57:40.983006
16_25_tips,28.0,1.0,0.8850057099999998,0.2908121097585469,25,,FastME,0.04494357109069824,,25,20,0.25,Cherry,all_25_combos_master,2026-10-04T08:57:40.983006
10_25_tips,35.0,1.0,1.2055704099999998,0.289862206475681,25,,FastME,0.04494357109069824,,25,20,0.25,Cherry,all_25_combos_master,2026-10-04T08:57:40.983006
3_25_tips,32.0,1.0,0.7641210129999999,0.2325224144544508,25,,FastME,0.04494357109069824,,25,20,0.25,Cherry,all_25_combos_master,2026-10-04T08:57:40.983006
19_25_tips,32.0,1.0,0.555716847,0.1396860302871129,25,,FastME,0.04494357109069824,,25,20,0.25,Cherry,all_25_combos_master,2026-10-04T08:57:40.983006
2_25_tips,37.0,1.0,1.3418996200000002,0.2999534026664238,25,,FastME,0.04494357109069824,,25,20,0.25,Cherry,all_25_combos_master,2026-10-04T08:57:40.983006
14_25_tips,34.0,1.0,1.009439596,0.2785748244046668,25,,FastME,0.04494357109069824,,25,20,0.25,Cherry,all_25_combos_master,2026-10-04T08:57:40.983006
8_25_tips,35.0,1.0,1.34546216,0.37105369770418,25,,FastME,0.04494357109069824,,25,20,0.25,Cherry,all_25_combos_master,2026-10-04T08:57:40.983006
1_25_tips,31.0,1.0,0.6367487942,0.1702240931685177,25,,FastME,0.04494357109069824,,25,20,0.25,Cherry,all_25_combos_master,2026-10-04T08:57:40.983006
18_25_tips,26.0,1.0,0.5202953180000001,0.1985555992401553,25,,FastME,0.04494357109069824,,25,20,0.25,Cherry,all_25_combos_master,2026-10-04T08:57:40.983006
7_25_tips,32.0,1.0,0.855845539,0.2589635666564348,25,,FastME,0.04494357109069824,,25,20,0.25,Cherry,all_25_combos_master,2026-10-04T08:57:40.983006
13_25_tips,33.0,1.0,1.137181312,0.2856986905089138,25,,FastME,0.04494357109069824,,25,20,0.25,Cherry,all_25_combos_master,2026-10-04T08:57:40.983006
9_25_tips,24.0,0.5454545454545454,0.6404498299999999,0.1631221707204048,25,,Phyloformer,4.108354091644287,0.0,25,25,0.25,Cherry,all_25_combos_master,2026-10-04T08:57:40.983006
17_25_tips,26.0,0.5909090909090909,0.6160698300000003,0.1459386008726393,25,,Phyloformer,4.108354091644287,0.0,25,25,0.25,Cherry,all_25_combos_master,2026-10-04T08:57:40.983006
4_25_tips,36.0,0.8181818181818182,0.459408904,0.1327274037145136,25,,Phyloformer,4.108354091644287,0.0,25,25,0.25,Cherry,all_25_combos_master,2026-10-04T08:57:40.983006
6_25_tips,34.0,0.7727272727272727,0.365938225,0.1220318837787003,25,,Phyloformer,4.108354091644287,0.0,25,25,0.25,Cherry,all_25_combos_master,2026-10-04T08:57:40.983006
0_25_tips,30.0,0.6818181818181818,0.6843349599999999,0.1908325320322648,25,,Phyloformer,4.108354091644287,0.0,25,25,0.25,Cherry,all_25_combos_master,2026-10-04T08:57:40.983006
15_25_tips,18.0,0.4090909090909091,0.4622776769999999,0.1269821693597692,25,,Phyloformer,4.108354091644287,0.0,25,25,0.25,Cherry,all_25_combos_master,2026-10-04T08:57:40.983006
12_25_tips,30.0,0.6818181818181818,0.4571431369999998,0.1450986454351846,25,,Phyloformer,4.108354091644287,0.0,25,25,0.25,Cherry,all_25_combos_master,2026-10-04T08:57:40.983006
11_25_tips,30.0,0.6818181818181818,0.618103085,0.1397554728194046,25,,Phyloformer,4.108354091644287,0.0,25,25,0.25,Cherry,all_25_combos_master,2026-10-04T08:57:40.983006
5_25_tips,28.0,0.6363636363636364,0.36046141,0.1588160671560357,25,,Phyloformer,4.108354091644287,0.0,25,25,0.25,Cherry,all_25_combos_master,2026-10-04T08:57:40.983006
10_25_tips,34.0,0.7727272727272727,0.6262825599999999,0.1649891608923804,25,,Phyloformer,4.108354091644287,0.0,25,25,0.25,Cherry,all_25_combos_master,2026-10-04T08:57:40.983006
16_25_tips,36.0,0.8181818181818182,0.47111548,0.1850036673029218,25,,Phyloformer,4.108354091644287,0.0,25,25,0.25,Cherry,all_25_combos_master,2026-10-04T08:57:40.983006
3_25_tips,40.0,0.9090909090909092,0.407284553,0.1148755134800205,25,,Phyloformer,4.108354091644287,0.0,25,25,0.25,Cherry,all_25_combos_master,2026-10-04T08:57:40.983006
19_25_tips,36.0,0.8181818181818182,0.330433117,0.1031433139385512,25,,Phyloformer,4.108354091644287,0.0,25,25,0.25,Cherry,all_25_combos_master,2026-10-04T08:57:40.983006
2_25_tips,30.0,0.6818181818181818,0.66000945,0.1731852885749822,25,,Phyloformer,4.108354091644287,0.0,25,25,0.25,Cherry,all_25_combos_master,2026-10-04T08:57:40.983006
14_25_tips,32.0,0.7272727272727273,0.426429086,0.1431727734077433,25,,Phyloformer,4.108354091644287,0.0,25,25,0.25,Cherry,all_25_combos_master,2026-10-04T08:57:40.983006
8_25_tips,40.0,0.9090909090909092,0.7848611,0.2506529894040006,25,,Phyloformer,4.108354091644287,0.0,25,25,0.25,Cherry,all_25_combos_master,2026-10-04T08:57:40.983006
1_25_tips,42.0,0.9545454545454546,0.4748136742000001,0.1335402360408278,25,,Phyloformer,4.108354091644287,0.0,25,25,0.25,Cherry,all_25_combos_master,2026-10-04T08:57:40.983006
18_25_tips,40.0,0.9090909090909092,0.4338358679999999,0.1701040056710295,25,,Phyloformer,4.108354091644287,0.0,25,25,0.25,Cherry,all_25_combos_master,2026-10-04T08:57:40.983006
7_25_tips,26.0,0.5909090909090909,0.561759309,0.190620183768003,25,,Phyloformer,4.108354091644287,0.0,25,25,0.25,Cherry,all_25_combos_master,2026-10-04T08:57:40.983006
13_25_tips,32.0,0.7272727272727273,0.6669418420000002,0.179146974207397,25,,Phyloformer,4.108354091644287,0.0,25,25,0.25,Cherry,all_25_combos_master,2026-10-04T08:57:40.983006
17_25_tips,24.0,0.5454545454545454,0.5476460220999997,0.1405921277129605,25,,IQ-TREE,121.22610116004944,,25,25,0.25,Cherry,all_25_combos_master,2026-10-04T08:57:40.983006
9_25_tips,32.0,0.7272727272727273,0.5655387884000003,0.1658613515697663,25,,IQ-TREE,121.22610116004944,,25,25,0.25,Cherry,all_25_combos_master,2026-10-04T08:57:40.983006
6_25_tips,34.0,0.7727272727272727,0.3782517303999998,0.1247844714734967,25,,IQ-TREE,121.22610116004944,,25,25,0.25,Cherry,all_25_combos_master,2026-10-04T08:57:40.983006
4_25_tips,38.0,0.8636363636363636,0.3963444505999998,0.113386960957911,25,,IQ-TREE,121.22610116004944,,25,25,0.25,Cherry,all_25_combos_master,2026-10-04T08:57:40.983006
0_25_tips,32.0,0.7272727272727273,0.6279293494000001,0.1943335603003679,25,,IQ-TREE,121.22610116004944,,25,25,0.25,Cherry,all_25_combos_master,2026-10-04T08:57:40.983006
15_25_tips,22.0,0.5,0.4973883722999998,0.1408418186639532,25,,IQ-TREE,121.22610116004944,,25,25,0.25,Cherry,all_25_combos_master,2026-10-04T08:57:40.983006
12_25_tips,34.0,0.7727272727272727,0.3660010301999997,0.1101043708307853,25,,IQ-TREE,121.22610116004944,,25,25,0.25,Cherry,all_25_combos_master,2026-10-04T08:57:40.983006
5_25_tips,28.0,0.6363636363636364,0.3986689347999997,0.1628299219708399,25,,IQ-TREE,121.22610116004944,,25,25,0.25,Cherry,all_25_combos_master,2026-10-04T08:57:40.983006
16_25_tips,40.0,0.9090909090909092,0.4525005711999998,0.1803812655659347,25,,IQ-TREE,121.22610116004944,,25,25,0.25,Cherry,all_25_combos_master,2026-10-04T08:57:40.983006
11_25_tips,28.0,0.6363636363636364,0.5544622006,0.143426414024251,25,,IQ-TREE,121.22610116004944,,25,25,0.25,Cherry,all_25_combos_master,2026-10-04T08:57:40.983006
3_25_tips,40.0,0.9090909090909092,0.4032717805999997,0.1247632960658644,25,,IQ-TREE,121.22610116004944,,25,25,0.25,Cherry,all_25_combos_master,2026-10-04T08:57:40.983006
10_25_tips,36.0,0.8181818181818182,0.6122395136000003,0.169681776183795,25,,IQ-TREE,121.22610116004944,,25,25,0.25,Cherry,all_25_combos_master,2026-10-04T08:57:40.983006
2_25_tips,34.0,0.7727272727272727,0.6564742313000002,0.1704055370703684,25,,IQ-TREE,121.22610116004944,,25,25,0.25,Cherry,all_25_combos_master,2026-10-04T08:57:40.983006
19_25_tips,42.0,0.9545454545454546,0.2973650046999999,0.0964416372289687,25,,IQ-TREE,121.22610116004944,,25,25,0.25,Cherry,all_25_combos_master,2026-10-04T08:57:40.983006
8_25_tips,40.0,0.9090909090909092,0.8250027945000001,0.2555240483297454,25,,IQ-TREE,121.22610116004944,,25,25,0.25,Cherry,all_25_combos_master,2026-10-04T08:57:40.983006
14_25_tips,38.0,0.8636363636363636,0.4292832897999998,0.1434126711686851,25,,IQ-TREE,121.22610116004944,,25,25,0.25,Cherry,all_25_combos_master,2026-10-04T08:57:40.983006
7_25_tips,32.0,0.7272727272727273,0.5017295448,0.159427291545289,25,,IQ-TREE,121.22610116004944,,25,25,0.25,Cherry,all_25_combos_master,2026-10-04T08:57:40.983006
1_25_tips,44.0,1.0,0.5140352931000001,0.1428455502643742,25,,IQ-TREE,121.22610116004944,,25,25,0.25,Cherry,all_25_combos_master,2026-10-04T08:57:40.983006
13_25_tips,32.0,0.7272727272727273,0.6135187200000002,0.1743417130366412,25,,IQ-TREE,121.22610116004944,,25,25,0.25,Cherry,all_25_combos_master,2026-10-04T08:57:40.983006
18_25_tips,36.0,0.8181818181818182,0.3281772500999999,0.1349458494452023,25,,IQ-TREE,121.22610116004944,,25,25,0.25,Cherry,all_25_combos_master,2026-10-04T08:57:40.983006
9_25_tips,34.0,1.0,0.89070591,0.2064886973166267,25,,FastME,0.04481315612792969,,25,25,0.25,Cherry,all_25_combos_master,2026-10-04T08:57:40.983006
4_25_tips,35.0,1.0,0.6700005739999999,0.1835610100472995,25,,FastME,0.04481315612792969,,25,25,0.25,Cherry,all_25_combos_master,2026-10-04T08:57:40.983006
17_25_tips,40.0,1.0,1.28021884,0.3237693263667733,25,,FastME,0.04481315612792969,,25,25,0.25,Cherry,all_25_combos_master,2026-10-04T08:57:40.983006
6_25_tips,29.0,1.0,0.719758045,0.1936644407628494,25,,FastME,0.04481315612792969,,25,25,0.25,Cherry,all_25_combos_master,2026-10-04T08:57:40.983006
15_25_tips,36.0,1.0,0.995431537,0.2429666701336105,25,,FastME,0.04481315612792969,,25,25,0.25,Cherry,all_25_combos_master,2026-10-04T08:57:40.983006
12_25_tips,31.0,1.0,0.6426916569999999,0.1717212717265214,25,,FastME,0.04481315612792969,,25,25,0.25,Cherry,all_25_combos_master,2026-10-04T08:57:40.983006
0_25_tips,42.0,1.0,1.3876913299999998,0.4016569864559829,25,,FastME,0.04481315612792969,,25,25,0.25,Cherry,all_25_combos_master,2026-10-04T08:57:40.983006
11_25_tips,39.0,1.0,0.817440595,0.1762959054700388,25,,FastME,0.04481315612792969,,25,25,0.25,Cherry,all_25_combos_master,2026-10-04T08:57:40.983006
10_25_tips,34.0,1.0,1.0386257899999998,0.2570180710043017,25,,FastME,0.04481315612792969,,25,25,0.25,Cherry,all_25_combos_master,2026-10-04T08:57:40.983006
19_25_tips,24.0,1.0,0.3419225070000001,0.1013350966968653,25,,FastME,0.04481315612792969,,25,25,0.25,Cherry,all_25_combos_master,2026-10-04T08:57:40.983006
5_25_tips,37.0,1.0,1.2428606800000002,0.3409627791428826,25,,FastME,0.04481315612792969,,25,25,0.25,Cherry,all_25_combos_master,2026-10-04T08:57:40.983006
16_25_tips,28.0,1.0,0.7144826000000003,0.2520621397052223,25,,FastME,0.04481315612792969,,25,25,0.25,Cherry,all_25_combos_master,2026-10-04T08:57:40.983006
3_25_tips,33.0,1.0,0.6838198230000001,0.2062268386355808,25,,FastME,0.04481315612792969,,25,25,0.25,Cherry,all_25_combos_master,2026-10-04T08:57:40.983006
2_25_tips,34.0,1.0,1.2101272000000003,0.27692293967323,25,,FastME,0.04481315612792969,,25,25,0.25,Cherry,all_25_combos_master,2026-10-04T08:57:40.983006
14_25_tips,28.0,1.0,0.7740830160000001,0.2189350980569139,25,,FastME,0.04481315612792969,,25,25,0.25,Cherry,all_25_combos_master,2026-10-04T08:57:40.983006
8_25_tips,33.0,1.0,0.8399649599999998,0.2531834404280418,25,,FastME,0.04481315612792969,,25,25,0.25,Cherry,all_25_combos_master,2026-10-04T08:57:40.983006
1_25_tips,26.0,1.0,0.4557667342000001,0.1283212528667625,25,,FastME,0.04481315612792969,,25,25,0.25,Cherry,all_25_combos_master,2026-10-04T08:57:40.983006
18_25_tips,32.0,1.0,0.5579080380000001,0.1880019424942236,25,,FastME,0.04481315612792969,,25,25,0.25,Cherry,all_25_combos_master,2026-10-04T08:57:40.983006
7_25_tips,35.0,1.0,0.953699789,0.2680825950092808,25,,FastME,0.04481315612792969,,25,25,0.25,Cherry,all_25_combos_master,2026-10-04T08:57:40.983006
13_25_tips,36.0,1.0,0.8916690919999999,0.2111819562145409,25,,FastME,0.04481315612792969,,25,25,0.25,Cherry,all_25_combos_master,2026-10-04T08:57:40.983006
17_25_tips,16.0,0.3636363636363636,0.56195432,0.1784027293302263,25,,Phyloformer,4.018543243408203,0.0,25,50,0.25,Cherry,all_25_combos_master,2026-10-04T08:57:40.983006
9_25_tips,20.0,0.4545454545454545,0.5005890299999999,0.1430842657991028,25,,Phyloformer,4.018543243408203,0.0,25,50,0.25,Cherry,all_25_combos_master,2026-10-04T08:57:40.983006
6_25_tips,34.0,0.7727272727272727,0.4622664250000001,0.1382850665269515,25,,Phyloformer,4.018543243408203,0.0,25,50,0.25,Cherry,all_25_combos_master,2026-10-04T08:57:40.983006
4_25_tips,28.0,0.6363636363636364,0.4274639340000001,0.1517026072939499,25,,Phyloformer,4.018543243408203,0.0,25,50,0.25,Cherry,all_25_combos_master,2026-10-04T08:57:40.983006
0_25_tips,28.0,0.6363636363636364,0.7070709099999999,0.2360825932687844,25,,Phyloformer,4.018543243408203,0.0,25,50,0.25,Cherry,all_25_combos_master,2026-10-04T08:57:40.983006
15_25_tips,22.0,0.5,0.350977037,0.0914859766876373,25,,Phyloformer,4.018543243408203,0.0,25,50,0.25,Cherry,all_25_combos_master,2026-10-04T08:57:40.983006
5_25_tips,22.0,0.5,0.42167799,0.1446970429697001,25,,Phyloformer,4.018543243408203,0.0,25,50,0.25,Cherry,all_25_combos_master,2026-10-04T08:57:40.983006
12_25_tips,24.0,0.5454545454545454,0.399093971,0.1335134763063431,25,,Phyloformer,4.018543243408203,0.0,25,50,0.25,Cherry,all_25_combos_master,2026-10-04T08:57:40.983006
16_25_tips,28.0,0.6363636363636364,0.50634943,0.184672338958899,25,,Phyloformer,4.018543243408203,0.0,25,50,0.25,Cherry,all_25_combos_master,2026-10-04T08:57:40.983006
11_25_tips,20.0,0.4545454545454545,0.385855495,0.1130738057449056,25,,Phyloformer,4.018543243408203,0.0,25,50,0.25,Cherry,all_25_combos_master,2026-10-04T08:57:40.983006
10_25_tips,12.0,0.2727272727272727,0.42118473,0.1185805119597343,25,,Phyloformer,4.018543243408203,0.0,25,50,0.25,Cherry,all_25_combos_master,2026-10-04T08:57:40.983006
3_25_tips,26.0,0.5909090909090909,0.5247094529999998,0.125431424977785,25,,Phyloformer,4.018543243408203,0.0,25,50,0.25,Cherry,all_25_combos_master,2026-10-04T08:57:40.983006
2_25_tips,18.0,0.4090909090909091,0.5451936499999999,0.1530306878063674,25,,Phyloformer,4.018543243408203,0.0,25,50,0.25,Cherry,all_25_combos_master,2026-10-04T08:57:40.983006
19_25_tips,22.0,0.5,0.2693257669999999,0.0913876107153832,25,,Phyloformer,4.018543243408203,0.0,25,50,0.25,Cherry,all_25_combos_master,2026-10-04T08:57:40.983006
8_25_tips,14.0,0.3181818181818182,0.3796305599999999,0.1214315626862011,25,,Phyloformer,4.018543243408203,0.0,25,50,0.25,Cherry,all_25_combos_master,2026-10-04T08:57:40.983006
14_25_tips,22.0,0.5,0.4793517959999999,0.1381452183361021,25,,Phyloformer,4.018543243408203,0.0,25,50,0.25,Cherry,all_25_combos_master,2026-10-04T08:57:40.983006
7_25_tips,28.0,0.6363636363636364,0.405729019,0.1140438514878453,25,,Phyloformer,4.018543243408203,0.0,25,50,0.25,Cherry,all_25_combos_master,2026-10-04T08:57:40.983006
1_25_tips,30.0,0.6818181818181818,0.3081451241999999,0.0984478597184179,25,,Phyloformer,4.018543243408203,0.0,25,50,0.25,Cherry,all_25_combos_master,2026-10-04T08:57:40.983006
13_25_tips,12.0,0.2727272727272727,0.425330672,0.1251886374212024,25,,Phyloformer,4.018543243408203,0.0,25,50,0.25,Cherry,all_25_combos_master,2026-10-04T08:57:40.983006
18_25_tips,32.0,0.7272727272727273,0.3436870479999999,0.1449024998510524,25,,Phyloformer,4.018543243408203,0.0,25,50,0.25,Cherry,all_25_combos_master,2026-10-04T08:57:40.983006
17_25_tips,18.0,0.4090909090909091,0.4724860380999998,0.1472954787698115,25,,IQ-TREE,124.70350646972656,,25,50,0.25,Cherry,all_25_combos_master,2026-10-04T08:57:40.983006
9_25_tips,26.0,0.5909090909090909,0.5326787995000002,0.1506595423872297,25,,IQ-TREE,124.70350646972656,,25,50,0.25,Cherry,all_25_combos_master,2026-10-04T08:57:40.983006
6_25_tips,24.0,0.5454545454545454,0.3723730441999996,0.1318687016387534,25,,IQ-TREE,124.70350646972656,,25,50,0.25,Cherry,all_25_combos_master,2026-10-04T08:57:40.983006
4_25_tips,32.0,0.7272727272727273,0.4224206179999997,0.1542415403558788,25,,IQ-TREE,124.70350646972656,,25,50,0.25,Cherry,all_25_combos_master,2026-10-04T08:57:40.983006
0_25_tips,24.0,0.5454545454545454,0.7018111919000001,0.2301790062903553,25,,IQ-TREE,124.70350646972656,,25,50,0.25,Cherry,all_25_combos_master,2026-10-04T08:57:40.983006
15_25_tips,28.0,0.6363636363636364,0.3171195325999996,0.0894042482283726,25,,IQ-TREE,124.70350646972656,,25,50,0.25,Cherry,all_25_combos_master,2026-10-04T08:57:40.983006
12_25_tips,28.0,0.6363636363636364,0.3424284425999997,0.1154042609266532,25,,IQ-TREE,124.70350646972656,,25,50,0.25,Cherry,all_25_combos_master,2026-10-04T08:57:40.983006
5_25_tips,28.0,0.6363636363636364,0.4271645279999997,0.1472748425289821,25,,IQ-TREE,124.70350646972656,,25,50,0.25,Cherry,all_25_combos_master,2026-10-04T08:57:40.983006
16_25_tips,30.0,0.6818181818181818,0.4960592615999996,0.1865403669331417,25,,IQ-TREE,124.70350646972656,,25,50,0.25,Cherry,all_25_combos_master,2026-10-04T08:57:40.983006
11_25_tips,16.0,0.3636363636363636,0.3606101310999997,0.1002759008275133,25,,IQ-TREE,124.70350646972656,,25,50,0.25,Cherry,all_25_combos_master,2026-10-04T08:57:40.983006
10_25_tips,14.0,0.3181818181818182,0.3986094120999999,0.1080107820194246,25,,IQ-TREE,124.70350646972656,,25,50,0.25,Cherry,all_25_combos_master,2026-10-04T08:57:40.983006
3_25_tips,30.0,0.6818181818181818,0.4647864276999998,0.1171172905362734,25,,IQ-TREE,124.70350646972656,,25,50,0.25,Cherry,all_25_combos_master,2026-10-04T08:57:40.983006
19_25_tips,26.0,0.5909090909090909,0.2845257241999998,0.0961308109636484,25,,IQ-TREE,124.70350646972656,,25,50,0.25,Cherry,all_25_combos_master,2026-10-04T08:57:40.983006
2_25_tips,12.0,0.2727272727272727,0.5104529676000001,0.1482077130450642,25,,IQ-TREE,124.70350646972656,,25,50,0.25,Cherry,all_25_combos_master,2026-10-04T08:57:40.983006
8_25_tips,18.0,0.4090909090909091,0.3392555219999998,0.1019270390358292,25,,IQ-TREE,124.70350646972656,,25,50,0.25,Cherry,all_25_combos_master,2026-10-04T08:57:40.983006
14_25_tips,24.0,0.5454545454545454,0.4714261208999998,0.1437837149243032,25,,IQ-TREE,124.70350646972656,,25,50,0.25,Cherry,all_25_combos_master,2026-10-04T08:57:40.983006
7_25_tips,30.0,0.6818181818181818,0.3150459782999997,0.0900185824802958,25,,IQ-TREE,124.70350646972656,,25,50,0.25,Cherry,all_25_combos_master,2026-10-04T08:57:40.983006
1_25_tips,34.0,0.7727272727272727,0.2827606005999998,0.0963373868510598,25,,IQ-TREE,124.70350646972656,,25,50,0.25,Cherry,all_25_combos_master,2026-10-04T08:57:40.983006
13_25_tips,20.0,0.4545454545454545,0.4232249981999997,0.1273002768509791,25,,IQ-TREE,124.70350646972656,,25,50,0.25,Cherry,all_25_combos_master,2026-10-04T08:57:40.983006
18_25_tips,36.0,0.8181818181818182,0.3242665888999997,0.1396753579219464,25,,IQ-TREE,124.70350646972656,,25,50,0.25,Cherry,all_25_combos_master,2026-10-04T08:57:40.983006
17_25_tips,40.0,1.0,1.06304183,0.275810085507806,25,,FastME,0.05573701858520508,,25,50,0.25,Cherry,all_25_combos_master,2026-10-04T08:57:40.983006
9_25_tips,39.0,1.0,0.8048175000000001,0.1898592171390417,25,,FastME,0.05573701858520508,,25,50,0.25,Cherry,all_25_combos_master,2026-10-04T08:57:40.983006
4_25_tips,30.0,0.6818181818181818,0.4416862039999999,0.1510441315043722,25,,FastME,0.05573701858520508,,25,50,0.25,Cherry,all_25_combos_master,2026-10-04T08:57:40.983006
15_25_tips,36.0,1.0,0.855935217,0.2049181537554228,25,,FastME,0.05573701858520508,,25,50,0.25,Cherry,all_25_combos_master,2026-10-04T08:57:40.983006
6_25_tips,39.0,1.0,0.6843309549999999,0.1709754996898688,25,,FastME,0.05573701858520508,,25,50,0.25,Cherry,all_25_combos_master,2026-10-04T08:57:40.983006
0_25_tips,28.0,0.6363636363636364,0.6828061999999997,0.2264265819414964,25,,FastME,0.05573701858520508,,25,50,0.25,Cherry,all_25_combos_master,2026-10-04T08:57:40.983006
12_25_tips,36.0,1.0,0.7036339570000001,0.1735663503842845,25,,FastME,0.05573701858520508,,25,50,0.25,Cherry,all_25_combos_master,2026-10-04T08:57:40.983006
11_25_tips,41.0,1.0,0.6880747049999998,0.1604065125375985,25,,FastME,0.05573701858520508,,25,50,0.25,Cherry,all_25_combos_master,2026-10-04T08:57:40.983006
5_25_tips,35.0,1.0,1.17078158,0.3110982310592764,25,,FastME,0.05573701858520508,,25,50,0.25,Cherry,all_25_combos_master,2026-10-04T08:57:40.983006
16_25_tips,36.0,1.0,0.7535666200000001,0.246757028043951,25,,FastME,0.05573701858520508,,25,50,0.25,Cherry,all_25_combos_master,2026-10-04T08:57:40.983006
3_25_tips,43.0,1.0,0.8471052129999999,0.2199115311216476,25,,FastME,0.05573701858520508,,25,50,0.25,Cherry,all_25_combos_master,2026-10-04T08:57:40.983006
10_25_tips,43.0,1.0,1.08924655,0.2285678952371397,25,,FastME,0.05573701858520508,,25,50,0.25,Cherry,all_25_combos_master,2026-10-04T08:57:40.983006
19_25_tips,34.0,1.0,0.650775127,0.1656839734559871,25,,FastME,0.05573701858520508,,25,50,0.25,Cherry,all_25_combos_master,2026-10-04T08:57:40.983006
2_25_tips,43.0,1.0,1.4579898799999995,0.3004573252180808,25,,FastME,0.05573701858520508,,25,50,0.25,Cherry,all_25_combos_master,2026-10-04T08:57:40.983006
14_25_tips,36.0,1.0,1.009780736,0.2453285551716125,25,,FastME,0.05573701858520508,,25,50,0.25,Cherry,all_25_combos_master,2026-10-04T08:57:40.983006
8_25_tips,36.0,1.0,1.1723199099999997,0.2969573960663164,25,,FastME,0.05573701858520508,,25,50,0.25,Cherry,all_25_combos_master,2026-10-04T08:57:40.983006
1_25_tips,32.0,1.0,0.5456464042000001,0.1381483795416026,25,,FastME,0.05573701858520508,,25,50,0.25,Cherry,all_25_combos_master,2026-10-04T08:57:40.983006
7_25_tips,37.0,1.0,0.9614707389999998,0.3050806924578862,25,,FastME,0.05573701858520508,,25,50,0.25,Cherry,all_25_combos_master,2026-10-04T08:57:40.983006
18_25_tips,35.0,1.0,0.539357818,0.1871930409362852,25,,FastME,0.05573701858520508,,25,50,0.25,Cherry,all_25_combos_master,2026-10-04T08:57:40.983006
13_25_tips,39.0,1.0,0.8576656319999998,0.2083876411298373,25,,FastME,0.05573701858520508,,25,50,0.25,Cherry,all_25_combos_master,2026-10-04T08:57:40.983006
9_25_tips,8.0,0.1818181818181818,0.3098537700000001,0.0916526349906695,25,,Phyloformer,4.662802457809448,0.0,25,100,0.25,Cherry,all_25_combos_master,2026-10-04T08:57:40.983006
17_25_tips,16.0,0.3636363636363636,0.40791496,0.1227346393113117,25,,Phyloformer,4.662802457809448,0.0,25,100,0.25,Cherry,all_25_combos_master,2026-10-04T08:57:40.983006
4_25_tips,26.0,0.5909090909090909,0.4158548240000002,0.1449483595383304,25,,Phyloformer,4.662802457809448,0.0,25,100,0.25,Cherry,all_25_combos_master,2026-10-04T08:57:40.983006
6_25_tips,20.0,0.4545454545454545,0.274027515,0.0771156252728934,25,,Phyloformer,4.662802457809448,0.0,25,100,0.25,Cherry,all_25_combos_master,2026-10-04T08:57:40.983006
0_25_tips,18.0,0.4090909090909091,0.4734275699999999,0.1466334644286252,25,,Phyloformer,4.662802457809448,0.0,25,100,0.25,Cherry,all_25_combos_master,2026-10-04T08:57:40.983006
15_25_tips,20.0,0.4545454545454545,0.362795263,0.1106244616738849,25,,Phyloformer,4.662802457809448,0.0,25,100,0.25,Cherry,all_25_combos_master,2026-10-04T08:57:40.983006
5_25_tips,20.0,0.4545454545454545,0.405802276,0.155531251500608,25,,Phyloformer,4.662802457809448,0.0,25,100,0.25,Cherry,all_25_combos_master,2026-10-04T08:57:40.983006
12_25_tips,10.0,0.2272727272727272,0.300014583,0.0915638371102726,25,,Phyloformer,4.662802457809448,0.0,25,100,0.25,Cherry,all_25_combos_master,2026-10-04T08:57:40.983006
16_25_tips,18.0,0.4090909090909091,0.3745161,0.1564322780920037,25,,Phyloformer,4.662802457809448,0.0,25,100,0.25,Cherry,all_25_combos_master,2026-10-04T08:57:40.983006
11_25_tips,18.0,0.4090909090909091,0.298904905,0.0820574960338356,25,,Phyloformer,4.662802457809448,0.0,25,100,0.25,Cherry,all_25_combos_master,2026-10-04T08:57:40.983006
3_25_tips,32.0,0.7272727272727273,0.384572543,0.1091034476799999,25,,Phyloformer,4.662802457809448,0.0,25,100,0.25,Cherry,all_25_combos_master,2026-10-04T08:57:40.983006
10_25_tips,16.0,0.3636363636363636,0.4701319099999999,0.1317324434143703,25,,Phyloformer,4.662802457809448,0.0,25,100,0.25,Cherry,all_25_combos_master,2026-10-04T08:57:40.983006
2_25_tips,12.0,0.2727272727272727,0.5827754799999999,0.171063137507342,25,,Phyloformer,4.662802457809448,0.0,25,100,0.25,Cherry,all_25_combos_master,2026-10-04T08:57:40.983006
19_25_tips,24.0,0.5454545454545454,0.188529387,0.059878167987635,25,,Phyloformer,4.662802457809448,0.0,25,100,0.25,Cherry,all_25_combos_master,2026-10-04T08:57:40.983006
8_25_tips,12.0,0.2727272727272727,0.3544654999999999,0.1235899269372775,25,,Phyloformer,4.662802457809448,0.0,25,100,0.25,Cherry,all_25_combos_master,2026-10-04T08:57:40.983006
14_25_tips,18.0,0.4090909090909091,0.3270892659999997,0.1060810438689826,25,,Phyloformer,4.662802457809448,0.0,25,100,0.25,Cherry,all_25_combos_master,2026-10-04T08:57:40.983006
7_25_tips,24.0,0.5454545454545454,0.3947972889999999,0.1440512833718799,25,,Phyloformer,4.662802457809448,0.0,25,100,0.25,Cherry,all_25_combos_master,2026-10-04T08:57:40.983006
1_25_tips,22.0,0.5,0.2166277742,0.0706502131185165,25,,Phyloformer,4.662802457809448,0.0,25,100,0.25,Cherry,all_25_combos_master,2026-10-04T08:57:40.983006
13_25_tips,20.0,0.4545454545454545,0.328111962,0.08937913450394,25,,Phyloformer,4.662802457809448,0.0,25,100,0.25,Cherry,all_25_combos_master,2026-10-04T08:57:40.983006
18_25_tips,26.0,0.5909090909090909,0.2757091079999998,0.1049234768035717,25,,Phyloformer,4.662802457809448,0.0,25,100,0.25,Cherry,all_25_combos_master,2026-10-04T08:57:40.983006
17_25_tips,18.0,0.4090909090909091,0.3704434698999998,0.1033111362377089,25,,IQ-TREE,155.19552779197693,,25,100,0.25,Cherry,all_25_combos_master,2026-10-04T08:57:40.983006
9_25_tips,8.0,0.1818181818181818,0.2868789152999998,0.0885136095323904,25,,IQ-TREE,155.19552779197693,,25,100,0.25,Cherry,all_25_combos_master,2026-10-04T08:57:40.983006
6_25_tips,22.0,0.5,0.2686014786999999,0.0750264637538663,25,,IQ-TREE,155.19552779197693,,25,100,0.25,Cherry,all_25_combos_master,2026-10-04T08:57:40.983006
4_25_tips,26.0,0.5909090909090909,0.4466779995999999,0.1530977782792186,25,,IQ-TREE,155.19552779197693,,25,100,0.25,Cherry,all_25_combos_master,2026-10-04T08:57:40.983006
0_25_tips,20.0,0.4545454545454545,0.4092897684999997,0.1257720533754147,25,,IQ-TREE,155.19552779197693,,25,100,0.25,Cherry,all_25_combos_master,2026-10-04T08:57:40.983006
15_25_tips,20.0,0.4545454545454545,0.3761126721999997,0.1148305534844872,25,,IQ-TREE,155.19552779197693,,25,100,0.25,Cherry,all_25_combos_master,2026-10-04T08:57:40.983006
12_25_tips,14.0,0.3181818181818182,0.2247026512,0.06740923364277,25,,IQ-TREE,155.19552779197693,,25,100,0.25,Cherry,all_25_combos_master,2026-10-04T08:57:40.983006
5_25_tips,26.0,0.5909090909090909,0.3609064616999998,0.1440439718303589,25,,IQ-TREE,155.19552779197693,,25,100,0.25,Cherry,all_25_combos_master,2026-10-04T08:57:40.983006
11_25_tips,22.0,0.5,0.3078986698999997,0.0864029877480725,25,,IQ-TREE,155.19552779197693,,25,100,0.25,Cherry,all_25_combos_master,2026-10-04T08:57:40.983006
16_25_tips,22.0,0.5,0.3404066337999997,0.1422563121525427,25,,IQ-TREE,155.19552779197693,,25,100,0.25,Cherry,all_25_combos_master,2026-10-04T08:57:40.983006
10_25_tips,24.0,0.5454545454545454,0.4454605678999996,0.1250221182596428,25,,IQ-TREE,155.19552779197693,,25,100,0.25,Cherry,all_25_combos_master,2026-10-04T08:57:40.983006
3_25_tips,24.0,0.5454545454545454,0.3413426025999999,0.1000621139332288,25,,IQ-TREE,155.19552779197693,,25,100,0.25,Cherry,all_25_combos_master,2026-10-04T08:57:40.983006
2_25_tips,8.0,0.1818181818181818,0.5515979514,0.1633804529118097,25,,IQ-TREE,155.19552779197693,,25,100,0.25,Cherry,all_25_combos_master,2026-10-04T08:57:40.983006
19_25_tips,22.0,0.5,0.1793914223,0.0583101055560158,25,,IQ-TREE,155.19552779197693,,25,100,0.25,Cherry,all_25_combos_master,2026-10-04T08:57:40.983006
8_25_tips,16.0,0.3636363636363636,0.3675181880999997,0.1149160626120426,25,,IQ-TREE,155.19552779197693,,25,100,0.25,Cherry,all_25_combos_master,2026-10-04T08:57:40.983006
14_25_tips,14.0,0.3181818181818182,0.2950958767999999,0.096709842676793,25,,IQ-TREE,155.19552779197693,,25,100,0.25,Cherry,all_25_combos_master,2026-10-04T08:57:40.983006
7_25_tips,22.0,0.5,0.3516171395999998,0.1320398207874261,25,,IQ-TREE,155.19552779197693,,25,100,0.25,Cherry,all_25_combos_master,2026-10-04T08:57:40.983006
1_25_tips,26.0,0.5909090909090909,0.2408409631,0.0729932020131508,25,,IQ-TREE,155.19552779197693,,25,100,0.25,Cherry,all_25_combos_master,2026-10-04T08:57:40.983006
13_25_tips,28.0,0.6363636363636364,0.3116584287999996,0.088889520845771,25,,IQ-TREE,155.19552779197693,,25,100,0.25,Cherry,all_25_combos_master,2026-10-04T08:57:40.983006
18_25_tips,32.0,0.7272727272727273,0.2525201675999997,0.0933452162361966,25,,IQ-TREE,155.19552779197693,,25,100,0.25,Cherry,all_25_combos_master,2026-10-04T08:57:40.983006
17_25_tips,40.0,1.0,1.15335809,0.303820662117498,25,,FastME,0.05272841453552246,,25,100,0.25,Cherry,all_25_combos_master,2026-10-04T08:57:40.983006
9_25_tips,43.0,1.0,0.9203075199999998,0.1932309065944146,25,,FastME,0.05272841453552246,,25,100,0.25,Cherry,all_25_combos_master,2026-10-04T08:57:40.983006
6_25_tips,35.0,1.0,0.7701249949999999,0.1767935666652265,25,,FastME,0.05272841453552246,,25,100,0.25,Cherry,all_25_combos_master,2026-10-04T08:57:40.983006
4_25_tips,28.0,0.6363636363636364,0.432567584,0.1531042214263868,25,,FastME,0.05272841453552246,,25,100,0.25,Cherry,all_25_combos_master,2026-10-04T08:57:40.983006
0_25_tips,16.0,0.3636363636363636,0.42007722,0.1232511740261171,25,,FastME,0.05272841453552246,,25,100,0.25,Cherry,all_25_combos_master,2026-10-04T08:57:40.983006
15_25_tips,14.0,0.3181818181818182,0.3521307569999999,0.1058345885400889,25,,FastME,0.05272841453552246,,25,100,0.25,Cherry,all_25_combos_master,2026-10-04T08:57:40.983006
5_25_tips,38.0,1.0,1.0569653199999998,0.2764229350538503,25,,FastME,0.05272841453552246,,25,100,0.25,Cherry,all_25_combos_master,2026-10-04T08:57:40.983006
12_25_tips,42.0,1.0,0.7267972070000001,0.1775968286870605,25,,FastME,0.05272841453552246,,25,100,0.25,Cherry,all_25_combos_master,2026-10-04T08:57:40.983006
16_25_tips,40.0,1.0,0.8041938400000002,0.2436980548490619,25,,FastME,0.05272841453552246,,25,100,0.25,Cherry,all_25_combos_master,2026-10-04T08:57:40.983006
11_25_tips,42.0,1.0,0.7573883450000002,0.1722259141511734,25,,FastME,0.05272841453552246,,25,100,0.25,Cherry,all_25_combos_master,2026-10-04T08:57:40.983006
3_25_tips,28.0,0.6363636363636364,0.3802665329999998,0.1069820733941298,25,,FastME,0.05272841453552246,,25,100,0.25,Cherry,all_25_combos_master,2026-10-04T08:57:40.983006
10_25_tips,43.0,1.0,0.94665025,0.2159380825267083,25,,FastME,0.05272841453552246,,25,100,0.25,Cherry,all_25_combos_master,2026-10-04T08:57:40.983006
2_25_tips,10.0,0.2272727272727272,0.55231828,0.1668276580017881,25,,FastME,0.05272841453552246,,25,100,0.25,Cherry,all_25_combos_master,2026-10-04T08:57:40.983006
19_25_tips,37.0,1.0,0.4938477069999999,0.1306286712849566,25,,FastME,0.05272841453552246,,25,100,0.25,Cherry,all_25_combos_master,2026-10-04T08:57:40.983006
8_25_tips,41.0,1.0,1.10035986,0.2858721848398063,25,,FastME,0.05272841453552246,,25,100,0.25,Cherry,all_25_combos_master,2026-10-04T08:57:40.983006
14_25_tips,38.0,1.0,0.939534426,0.2222957350003954,25,,FastME,0.05272841453552246,,25,100,0.25,Cherry,all_25_combos_master,2026-10-04T08:57:40.983006
7_25_tips,40.0,1.0,1.028124769,0.2784391729151299,25,,FastME,0.05272841453552246,,25,100,0.25,Cherry,all_25_combos_master,2026-10-04T08:57:40.983006
1_25_tips,37.0,1.0,0.6289236442000001,0.1509958516733195,25,,FastME,0.05272841453552246,,25,100,0.25,Cherry,all_25_combos_master,2026-10-04T08:57:40.983006
13_25_tips,40.0,1.0,0.8668048519999999,0.2054131719121807,25,,FastME,0.05272841453552246,,25,100,0.25,Cherry,all_25_combos_master,2026-10-04T08:57:40.983006
18_25_tips,37.0,1.0,0.5461141779999998,0.1961766528200549,25,,FastME,0.05272841453552246,,25,100,0.25,Cherry,all_25_combos_master,2026-10-04T08:57:40.983006
9_25_tips,12.0,0.2727272727272727,0.3212854199999999,0.0843867836710464,25,,Phyloformer,4.9348368644714355,0.0,25,200,0.25,Cherry,all_25_combos_master,2026-10-04T08:57:40.983006
17_25_tips,10.0,0.2272727272727272,0.36347505,0.1338076517684616,25,,Phyloformer,4.9348368644714355,0.0,25,200,0.25,Cherry,all_25_combos_master,2026-10-04T08:57:40.983006
6_25_tips,12.0,0.2727272727272727,0.274757535,0.0845734832679364,25,,Phyloformer,4.9348368644714355,0.0,25,200,0.25,Cherry,all_25_combos_master,2026-10-04T08:57:40.983006
4_25_tips,18.0,0.4090909090909091,0.250030694,0.0919550295479045,25,,Phyloformer,4.9348368644714355,0.0,25,200,0.25,Cherry,all_25_combos_master,2026-10-04T08:57:40.983006
15_25_tips,14.0,0.3181818181818182,0.354984753,0.0953792820783537,25,,Phyloformer,4.9348368644714355,0.0,25,200,0.25,Cherry,all_25_combos_master,2026-10-04T08:57:40.983006
0_25_tips,6.0,0.1363636363636363,0.47155774,0.1798134322592641,25,,Phyloformer,4.9348368644714355,0.0,25,200,0.25,Cherry,all_25_combos_master,2026-10-04T08:57:40.983006
12_25_tips,8.0,0.1818181818181818,0.231467747,0.0725038002011863,25,,Phyloformer,4.9348368644714355,0.0,25,200,0.25,Cherry,all_25_combos_master,2026-10-04T08:57:40.983006
5_25_tips,12.0,0.2727272727272727,0.3846470779999999,0.1290136842440405,25,,Phyloformer,4.9348368644714355,0.0,25,200,0.25,Cherry,all_25_combos_master,2026-10-04T08:57:40.983006
11_25_tips,12.0,0.2727272727272727,0.2805189150000001,0.0832867947201034,25,,Phyloformer,4.9348368644714355,0.0,25,200,0.25,Cherry,all_25_combos_master,2026-10-04T08:57:40.983006
16_25_tips,24.0,0.5454545454545454,0.2624935400000001,0.0875556166842196,25,,Phyloformer,4.9348368644714355,0.0,25,200,0.25,Cherry,all_25_combos_master,2026-10-04T08:57:40.983006
3_25_tips,20.0,0.4545454545454545,0.274188491,0.0960758397217498,25,,Phyloformer,4.9348368644714355,0.0,25,200,0.25,Cherry,all_25_combos_master,2026-10-04T08:57:40.983006
10_25_tips,12.0,0.2727272727272727,0.29622923,0.0901945873007892,25,,Phyloformer,4.9348368644714355,0.0,25,200,0.25,Cherry,all_25_combos_master,2026-10-04T08:57:40.983006
2_25_tips,4.0,0.0909090909090909,0.3653030399999999,0.0988870523383066,25,,Phyloformer,4.9348368644714355,0.0,25,200,0.25,Cherry,all_25_combos_master,2026-10-04T08:57:40.983006
19_25_tips,20.0,0.4545454545454545,0.176806947,0.0519644346942044,25,,Phyloformer,4.9348368644714355,0.0,25,200,0.25,Cherry,all_25_combos_master,2026-10-04T08:57:40.983006
8_25_tips,14.0,0.3181818181818182,0.32357083,0.114741663879559,25,,Phyloformer,4.9348368644714355,0.0,25,200,0.25,Cherry,all_25_combos_master,2026-10-04T08:57:40.983006
14_25_tips,12.0,0.2727272727272727,0.286368606,0.0925781718149393,25,,Phyloformer,4.9348368644714355,0.0,25,200,0.25,Cherry,all_25_combos_master,2026-10-04T08:57:40.983006
1_25_tips,22.0,0.5,0.1697935842,0.0510098433699977,25,,Phyloformer,4.9348368644714355,0.0,25,200,0.25,Cherry,all_25_combos_master,2026-10-04T08:57:40.983006
7_25_tips,6.0,0.1363636363636363,0.363814255,0.1366712194700577,25,,Phyloformer,4.9348368644714355,0.0,25,200,0.25,Cherry,all_25_combos_master,2026-10-04T08:57:40.983006
18_25_tips,14.0,0.3181818181818182,0.2706251480000001,0.1158628884661859,25,,Phyloformer,4.9348368644714355,0.0,25,200,0.25,Cherry,all_25_combos_master,2026-10-04T08:57:40.983006
13_25_tips,16.0,0.3636363636363636,0.3615446319999999,0.1065306739781688,25,,Phyloformer,4.9348368644714355,0.0,25,200,0.25,Cherry,all_25_combos_master,2026-10-04T08:57:40.983006
17_25_tips,10.0,0.2272727272727272,0.3430534211999999,0.1295902132436244,25,,IQ-TREE,211.11075687408447,,25,200,0.25,Cherry,all_25_combos_master,2026-10-04T08:57:40.983006
9_25_tips,12.0,0.2727272727272727,0.3092195570999999,0.0801736977887805,25,,IQ-TREE,211.11075687408447,,25,200,0.25,Cherry,all_25_combos_master,2026-10-04T08:57:40.983006
6_25_tips,10.0,0.2272727272727272,0.2801272088999998,0.0897795471385796,25,,IQ-TREE,211.11075687408447,,25,200,0.25,Cherry,all_25_combos_master,2026-10-04T08:57:40.983006
4_25_tips,16.0,0.3636363636363636,0.2379321659999999,0.087201563719102,25,,IQ-TREE,211.11075687408447,,25,200,0.25,Cherry,all_25_combos_master,2026-10-04T08:57:40.983006
15_25_tips,14.0,0.3181818181818182,0.3484951595999999,0.0936675306159872,25,,IQ-TREE,211.11075687408447,,25,200,0.25,Cherry,all_25_combos_master,2026-10-04T08:57:40.983006
0_25_tips,6.0,0.1363636363636363,0.4233880077999999,0.1676423921664665,25,,IQ-TREE,211.11075687408447,,25,200,0.25,Cherry,all_25_combos_master,2026-10-04T08:57:40.983006
12_25_tips,8.0,0.1818181818181818,0.2099714022999999,0.0633040941423205,25,,IQ-TREE,211.11075687408447,,25,200,0.25,Cherry,all_25_combos_master,2026-10-04T08:57:40.983006
5_25_tips,14.0,0.3181818181818182,0.3323877719999999,0.1147718730963796,25,,IQ-TREE,211.11075687408447,,25,200,0.25,Cherry,all_25_combos_master,2026-10-04T08:57:40.983006
11_25_tips,10.0,0.2272727272727272,0.2813672720999999,0.0814465277105431,25,,IQ-TREE,211.11075687408447,,25,200,0.25,Cherry,all_25_combos_master,2026-10-04T08:57:40.983006
16_25_tips,18.0,0.4090909090909091,0.2161622723,0.0754842615060967,25,,IQ-TREE,211.11075687408447,,25,200,0.25,Cherry,all_25_combos_master,2026-10-04T08:57:40.983006
10_25_tips,2.0,0.0454545454545454,0.2684168104999999,0.0929284714935795,25,,IQ-TREE,211.11075687408447,,25,200,0.25,Cherry,all_25_combos_master,2026-10-04T08:57:40.983006
3_25_tips,18.0,0.4090909090909091,0.24052975,0.086187170783023,25,,IQ-TREE,211.11075687408447,,25,200,0.25,Cherry,all_25_combos_master,2026-10-04T08:57:40.983006
19_25_tips,26.0,0.5909090909090909,0.1754607960999999,0.0536486378269788,25,,IQ-TREE,211.11075687408447,,25,200,0.25,Cherry,all_25_combos_master,2026-10-04T08:57:40.983006
2_25_tips,4.0,0.0909090909090909,0.3518893820999999,0.0957085652494294,25,,IQ-TREE,211.11075687408447,,25,200,0.25,Cherry,all_25_combos_master,2026-10-04T08:57:40.983006
14_25_tips,14.0,0.3181818181818182,0.2527824899999999,0.0837368221769386,25,,IQ-TREE,211.11075687408447,,25,200,0.25,Cherry,all_25_combos_master,2026-10-04T08:57:40.983006
8_25_tips,12.0,0.2727272727272727,0.3006430803999999,0.101671915972978,25,,IQ-TREE,211.11075687408447,,25,200,0.25,Cherry,all_25_combos_master,2026-10-04T08:57:40.983006
1_25_tips,20.0,0.4545454545454545,0.1400483367,0.0467452222492359,25,,IQ-TREE,211.11075687408447,,25,200,0.25,Cherry,all_25_combos_master,2026-10-04T08:57:40.983006
7_25_tips,10.0,0.2272727272727272,0.3381157950999999,0.1248386368861251,25,,IQ-TREE,211.11075687408447,,25,200,0.25,Cherry,all_25_combos_master,2026-10-04T08:57:40.983006
18_25_tips,22.0,0.5,0.2614304364999998,0.1112978247329019,25,,IQ-TREE,211.11075687408447,,25,200,0.25,Cherry,all_25_combos_master,2026-10-04T08:57:40.983006
13_25_tips,16.0,0.3636363636363636,0.3433903643999998,0.1082852553908593,25,,IQ-TREE,211.11075687408447,,25,200,0.25,Cherry,all_25_combos_master,2026-10-04T08:57:40.983006
17_25_tips,43.0,1.0,1.09968909,0.2812566377812103,25,,FastME,0.05556678771972656,,25,200,0.25,Cherry,all_25_combos_master,2026-10-04T08:57:40.983006
9_25_tips,14.0,0.3181818181818182,0.3080388400000001,0.079240688402994,25,,FastME,0.05556678771972656,,25,200,0.25,Cherry,all_25_combos_master,2026-10-04T08:57:40.983006
6_25_tips,43.0,1.0,0.7102632649999998,0.1694869322515256,25,,FastME,0.05556678771972656,,25,200,0.25,Cherry,all_25_combos_master,2026-10-04T08:57:40.983006
4_25_tips,18.0,0.4090909090909091,0.254881604,0.0916265209534111,25,,FastME,0.05556678771972656,,25,200,0.25,Cherry,all_25_combos_master,2026-10-04T08:57:40.983006
0_25_tips,4.0,0.0909090909090909,0.43489408,0.1670317770439613,25,,FastME,0.05556678771972656,,25,200,0.25,Cherry,all_25_combos_master,2026-10-04T08:57:40.983006
15_25_tips,16.0,0.3636363636363636,0.354383507,0.0945833861029939,25,,FastME,0.05556678771972656,,25,200,0.25,Cherry,all_25_combos_master,2026-10-04T08:57:40.983006
5_25_tips,40.0,1.0,1.0669892100000002,0.2858607119721408,25,,FastME,0.05556678771972656,,25,200,0.25,Cherry,all_25_combos_master,2026-10-04T08:57:40.983006
12_25_tips,43.0,1.0,0.7267365969999998,0.1804962670866226,25,,FastME,0.05556678771972656,,25,200,0.25,Cherry,all_25_combos_master,2026-10-04T08:57:40.983006
16_25_tips,43.0,1.0,0.93690745,0.282354232120349,25,,FastME,0.05556678771972656,,25,200,0.25,Cherry,all_25_combos_master,2026-10-04T08:57:40.983006
11_25_tips,8.0,0.1818181818181818,0.282057835,0.0825701270543225,25,,FastME,0.05556678771972656,,25,200,0.25,Cherry,all_25_combos_master,2026-10-04T08:57:40.983006
3_25_tips,18.0,0.4090909090909091,0.2324892209999999,0.0822613188497421,25,,FastME,0.05556678771972656,,25,200,0.25,Cherry,all_25_combos_master,2026-10-04T08:57:40.983006
10_25_tips,10.0,0.2272727272727272,0.27704583,0.091728787838322,25,,FastME,0.05556678771972656,,25,200,0.25,Cherry,all_25_combos_master,2026-10-04T08:57:40.983006
2_25_tips,2.0,0.0454545454545454,0.35500108,0.0947287794842549,25,,FastME,0.05556678771972656,,25,200,0.25,Cherry,all_25_combos_master,2026-10-04T08:57:40.983006
19_25_tips,35.0,1.0,0.492410067,0.1255486268439772,25,,FastME,0.05556678771972656,,25,200,0.25,Cherry,all_25_combos_master,2026-10-04T08:57:40.983006
14_25_tips,38.0,1.0,0.9357751560000002,0.2353372119603288,25,,FastME,0.05556678771972656,,25,200,0.25,Cherry,all_25_combos_master,2026-10-04T08:57:40.983006
8_25_tips,43.0,1.0,1.12587004,0.2910406414441935,25,,FastME,0.05556678771972656,,25,200,0.25,Cherry,all_25_combos_master,2026-10-04T08:57:40.983006
1_25_tips,39.0,1.0,0.6373116142000002,0.1534160945250282,25,,FastME,0.05556678771972656,,25,200,0.25,Cherry,all_25_combos_master,2026-10-04T08:57:40.983006
7_25_tips,10.0,0.2272727272727272,0.356018339,0.1260302233001226,25,,FastME,0.05556678771972656,,25,200,0.25,Cherry,all_25_combos_master,2026-10-04T08:57:40.983006
18_25_tips,39.0,1.0,0.565641688,0.1865172222328572,25,,FastME,0.05556678771972656,,25,200,0.25,Cherry,all_25_combos_master,2026-10-04T08:57:40.983006
13_25_tips,43.0,1.0,0.8220423819999999,0.1907061636468554,25,,FastME,0.05556678771972656,,25,200,0.25,Cherry,all_25_combos_master,2026-10-04T08:57:40.983006
1_50_tips,82.0,0.8723404255319149,1.0125961729999997,0.2349559117435166,50,,Phyloformer,4.87309455871582,0.0,50,20,0.25,Cherry,all_25_combos_master,2026-10-04T08:57:40.983006
16_50_tips,68.0,0.723404255319149,0.7935954499999998,0.1578309450608155,50,,Phyloformer,4.87309455871582,0.0,50,20,0.25,Cherry,all_25_combos_master,2026-10-04T08:57:40.983006
0_50_tips,70.0,0.7446808510638298,1.0064986930000004,0.1905084517987733,50,,Phyloformer,4.87309455871582,0.0,50,20,0.25,Cherry,all_25_combos_master,2026-10-04T08:57:40.983006
19_50_tips,78.0,0.8297872340425532,0.6807637530000007,0.1472724181233533,50,,Phyloformer,4.87309455871582,0.0,50,20,0.25,Cherry,all_25_combos_master,2026-10-04T08:57:40.983006
13_50_tips,72.0,0.7659574468085106,0.9342486570000004,0.1832408813963238,50,,Phyloformer,4.87309455871582,0.0,50,20,0.25,Cherry,all_25_combos_master,2026-10-04T08:57:40.983006
7_50_tips,80.0,0.851063829787234,1.0724754200000002,0.2047119648211427,50,,Phyloformer,4.87309455871582,0.0,50,20,0.25,Cherry,all_25_combos_master,2026-10-04T08:57:40.983006
12_50_tips,76.0,0.8085106382978723,1.2524958189000006,0.2435037025595967,50,,Phyloformer,4.87309455871582,0.0,50,20,0.25,Cherry,all_25_combos_master,2026-10-04T08:57:40.983006
18_50_tips,64.0,0.6808510638297872,0.9452776362999998,0.184260445248463,50,,Phyloformer,4.87309455871582,0.0,50,20,0.25,Cherry,all_25_combos_master,2026-10-04T08:57:40.983006
2_50_tips,56.0,0.5957446808510638,1.0354892560000004,0.194640493977679,50,,Phyloformer,4.87309455871582,0.0,50,20,0.25,Cherry,all_25_combos_master,2026-10-04T08:57:40.983006
6_50_tips,94.0,1.0,1.0661032290000003,0.2228313673827721,50,,Phyloformer,4.87309455871582,0.0,50,20,0.25,Cherry,all_25_combos_master,2026-10-04T08:57:40.983006
5_50_tips,64.0,0.6808510638297872,0.9644822890000002,0.1933328978085818,50,,Phyloformer,4.87309455871582,0.0,50,20,0.25,Cherry,all_25_combos_master,2026-10-04T08:57:40.983006
9_50_tips,80.0,0.851063829787234,0.7547968129999997,0.1383862016783406,50,,Phyloformer,4.87309455871582,0.0,50,20,0.25,Cherry,all_25_combos_master,2026-10-04T08:57:40.983006
10_50_tips,80.0,0.851063829787234,0.9150086070000002,0.2001528294583637,50,,Phyloformer,4.87309455871582,0.0,50,20,0.25,Cherry,all_25_combos_master,2026-10-04T08:57:40.983006
15_50_tips,70.0,0.7446808510638298,0.6285526509999998,0.1459122744803175,50,,Phyloformer,4.87309455871582,0.0,50,20,0.25,Cherry,all_25_combos_master,2026-10-04T08:57:40.983006
17_50_tips,70.0,0.7446808510638298,1.131882141,0.2184164470079202,50,,Phyloformer,4.87309455871582,0.0,50,20,0.25,Cherry,all_25_combos_master,2026-10-04T08:57:40.983006
8_50_tips,86.0,0.9148936170212766,0.7891547629999995,0.1609728387040398,50,,Phyloformer,4.87309455871582,0.0,50,20,0.25,Cherry,all_25_combos_master,2026-10-04T08:57:40.983006
14_50_tips,76.0,0.8085106382978723,0.70349865408,0.1594176685337604,50,,Phyloformer,4.87309455871582,0.0,50,20,0.25,Cherry,all_25_combos_master,2026-10-04T08:57:40.983006
4_50_tips,78.0,0.8297872340425532,0.9667377770000002,0.1768851550073356,50,,Phyloformer,4.87309455871582,0.0,50,20,0.25,Cherry,all_25_combos_master,2026-10-04T08:57:40.983006
11_50_tips,80.0,0.851063829787234,0.9566659290000002,0.2896593814874979,50,,Phyloformer,4.87309455871582,0.0,50,20,0.25,Cherry,all_25_combos_master,2026-10-04T08:57:40.983006
3_50_tips,86.0,0.9148936170212766,0.8894057050000002,0.2022387506464007,50,,Phyloformer,4.87309455871582,0.0,50,20,0.25,Cherry,all_25_combos_master,2026-10-04T08:57:40.983006
16_50_tips,74.0,0.7872340425531915,0.9225330390000002,0.2001210172398719,50,,IQ-TREE,129.09715509414673,,50,20,0.25,Cherry,all_25_combos_master,2026-10-04T08:57:40.983006
1_50_tips,82.0,0.8723404255319149,0.9693896743000002,0.2288876997992116,50,,IQ-TREE,129.09715509414673,,50,20,0.25,Cherry,all_25_combos_master,2026-10-04T08:57:40.983006
0_50_tips,72.0,0.7659574468085106,0.9481446200000002,0.1960826032365488,50,,IQ-TREE,129.09715509414673,,50,20,0.25,Cherry,all_25_combos_master,2026-10-04T08:57:40.983006
13_50_tips,80.0,0.851063829787234,0.7974542783000005,0.1555408261643087,50,,IQ-TREE,129.09715509414673,,50,20,0.25,Cherry,all_25_combos_master,2026-10-04T08:57:40.983006
19_50_tips,82.0,0.8723404255319149,0.6391963052000005,0.1434186244556868,50,,IQ-TREE,129.09715509414673,,50,20,0.25,Cherry,all_25_combos_master,2026-10-04T08:57:40.983006
12_50_tips,86.0,0.9148936170212766,1.2856772157999987,0.2509796160935998,50,,IQ-TREE,129.09715509414673,,50,20,0.25,Cherry,all_25_combos_master,2026-10-04T08:57:40.983006
7_50_tips,78.0,0.8297872340425532,1.099219805499999,0.2225551190539011,50,,IQ-TREE,129.09715509414673,,50,20,0.25,Cherry,all_25_combos_master,2026-10-04T08:57:40.983006
2_50_tips,70.0,0.7446808510638298,1.0675590284999992,0.2134080165891945,50,,IQ-TREE,129.09715509414673,,50,20,0.25,Cherry,all_25_combos_master,2026-10-04T08:57:40.983006
18_50_tips,78.0,0.8297872340425532,1.1482337295000002,0.2288178471997873,50,,IQ-TREE,129.09715509414673,,50,20,0.25,Cherry,all_25_combos_master,2026-10-04T08:57:40.983006
5_50_tips,74.0,0.7872340425531915,1.0315080826,0.2143074853917364,50,,IQ-TREE,129.09715509414673,,50,20,0.25,Cherry,all_25_combos_master,2026-10-04T08:57:40.983006
6_50_tips,94.0,1.0,1.039707379099999,0.2227257426889187,50,,IQ-TREE,129.09715509414673,,50,20,0.25,Cherry,all_25_combos_master,2026-10-04T08:57:40.983006
10_50_tips,86.0,0.9148936170212766,1.0073925915999993,0.2211611362060601,50,,IQ-TREE,129.09715509414673,,50,20,0.25,Cherry,all_25_combos_master,2026-10-04T08:57:40.983006
9_50_tips,80.0,0.851063829787234,0.7550171639000006,0.1475128926204514,50,,IQ-TREE,129.09715509414673,,50,20,0.25,Cherry,all_25_combos_master,2026-10-04T08:57:40.983006
17_50_tips,74.0,0.7872340425531915,1.5256000182999996,0.2909409803169353,50,,IQ-TREE,129.09715509414673,,50,20,0.25,Cherry,all_25_combos_master,2026-10-04T08:57:40.983006
15_50_tips,78.0,0.8297872340425532,0.6964331606000003,0.162555446487786,50,,IQ-TREE,129.09715509414673,,50,20,0.25,Cherry,all_25_combos_master,2026-10-04T08:57:40.983006
14_50_tips,56.0,1.0,0.97434184608,0.2492050619003201,50,,IQ-TREE,129.09715509414673,,50,20,0.25,Cherry,all_25_combos_master,2026-10-04T08:57:40.983006
8_50_tips,84.0,0.8936170212765957,0.8125996152000001,0.1793765798304581,50,,IQ-TREE,129.09715509414673,,50,20,0.25,Cherry,all_25_combos_master,2026-10-04T08:57:40.983006
11_50_tips,82.0,0.8723404255319149,0.9299447090000006,0.2870641352791491,50,,IQ-TREE,129.09715509414673,,50,20,0.25,Cherry,all_25_combos_master,2026-10-04T08:57:40.983006
4_50_tips,76.0,0.8085106382978723,1.0035892936,0.1995991906385697,50,,IQ-TREE,129.09715509414673,,50,20,0.25,Cherry,all_25_combos_master,2026-10-04T08:57:40.983006
3_50_tips,82.0,0.8723404255319149,0.8913882073000003,0.2014111194987223,50,,IQ-TREE,129.09715509414673,,50,20,0.25,Cherry,all_25_combos_master,2026-10-04T08:57:40.983006
16_50_tips,67.0,1.0,1.3779021100000002,0.2706970855364023,50,,FastME,0.05404853820800781,,50,20,0.25,Cherry,all_25_combos_master,2026-10-04T08:57:40.983006
0_50_tips,70.0,1.0,1.6800912929999996,0.3021215862008057,50,,FastME,0.05404853820800781,,50,20,0.25,Cherry,all_25_combos_master,2026-10-04T08:57:40.983006
1_50_tips,63.0,1.0,1.469207753,0.2996895217311301,50,,FastME,0.05404853820800781,,50,20,0.25,Cherry,all_25_combos_master,2026-10-04T08:57:40.983006
13_50_tips,66.0,1.0,1.0303078070000002,0.1924705402187907,50,,FastME,0.05404853820800781,,50,20,0.25,Cherry,all_25_combos_master,2026-10-04T08:57:40.983006
19_50_tips,63.0,1.0,1.281982693,0.3072864679263319,50,,FastME,0.05404853820800781,,50,20,0.25,Cherry,all_25_combos_master,2026-10-04T08:57:40.983006
12_50_tips,62.0,1.0,1.4943999688999996,0.2678120555750463,50,,FastME,0.05404853820800781,,50,20,0.25,Cherry,all_25_combos_master,2026-10-04T08:57:40.983006
7_50_tips,67.0,1.0,1.54264011,0.2901712659648106,50,,FastME,0.05404853820800781,,50,20,0.25,Cherry,all_25_combos_master,2026-10-04T08:57:40.983006
2_50_tips,72.0,1.0,1.934410406,0.3345546860507726,50,,FastME,0.05404853820800781,,50,20,0.25,Cherry,all_25_combos_master,2026-10-04T08:57:40.983006
18_50_tips,67.0,1.0,1.6069491962999998,0.2741210275724072,50,,FastME,0.05404853820800781,,50,20,0.25,Cherry,all_25_combos_master,2026-10-04T08:57:40.983006
6_50_tips,53.0,1.0,1.057414929,0.2238898643206113,50,,FastME,0.05404853820800781,,50,20,0.25,Cherry,all_25_combos_master,2026-10-04T08:57:40.983006
5_50_tips,69.0,1.0,1.532202019,0.2634983202788322,50,,FastME,0.05404853820800781,,50,20,0.25,Cherry,all_25_combos_master,2026-10-04T08:57:40.983006
10_50_tips,63.0,1.0,1.268919017,0.2545846577456838,50,,FastME,0.05404853820800781,,50,20,0.25,Cherry,all_25_combos_master,2026-10-04T08:57:40.983006
9_50_tips,66.0,1.0,1.295885173,0.2633048010380258,50,,FastME,0.05404853820800781,,50,20,0.25,Cherry,all_25_combos_master,2026-10-04T08:57:40.983006
15_50_tips,62.0,1.0,1.0631704010000005,0.2217422418840028,50,,FastME,0.05404853820800781,,50,20,0.25,Cherry,all_25_combos_master,2026-10-04T08:57:40.983006
17_50_tips,70.0,1.0,1.753645045,0.3108136644882981,50,,FastME,0.05404853820800781,,50,20,0.25,Cherry,all_25_combos_master,2026-10-04T08:57:40.983006
8_50_tips,60.0,1.0,1.232321743,0.264166032372452,50,,FastME,0.05404853820800781,,50,20,0.25,Cherry,all_25_combos_master,2026-10-04T08:57:40.983006
14_50_tips,56.0,1.0,1.00174732408,0.2537542139753924,50,,FastME,0.05404853820800781,,50,20,0.25,Cherry,all_25_combos_master,2026-10-04T08:57:40.983006
11_50_tips,59.0,1.0,1.175767919,0.3493339942563468,50,,FastME,0.05404853820800781,,50,20,0.25,Cherry,all_25_combos_master,2026-10-04T08:57:40.983006
4_50_tips,67.0,1.0,1.5416119469999998,0.2746117651354527,50,,FastME,0.05404853820800781,,50,20,0.25,Cherry,all_25_combos_master,2026-10-04T08:57:40.983006
3_50_tips,57.0,1.0,1.279773595,0.27193682946087,50,,FastME,0.05404853820800781,,50,20,0.25,Cherry,all_25_combos_master,2026-10-04T08:57:40.983006
1_50_tips,66.0,0.7021276595744681,1.020502853,0.2166901812059798,50,,Phyloformer,4.482274293899536,0.0,50,25,0.25,Cherry,all_25_combos_master,2026-10-04T08:57:40.983006
16_50_tips,54.0,0.574468085106383,0.8508039900000001,0.1870400595424524,50,,Phyloformer,4.482274293899536,0.0,50,25,0.25,Cherry,all_25_combos_master,2026-10-04T08:57:40.983006
19_50_tips,58.0,0.6170212765957447,0.7954997029999998,0.1760868513995111,50,,Phyloformer,4.482274293899536,0.0,50,25,0.25,Cherry,all_25_combos_master,2026-10-04T08:57:40.983006
0_50_tips,70.0,0.7446808510638298,0.9280744329999996,0.1727102389159233,50,,Phyloformer,4.482274293899536,0.0,50,25,0.25,Cherry,all_25_combos_master,2026-10-04T08:57:40.983006
7_50_tips,68.0,0.723404255319149,0.8583793099999993,0.1822503063304731,50,,Phyloformer,4.482274293899536,0.0,50,25,0.25,Cherry,all_25_combos_master,2026-10-04T08:57:40.983006
13_50_tips,64.0,0.6808510638297872,0.7687948970000001,0.1630225051353936,50,,Phyloformer,4.482274293899536,0.0,50,25,0.25,Cherry,all_25_combos_master,2026-10-04T08:57:40.983006
18_50_tips,64.0,0.6808510638297872,0.8905910863000002,0.1733522913427554,50,,Phyloformer,4.482274293899536,0.0,50,25,0.25,Cherry,all_25_combos_master,2026-10-04T08:57:40.983006
12_50_tips,70.0,0.7446808510638298,1.0818910188999995,0.2162924836294519,50,,Phyloformer,4.482274293899536,0.0,50,25,0.25,Cherry,all_25_combos_master,2026-10-04T08:57:40.983006
6_50_tips,64.0,0.6808510638297872,1.0784355290000005,0.221735292817276,50,,Phyloformer,4.482274293899536,0.0,50,25,0.25,Cherry,all_25_combos_master,2026-10-04T08:57:40.983006
2_50_tips,72.0,0.7659574468085106,0.963145076000001,0.1975380678602823,50,,Phyloformer,4.482274293899536,0.0,50,25,0.25,Cherry,all_25_combos_master,2026-10-04T08:57:40.983006
9_50_tips,66.0,0.7021276595744681,0.7014650429999999,0.1343351766229206,50,,Phyloformer,4.482274293899536,0.0,50,25,0.25,Cherry,all_25_combos_master,2026-10-04T08:57:40.983006
5_50_tips,66.0,0.7021276595744681,0.943262579,0.1784365439813567,50,,Phyloformer,4.482274293899536,0.0,50,25,0.25,Cherry,all_25_combos_master,2026-10-04T08:57:40.983006
15_50_tips,82.0,0.8723404255319149,0.7648422309999999,0.1662586998258831,50,,Phyloformer,4.482274293899536,0.0,50,25,0.25,Cherry,all_25_combos_master,2026-10-04T08:57:40.983006
10_50_tips,60.0,0.6382978723404256,0.7702761369999999,0.1598150596940687,50,,Phyloformer,4.482274293899536,0.0,50,25,0.25,Cherry,all_25_combos_master,2026-10-04T08:57:40.983006
8_50_tips,70.0,0.7446808510638298,0.8510828629999996,0.1807470726921346,50,,Phyloformer,4.482274293899536,0.0,50,25,0.25,Cherry,all_25_combos_master,2026-10-04T08:57:40.983006
17_50_tips,76.0,0.8085106382978723,1.1543215450000004,0.2065334332257288,50,,Phyloformer,4.482274293899536,0.0,50,25,0.25,Cherry,all_25_combos_master,2026-10-04T08:57:40.983006
4_50_tips,60.0,0.6382978723404256,1.075184697,0.2169944053426764,50,,Phyloformer,4.482274293899536,0.0,50,25,0.25,Cherry,all_25_combos_master,2026-10-04T08:57:40.983006
14_50_tips,78.0,0.8297872340425532,0.5899990240800006,0.1177752549982304,50,,Phyloformer,4.482274293899536,0.0,50,25,0.25,Cherry,all_25_combos_master,2026-10-04T08:57:40.983006
3_50_tips,66.0,0.7021276595744681,0.832653665,0.1580448354665511,50,,Phyloformer,4.482274293899536,0.0,50,25,0.25,Cherry,all_25_combos_master,2026-10-04T08:57:40.983006
11_50_tips,68.0,0.723404255319149,0.6597979489999997,0.1782403382244028,50,,Phyloformer,4.482274293899536,0.0,50,25,0.25,Cherry,all_25_combos_master,2026-10-04T08:57:40.983006
16_50_tips,74.0,0.7872340425531915,0.8024081779000004,0.1858239275833942,50,,IQ-TREE,137.6186604499817,,50,25,0.25,Cherry,all_25_combos_master,2026-10-04T08:57:40.983006
1_50_tips,66.0,0.7021276595744681,1.1044388632999986,0.2536854158670515,50,,IQ-TREE,137.6186604499817,,50,25,0.25,Cherry,all_25_combos_master,2026-10-04T08:57:40.983006
0_50_tips,72.0,0.7659574468085106,1.062590656,0.2033378876053217,50,,IQ-TREE,137.6186604499817,,50,25,0.25,Cherry,all_25_combos_master,2026-10-04T08:57:40.983006
19_50_tips,78.0,0.8297872340425532,0.7842898425000002,0.1843641681594375,50,,IQ-TREE,137.6186604499817,,50,25,0.25,Cherry,all_25_combos_master,2026-10-04T08:57:40.983006
13_50_tips,76.0,0.8085106382978723,0.8329392791000004,0.179658214185416,50,,IQ-TREE,137.6186604499817,,50,25,0.25,Cherry,all_25_combos_master,2026-10-04T08:57:40.983006
7_50_tips,72.0,0.7659574468085106,0.8187555472000003,0.1801146026646398,50,,IQ-TREE,137.6186604499817,,50,25,0.25,Cherry,all_25_combos_master,2026-10-04T08:57:40.983006
12_50_tips,74.0,0.7872340425531915,1.144138034799999,0.2354914188736981,50,,IQ-TREE,137.6186604499817,,50,25,0.25,Cherry,all_25_combos_master,2026-10-04T08:57:40.983006
18_50_tips,70.0,0.7446808510638298,1.081529993,0.207923436168271,50,,IQ-TREE,137.6186604499817,,50,25,0.25,Cherry,all_25_combos_master,2026-10-04T08:57:40.983006
2_50_tips,74.0,0.7872340425531915,0.9822885995000008,0.2023129802043826,50,,IQ-TREE,137.6186604499817,,50,25,0.25,Cherry,all_25_combos_master,2026-10-04T08:57:40.983006
6_50_tips,70.0,0.7446808510638298,1.0850278120999994,0.2261059398826349,50,,IQ-TREE,137.6186604499817,,50,25,0.25,Cherry,all_25_combos_master,2026-10-04T08:57:40.983006
5_50_tips,76.0,0.8085106382978723,0.9771102683000006,0.187053773646828,50,,IQ-TREE,137.6186604499817,,50,25,0.25,Cherry,all_25_combos_master,2026-10-04T08:57:40.983006
9_50_tips,74.0,0.7872340425531915,0.7280935022000005,0.1423104994695923,50,,IQ-TREE,137.6186604499817,,50,25,0.25,Cherry,all_25_combos_master,2026-10-04T08:57:40.983006
10_50_tips,78.0,0.8297872340425532,0.7387677700000003,0.1610156704086411,50,,IQ-TREE,137.6186604499817,,50,25,0.25,Cherry,all_25_combos_master,2026-10-04T08:57:40.983006
15_50_tips,84.0,0.8936170212765957,0.6408944076000004,0.1553152898879533,50,,IQ-TREE,137.6186604499817,,50,25,0.25,Cherry,all_25_combos_master,2026-10-04T08:57:40.983006
8_50_tips,78.0,0.8297872340425532,0.8002442974000004,0.1752638243535141,50,,IQ-TREE,137.6186604499817,,50,25,0.25,Cherry,all_25_combos_master,2026-10-04T08:57:40.983006
17_50_tips,84.0,0.8936170212765957,1.141786749499999,0.2133413313192378,50,,IQ-TREE,137.6186604499817,,50,25,0.25,Cherry,all_25_combos_master,2026-10-04T08:57:40.983006
4_50_tips,70.0,0.7446808510638298,1.0634472045999988,0.2299915721388389,50,,IQ-TREE,137.6186604499817,,50,25,0.25,Cherry,all_25_combos_master,2026-10-04T08:57:40.983006
14_50_tips,80.0,0.851063829787234,0.5595235751800002,0.1204329111918789,50,,IQ-TREE,137.6186604499817,,50,25,0.25,Cherry,all_25_combos_master,2026-10-04T08:57:40.983006
3_50_tips,74.0,0.7872340425531915,0.8020930533000007,0.1652658592982089,50,,IQ-TREE,137.6186604499817,,50,25,0.25,Cherry,all_25_combos_master,2026-10-04T08:57:40.983006
11_50_tips,78.0,0.8297872340425532,0.6551320282000005,0.1773170479270401,50,,IQ-TREE,137.6186604499817,,50,25,0.25,Cherry,all_25_combos_master,2026-10-04T08:57:40.983006
16_50_tips,66.0,1.0,1.3259962799999996,0.2674855156091646,50,,FastME,0.06147432327270508,,50,25,0.25,Cherry,all_25_combos_master,2026-10-04T08:57:40.983006
1_50_tips,76.0,1.0,1.9596019530000008,0.3613825957256446,50,,FastME,0.06147432327270508,,50,25,0.25,Cherry,all_25_combos_master,2026-10-04T08:57:40.983006
0_50_tips,73.0,1.0,1.580987943,0.284267019346385,50,,FastME,0.06147432327270508,,50,25,0.25,Cherry,all_25_combos_master,2026-10-04T08:57:40.983006
19_50_tips,65.0,1.0,0.971054423,0.2094116301305954,50,,FastME,0.06147432327270508,,50,25,0.25,Cherry,all_25_combos_master,2026-10-04T08:57:40.983006
13_50_tips,68.0,1.0,1.1742383770000002,0.2251613979609716,50,,FastME,0.06147432327270508,,50,25,0.25,Cherry,all_25_combos_master,2026-10-04T08:57:40.983006
12_50_tips,66.0,1.0,1.8715649089,0.3304826374820224,50,,FastME,0.06147432327270508,,50,25,0.25,Cherry,all_25_combos_master,2026-10-04T08:57:40.983006
7_50_tips,71.0,1.0,1.43393018,0.2506924968816641,50,,FastME,0.06147432327270508,,50,25,0.25,Cherry,all_25_combos_master,2026-10-04T08:57:40.983006
2_50_tips,68.0,1.0,1.5744288460000004,0.2810743591424703,50,,FastME,0.06147432327270508,,50,25,0.25,Cherry,all_25_combos_master,2026-10-04T08:57:40.983006
18_50_tips,71.0,1.0,1.6126742363000002,0.2778525671446122,50,,FastME,0.06147432327270508,,50,25,0.25,Cherry,all_25_combos_master,2026-10-04T08:57:40.983006
6_50_tips,68.0,1.0,1.7143975490000003,0.3173346321511334,50,,FastME,0.06147432327270508,,50,25,0.25,Cherry,all_25_combos_master,2026-10-04T08:57:40.983006
5_50_tips,71.0,1.0,1.4888021790000006,0.2647481275202958,50,,FastME,0.06147432327270508,,50,25,0.25,Cherry,all_25_combos_master,2026-10-04T08:57:40.983006
9_50_tips,68.0,1.0,1.2231630729999996,0.2304561124355536,50,,FastME,0.06147432327270508,,50,25,0.25,Cherry,all_25_combos_master,2026-10-04T08:57:40.983006
10_50_tips,64.0,1.0,1.130987997,0.2125249513124907,50,,FastME,0.06147432327270508,,50,25,0.25,Cherry,all_25_combos_master,2026-10-04T08:57:40.983006
15_50_tips,62.0,1.0,0.957931781,0.184742086256333,50,,FastME,0.06147432327270508,,50,25,0.25,Cherry,all_25_combos_master,2026-10-04T08:57:40.983006
17_50_tips,61.0,1.0,1.4811711949999995,0.2719687712451628,50,,FastME,0.06147432327270508,,50,25,0.25,Cherry,all_25_combos_master,2026-10-04T08:57:40.983006
8_50_tips,65.0,1.0,1.1326971229999998,0.2174553889905527,50,,FastME,0.06147432327270508,,50,25,0.25,Cherry,all_25_combos_master,2026-10-04T08:57:40.983006
14_50_tips,66.0,1.0,1.0366368740799996,0.1986634489067299,50,,FastME,0.06147432327270508,,50,25,0.25,Cherry,all_25_combos_master,2026-10-04T08:57:40.983006
11_50_tips,64.0,1.0,1.163260409,0.3031259803594773,50,,FastME,0.06147432327270508,,50,25,0.25,Cherry,all_25_combos_master,2026-10-04T08:57:40.983006
4_50_tips,71.0,1.0,1.616363597,0.2897174910901866,50,,FastME,0.06147432327270508,,50,25,0.25,Cherry,all_25_combos_master,2026-10-04T08:57:40.983006
3_50_tips,69.0,1.0,1.664096735,0.3167372959551384,50,,FastME,0.06147432327270508,,50,25,0.25,Cherry,all_25_combos_master,2026-10-04T08:57:40.983006
16_50_tips,52.0,0.5531914893617021,0.6090376699999999,0.1195288008933326,50,,Phyloformer,5.598488092422485,0.0,50,50,0.25,Cherry,all_25_combos_master,2026-10-04T08:57:40.983006
1_50_tips,46.0,0.4893617021276595,0.659308787,0.1286771864661233,50,,Phyloformer,5.598488092422485,0.0,50,50,0.25,Cherry,all_25_combos_master,2026-10-04T08:57:40.983006
0_50_tips,62.0,0.6595744680851063,0.8665610169999998,0.1745430163637853,50,,Phyloformer,5.598488092422485,0.0,50,50,0.25,Cherry,all_25_combos_master,2026-10-04T08:57:40.983006
19_50_tips,64.0,0.6808510638297872,0.5510403229999995,0.1333186124567096,50,,Phyloformer,5.598488092422485,0.0,50,50,0.25,Cherry,all_25_combos_master,2026-10-04T08:57:40.983006
13_50_tips,70.0,0.7446808510638298,0.5604094870000002,0.108067619294819,50,,Phyloformer,5.598488092422485,0.0,50,50,0.25,Cherry,all_25_combos_master,2026-10-04T08:57:40.983006
7_50_tips,52.0,0.5531914893617021,0.7704352900000002,0.1538222361296002,50,,Phyloformer,5.598488092422485,0.0,50,50,0.25,Cherry,all_25_combos_master,2026-10-04T08:57:40.983006
12_50_tips,48.0,0.5106382978723404,0.9403851389,0.1802341961141281,50,,Phyloformer,5.598488092422485,0.0,50,50,0.25,Cherry,all_25_combos_master,2026-10-04T08:57:40.983006
18_50_tips,70.0,0.7446808510638298,0.8792755763000009,0.1729508540203443,50,,Phyloformer,5.598488092422485,0.0,50,50,0.25,Cherry,all_25_combos_master,2026-10-04T08:57:40.983006
2_50_tips,58.0,0.6170212765957447,0.7689256059999996,0.155111244310222,50,,Phyloformer,5.598488092422485,0.0,50,50,0.25,Cherry,all_25_combos_master,2026-10-04T08:57:40.983006
6_50_tips,52.0,0.5531914893617021,0.7474174489999998,0.1505810758859543,50,,Phyloformer,5.598488092422485,0.0,50,50,0.25,Cherry,all_25_combos_master,2026-10-04T08:57:40.983006
5_50_tips,56.0,0.5957446808510638,0.7924367689999999,0.1667344373301626,50,,Phyloformer,5.598488092422485,0.0,50,50,0.25,Cherry,all_25_combos_master,2026-10-04T08:57:40.983006
9_50_tips,60.0,0.6382978723404256,0.6492669830000003,0.115917181848212,50,,Phyloformer,5.598488092422485,0.0,50,50,0.25,Cherry,all_25_combos_master,2026-10-04T08:57:40.983006
10_50_tips,56.0,0.5957446808510638,0.789971497,0.1572745703096268,50,,Phyloformer,5.598488092422485,0.0,50,50,0.25,Cherry,all_25_combos_master,2026-10-04T08:57:40.983006
15_50_tips,56.0,0.5957446808510638,0.6076260209999996,0.1280940664698604,50,,Phyloformer,5.598488092422485,0.0,50,50,0.25,Cherry,all_25_combos_master,2026-10-04T08:57:40.983006
17_50_tips,34.0,0.3617021276595745,0.8051566150000006,0.1593399031057164,50,,Phyloformer,5.598488092422485,0.0,50,50,0.25,Cherry,all_25_combos_master,2026-10-04T08:57:40.983006
8_50_tips,56.0,0.5957446808510638,0.6712642930000001,0.1322652390821363,50,,Phyloformer,5.598488092422485,0.0,50,50,0.25,Cherry,all_25_combos_master,2026-10-04T08:57:40.983006
14_50_tips,56.0,0.5957446808510638,0.5764854940799999,0.1162355641185593,50,,Phyloformer,5.598488092422485,0.0,50,50,0.25,Cherry,all_25_combos_master,2026-10-04T08:57:40.983006
4_50_tips,58.0,0.6170212765957447,0.7949394970000002,0.1587064666406455,50,,Phyloformer,5.598488092422485,0.0,50,50,0.25,Cherry,all_25_combos_master,2026-10-04T08:57:40.983006
11_50_tips,68.0,0.723404255319149,0.5497338490000003,0.1591028444170885,50,,Phyloformer,5.598488092422485,0.0,50,50,0.25,Cherry,all_25_combos_master,2026-10-04T08:57:40.983006
3_50_tips,50.0,0.5319148936170213,0.730376775,0.1452095676391955,50,,Phyloformer,5.598488092422485,0.0,50,50,0.25,Cherry,all_25_combos_master,2026-10-04T08:57:40.983006
1_50_tips,52.0,0.5531914893617021,0.6544662176000005,0.1320529592888422,50,,IQ-TREE,184.96432971954346,,50,50,0.25,Cherry,all_25_combos_master,2026-10-04T08:57:40.983006
16_50_tips,62.0,0.6595744680851063,0.6048174341000007,0.1236577409716584,50,,IQ-TREE,184.96432971954346,,50,50,0.25,Cherry,all_25_combos_master,2026-10-04T08:57:40.983006
0_50_tips,62.0,0.6595744680851063,0.8659973930000007,0.1787026558052974,50,,IQ-TREE,184.96432971954346,,50,50,0.25,Cherry,all_25_combos_master,2026-10-04T08:57:40.983006
19_50_tips,68.0,0.723404255319149,0.5292126350000004,0.1346403832142607,50,,IQ-TREE,184.96432971954346,,50,50,0.25,Cherry,all_25_combos_master,2026-10-04T08:57:40.983006
13_50_tips,72.0,0.7659574468085106,0.4752352485999992,0.096825872229771,50,,IQ-TREE,184.96432971954346,,50,50,0.25,Cherry,all_25_combos_master,2026-10-04T08:57:40.983006
7_50_tips,56.0,0.5957446808510638,0.7379374369000004,0.1470228259211377,50,,IQ-TREE,184.96432971954346,,50,50,0.25,Cherry,all_25_combos_master,2026-10-04T08:57:40.983006
12_50_tips,52.0,0.5531914893617021,0.8994210763000001,0.1792317610968549,50,,IQ-TREE,184.96432971954346,,50,50,0.25,Cherry,all_25_combos_master,2026-10-04T08:57:40.983006
18_50_tips,76.0,0.8085106382978723,0.8743085534000002,0.174447197469088,50,,IQ-TREE,184.96432971954346,,50,50,0.25,Cherry,all_25_combos_master,2026-10-04T08:57:40.983006
6_50_tips,54.0,0.574468085106383,0.6915045110000004,0.1486864914194012,50,,IQ-TREE,184.96432971954346,,50,50,0.25,Cherry,all_25_combos_master,2026-10-04T08:57:40.983006
2_50_tips,62.0,0.6595744680851063,0.7488542893000004,0.1529766167590747,50,,IQ-TREE,184.96432971954346,,50,50,0.25,Cherry,all_25_combos_master,2026-10-04T08:57:40.983006
9_50_tips,66.0,0.7021276595744681,0.5992725146000003,0.1229781977762955,50,,IQ-TREE,184.96432971954346,,50,50,0.25,Cherry,all_25_combos_master,2026-10-04T08:57:40.983006
5_50_tips,58.0,0.6170212765957447,0.7779693840000005,0.1738843794404853,50,,IQ-TREE,184.96432971954346,,50,50,0.25,Cherry,all_25_combos_master,2026-10-04T08:57:40.983006
15_50_tips,74.0,0.7872340425531915,0.6182967223000007,0.1370402896055012,50,,IQ-TREE,184.96432971954346,,50,50,0.25,Cherry,all_25_combos_master,2026-10-04T08:57:40.983006
10_50_tips,58.0,0.6170212765957447,0.7201433522000006,0.1536439886288022,50,,IQ-TREE,184.96432971954346,,50,50,0.25,Cherry,all_25_combos_master,2026-10-04T08:57:40.983006
8_50_tips,58.0,0.6170212765957447,0.6314464889000005,0.1261618552850088,50,,IQ-TREE,184.96432971954346,,50,50,0.25,Cherry,all_25_combos_master,2026-10-04T08:57:40.983006
17_50_tips,38.0,0.4042553191489361,0.7173768090000006,0.1602780340256453,50,,IQ-TREE,184.96432971954346,,50,50,0.25,Cherry,all_25_combos_master,2026-10-04T08:57:40.983006
4_50_tips,54.0,0.574468085106383,0.7795406772000005,0.15871395938975,50,,IQ-TREE,184.96432971954346,,50,50,0.25,Cherry,all_25_combos_master,2026-10-04T08:57:40.983006
14_50_tips,70.0,0.7446808510638298,0.5774249251800007,0.1219862147804991,50,,IQ-TREE,184.96432971954346,,50,50,0.25,Cherry,all_25_combos_master,2026-10-04T08:57:40.983006
3_50_tips,56.0,0.5957446808510638,0.6926528571000008,0.143037444891963,50,,IQ-TREE,184.96432971954346,,50,50,0.25,Cherry,all_25_combos_master,2026-10-04T08:57:40.983006
11_50_tips,66.0,0.7021276595744681,0.5052030019000004,0.1497574467626417,50,,IQ-TREE,184.96432971954346,,50,50,0.25,Cherry,all_25_combos_master,2026-10-04T08:57:40.983006
16_50_tips,79.0,1.0,1.2428569499999995,0.2313072624674935,50,,FastME,0.08973383903503418,,50,50,0.25,Cherry,all_25_combos_master,2026-10-04T08:57:40.983006
1_50_tips,83.0,1.0,2.0520957130000004,0.3940569062118515,50,,FastME,0.08973383903503418,,50,50,0.25,Cherry,all_25_combos_master,2026-10-04T08:57:40.983006
19_50_tips,75.0,1.0,1.1485792629999996,0.2319151861519993,50,,FastME,0.08973383903503418,,50,50,0.25,Cherry,all_25_combos_master,2026-10-04T08:57:40.983006
0_50_tips,80.0,1.0,1.5615593629999995,0.2722470169179246,50,,FastME,0.08973383903503418,,50,50,0.25,Cherry,all_25_combos_master,2026-10-04T08:57:40.983006
13_50_tips,75.0,1.0,0.943208847,0.1631399518140475,50,,FastME,0.08973383903503418,,50,50,0.25,Cherry,all_25_combos_master,2026-10-04T08:57:40.983006
7_50_tips,79.0,1.0,1.5805100199999993,0.2622868704248484,50,,FastME,0.08973383903503418,,50,50,0.25,Cherry,all_25_combos_master,2026-10-04T08:57:40.983006
18_50_tips,73.0,1.0,1.1760844862999995,0.2034117506567626,50,,FastME,0.08973383903503418,,50,50,0.25,Cherry,all_25_combos_master,2026-10-04T08:57:40.983006
12_50_tips,85.0,1.0,1.9400258189000008,0.3076129592904099,50,,FastME,0.08973383903503418,,50,50,0.25,Cherry,all_25_combos_master,2026-10-04T08:57:40.983006
2_50_tips,76.0,1.0,1.6574847760000002,0.2737725963915597,50,,FastME,0.08973383903503418,,50,50,0.25,Cherry,all_25_combos_master,2026-10-04T08:57:40.983006
6_50_tips,80.0,1.0,1.6447803689999996,0.2826090048307926,50,,FastME,0.08973383903503418,,50,50,0.25,Cherry,all_25_combos_master,2026-10-04T08:57:40.983006
9_50_tips,81.0,1.0,1.4885983230000002,0.2662491437356571,50,,FastME,0.08973383903503418,,50,50,0.25,Cherry,all_25_combos_master,2026-10-04T08:57:40.983006
5_50_tips,82.0,1.0,1.533801129,0.2563262219738635,50,,FastME,0.08973383903503418,,50,50,0.25,Cherry,all_25_combos_master,2026-10-04T08:57:40.983006
15_50_tips,73.0,1.0,1.0310835609999998,0.192216447505645,50,,FastME,0.08973383903503418,,50,50,0.25,Cherry,all_25_combos_master,2026-10-04T08:57:40.983006
10_50_tips,89.0,1.0,1.3924963769999992,0.2178464785080708,50,,FastME,0.08973383903503418,,50,50,0.25,Cherry,all_25_combos_master,2026-10-04T08:57:40.983006
8_50_tips,83.0,1.0,1.4208029230000006,0.2484115347206562,50,,FastME,0.08973383903503418,,50,50,0.25,Cherry,all_25_combos_master,2026-10-04T08:57:40.983006
17_50_tips,88.0,1.0,1.8681047749999988,0.2866603443785249,50,,FastME,0.08973383903503418,,50,50,0.25,Cherry,all_25_combos_master,2026-10-04T08:57:40.983006
4_50_tips,78.0,1.0,1.5723603070000003,0.2677535287468202,50,,FastME,0.08973383903503418,,50,50,0.25,Cherry,all_25_combos_master,2026-10-04T08:57:40.983006
14_50_tips,76.0,1.0,1.0202471640800002,0.1830166774311308,50,,FastME,0.08973383903503418,,50,50,0.25,Cherry,all_25_combos_master,2026-10-04T08:57:40.983006
3_50_tips,77.0,1.0,1.7060964050000005,0.307874807642184,50,,FastME,0.08973383903503418,,50,50,0.25,Cherry,all_25_combos_master,2026-10-04T08:57:40.983006
11_50_tips,73.0,1.0,1.2353752189999996,0.3510981636672965,50,,FastME,0.08973383903503418,,50,50,0.25,Cherry,all_25_combos_master,2026-10-04T08:57:40.983006
1_50_tips,48.0,0.5106382978723404,0.7762879829999999,0.171493337108141,50,,Phyloformer,7.242070913314819,0.0,50,100,0.25,Cherry,all_25_combos_master,2026-10-04T08:57:40.983006
16_50_tips,30.0,0.3191489361702128,0.4566026200000001,0.1093542164465588,50,,Phyloformer,7.242070913314819,0.0,50,100,0.25,Cherry,all_25_combos_master,2026-10-04T08:57:40.983006
0_50_tips,46.0,0.4893617021276595,0.732874777,0.1542066100092883,50,,Phyloformer,7.242070913314819,0.0,50,100,0.25,Cherry,all_25_combos_master,2026-10-04T08:57:40.983006
19_50_tips,62.0,0.6595744680851063,0.5368387029999996,0.1284620713283641,50,,Phyloformer,7.242070913314819,0.0,50,100,0.25,Cherry,all_25_combos_master,2026-10-04T08:57:40.983006
13_50_tips,46.0,0.4893617021276595,0.4442963630000002,0.0932478577846011,50,,Phyloformer,7.242070913314819,0.0,50,100,0.25,Cherry,all_25_combos_master,2026-10-04T08:57:40.983006
7_50_tips,50.0,0.5319148936170213,0.8155901199999999,0.1663416692751146,50,,Phyloformer,7.242070913314819,0.0,50,100,0.25,Cherry,all_25_combos_master,2026-10-04T08:57:40.983006
12_50_tips,24.0,0.2553191489361702,0.7648915569,0.1456550129100246,50,,Phyloformer,7.242070913314819,0.0,50,100,0.25,Cherry,all_25_combos_master,2026-10-04T08:57:40.983006
18_50_tips,38.0,0.4042553191489361,0.5198808343000001,0.1072027831600851,50,,Phyloformer,7.242070913314819,0.0,50,100,0.25,Cherry,all_25_combos_master,2026-10-04T08:57:40.983006
6_50_tips,38.0,0.4042553191489361,0.5300331090000001,0.0961420317483323,50,,Phyloformer,7.242070913314819,0.0,50,100,0.25,Cherry,all_25_combos_master,2026-10-04T08:57:40.983006
2_50_tips,32.0,0.3404255319148936,0.6852300060000002,0.1413794843065343,50,,Phyloformer,7.242070913314819,0.0,50,100,0.25,Cherry,all_25_combos_master,2026-10-04T08:57:40.983006
9_50_tips,56.0,0.5957446808510638,0.6930058829999999,0.1442565141848862,50,,Phyloformer,7.242070913314819,0.0,50,100,0.25,Cherry,all_25_combos_master,2026-10-04T08:57:40.983006
5_50_tips,32.0,0.3404255319148936,0.6653211490000001,0.1324840424504345,50,,Phyloformer,7.242070913314819,0.0,50,100,0.25,Cherry,all_25_combos_master,2026-10-04T08:57:40.983006
15_50_tips,42.0,0.4468085106382978,0.4230908930000001,0.0860028523268586,50,,Phyloformer,7.242070913314819,0.0,50,100,0.25,Cherry,all_25_combos_master,2026-10-04T08:57:40.983006
10_50_tips,42.0,0.4468085106382978,0.5250033270000002,0.0941343020657351,50,,Phyloformer,7.242070913314819,0.0,50,100,0.25,Cherry,all_25_combos_master,2026-10-04T08:57:40.983006
8_50_tips,46.0,0.4893617021276595,0.6222992229999997,0.1413351682800008,50,,Phyloformer,7.242070913314819,0.0,50,100,0.25,Cherry,all_25_combos_master,2026-10-04T08:57:40.983006
17_50_tips,22.0,0.2340425531914893,0.705924779,0.1525489188669434,50,,Phyloformer,7.242070913314819,0.0,50,100,0.25,Cherry,all_25_combos_master,2026-10-04T08:57:40.983006
4_50_tips,28.0,0.2978723404255319,0.5752526570000002,0.1198882631477228,50,,Phyloformer,7.242070913314819,0.0,50,100,0.25,Cherry,all_25_combos_master,2026-10-04T08:57:40.983006
14_50_tips,56.0,0.5957446808510638,0.4506403940799999,0.0956270885526612,50,,Phyloformer,7.242070913314819,0.0,50,100,0.25,Cherry,all_25_combos_master,2026-10-04T08:57:40.983006
3_50_tips,48.0,0.5106382978723404,0.5955977650000001,0.1498305947293676,50,,Phyloformer,7.242070913314819,0.0,50,100,0.25,Cherry,all_25_combos_master,2026-10-04T08:57:40.983006
11_50_tips,58.0,0.6170212765957447,0.5074585810000003,0.134902475342338,50,,Phyloformer,7.242070913314819,0.0,50,100,0.25,Cherry,all_25_combos_master,2026-10-04T08:57:40.983006
16_50_tips,48.0,0.5106382978723404,0.4379420888999996,0.1111797259826982,50,,IQ-TREE,274.6742420196533,,50,100,0.25,Cherry,all_25_combos_master,2026-10-04T08:57:40.983006
1_50_tips,54.0,0.574468085106383,0.7242130415000003,0.1618704640963171,50,,IQ-TREE,274.6742420196533,,50,100,0.25,Cherry,all_25_combos_master,2026-10-04T08:57:40.983006
0_50_tips,48.0,0.5106382978723404,0.6861192828000007,0.1486969593914159,50,,IQ-TREE,274.6742420196533,,50,100,0.25,Cherry,all_25_combos_master,2026-10-04T08:57:40.983006
19_50_tips,66.0,0.7021276595744681,0.4945903744999994,0.1217156945744818,50,,IQ-TREE,274.6742420196533,,50,100,0.25,Cherry,all_25_combos_master,2026-10-04T08:57:40.983006
13_50_tips,50.0,0.5319148936170213,0.4418712428999994,0.0936508866102581,50,,IQ-TREE,274.6742420196533,,50,100,0.25,Cherry,all_25_combos_master,2026-10-04T08:57:40.983006
7_50_tips,46.0,0.4893617021276595,0.7773178322000004,0.1646531681690727,50,,IQ-TREE,274.6742420196533,,50,100,0.25,Cherry,all_25_combos_master,2026-10-04T08:57:40.983006
12_50_tips,28.0,0.2978723404255319,0.7022806165000002,0.1364370431825026,50,,IQ-TREE,274.6742420196533,,50,100,0.25,Cherry,all_25_combos_master,2026-10-04T08:57:40.983006
18_50_tips,48.0,0.5106382978723404,0.5326000167000003,0.1118746017934248,50,,IQ-TREE,274.6742420196533,,50,100,0.25,Cherry,all_25_combos_master,2026-10-04T08:57:40.983006
2_50_tips,42.0,0.4468085106382978,0.6441266858000005,0.130806441491695,50,,IQ-TREE,274.6742420196533,,50,100,0.25,Cherry,all_25_combos_master,2026-10-04T08:57:40.983006
6_50_tips,38.0,0.4042553191489361,0.5097155258000002,0.1006933109028345,50,,IQ-TREE,274.6742420196533,,50,100,0.25,Cherry,all_25_combos_master,2026-10-04T08:57:40.983006
5_50_tips,40.0,0.425531914893617,0.6427894215000004,0.1311046251370027,50,,IQ-TREE,274.6742420196533,,50,100,0.25,Cherry,all_25_combos_master,2026-10-04T08:57:40.983006
9_50_tips,54.0,0.574468085106383,0.6844942311000006,0.1435770504042134,50,,IQ-TREE,274.6742420196533,,50,100,0.25,Cherry,all_25_combos_master,2026-10-04T08:57:40.983006
10_50_tips,44.0,0.4680851063829787,0.4944829949999995,0.0941655369507632,50,,IQ-TREE,274.6742420196533,,50,100,0.25,Cherry,all_25_combos_master,2026-10-04T08:57:40.983006
15_50_tips,54.0,0.574468085106383,0.3737375160999995,0.079118768566915,50,,IQ-TREE,274.6742420196533,,50,100,0.25,Cherry,all_25_combos_master,2026-10-04T08:57:40.983006
17_50_tips,26.0,0.2765957446808511,0.6890849162000003,0.1489536276381958,50,,IQ-TREE,274.6742420196533,,50,100,0.25,Cherry,all_25_combos_master,2026-10-04T08:57:40.983006
8_50_tips,54.0,0.574468085106383,0.6019315238000007,0.1351480377986498,50,,IQ-TREE,274.6742420196533,,50,100,0.25,Cherry,all_25_combos_master,2026-10-04T08:57:40.983006
4_50_tips,34.0,0.3617021276595745,0.5614318559000004,0.1185722864850711,50,,IQ-TREE,274.6742420196533,,50,100,0.25,Cherry,all_25_combos_master,2026-10-04T08:57:40.983006
14_50_tips,58.0,0.6170212765957447,0.4005864854799996,0.094696886714056,50,,IQ-TREE,274.6742420196533,,50,100,0.25,Cherry,all_25_combos_master,2026-10-04T08:57:40.983006
3_50_tips,46.0,0.4893617021276595,0.5582521595000006,0.1448274876185258,50,,IQ-TREE,274.6742420196533,,50,100,0.25,Cherry,all_25_combos_master,2026-10-04T08:57:40.983006
11_50_tips,66.0,0.7021276595744681,0.5416030216000004,0.1417957814876587,50,,IQ-TREE,274.6742420196533,,50,100,0.25,Cherry,all_25_combos_master,2026-10-04T08:57:40.983006
16_50_tips,81.0,1.0,1.14954767,0.219786035981635,50,,FastME,0.0976710319519043,,50,100,0.25,Cherry,all_25_combos_master,2026-10-04T08:57:40.983006
1_50_tips,83.0,1.0,1.646796503000001,0.3207083741402763,50,,FastME,0.0976710319519043,,50,100,0.25,Cherry,all_25_combos_master,2026-10-04T08:57:40.983006
0_50_tips,88.0,1.0,1.5208498529999992,0.2736209628927103,50,,FastME,0.0976710319519043,,50,100,0.25,Cherry,all_25_combos_master,2026-10-04T08:57:40.983006
19_50_tips,83.0,1.0,1.0825668630000005,0.2228452974560812,50,,FastME,0.0976710319519043,,50,100,0.25,Cherry,all_25_combos_master,2026-10-04T08:57:40.983006
13_50_tips,86.0,1.0,1.0124906669999998,0.167197391380847,50,,FastME,0.0976710319519043,,50,100,0.25,Cherry,all_25_combos_master,2026-10-04T08:57:40.983006
7_50_tips,88.0,1.0,1.32509874,0.2263253014566834,50,,FastME,0.0976710319519043,,50,100,0.25,Cherry,all_25_combos_master,2026-10-04T08:57:40.983006
12_50_tips,92.0,1.0,2.0262128988999994,0.2986092947506886,50,,FastME,0.0976710319519043,,50,100,0.25,Cherry,all_25_combos_master,2026-10-04T08:57:40.983006
18_50_tips,83.0,1.0,1.4865360063,0.2323562238796278,50,,FastME,0.0976710319519043,,50,100,0.25,Cherry,all_25_combos_master,2026-10-04T08:57:40.983006
2_50_tips,82.0,1.0,1.641969206,0.2668455804054041,50,,FastME,0.0976710319519043,,50,100,0.25,Cherry,all_25_combos_master,2026-10-04T08:57:40.983006
6_50_tips,85.0,1.0,1.816948108999999,0.2993728819681177,50,,FastME,0.0976710319519043,,50,100,0.25,Cherry,all_25_combos_master,2026-10-04T08:57:40.983006
5_50_tips,86.0,1.0,1.559605249,0.2485718329855756,50,,FastME,0.0976710319519043,,50,100,0.25,Cherry,all_25_combos_master,2026-10-04T08:57:40.983006
9_50_tips,62.0,0.6595744680851063,0.7048448173999998,0.1419106636715658,50,,FastME,0.0976710319519043,,50,100,0.25,Cherry,all_25_combos_master,2026-10-04T08:57:40.983006
10_50_tips,90.0,1.0,1.4155866069999996,0.2459928823256361,50,,FastME,0.0976710319519043,,50,100,0.25,Cherry,all_25_combos_master,2026-10-04T08:57:40.983006
15_50_tips,76.0,1.0,1.119358071,0.2050134668878513,50,,FastME,0.0976710319519043,,50,100,0.25,Cherry,all_25_combos_master,2026-10-04T08:57:40.983006
8_50_tips,86.0,1.0,1.1920473630000004,0.2147074845943657,50,,FastME,0.0976710319519043,,50,100,0.25,Cherry,all_25_combos_master,2026-10-04T08:57:40.983006
17_50_tips,30.0,0.3191489361702128,0.6760136550000001,0.146836319967051,50,,FastME,0.0976710319519043,,50,100,0.25,Cherry,all_25_combos_master,2026-10-04T08:57:40.983006
4_50_tips,83.0,1.0,1.5010935769999996,0.2291092147941966,50,,FastME,0.0976710319519043,,50,100,0.25,Cherry,all_25_combos_master,2026-10-04T08:57:40.983006
14_50_tips,77.0,1.0,0.87299703408,0.1556593513436295,50,,FastME,0.0976710319519043,,50,100,0.25,Cherry,all_25_combos_master,2026-10-04T08:57:40.983006
3_50_tips,86.0,1.0,1.509141495,0.2662864875503729,50,,FastME,0.0976710319519043,,50,100,0.25,Cherry,all_25_combos_master,2026-10-04T08:57:40.983006
11_50_tips,80.0,1.0,1.1968561490000005,0.314838987990988,50,,FastME,0.0976710319519043,,50,100,0.25,Cherry,all_25_combos_master,2026-10-04T08:57:40.983006
1_50_tips,34.0,0.3617021276595745,0.5750959130000003,0.1477855652304757,50,,Phyloformer,10.743165016174316,0.0,50,200,0.25,Cherry,all_25_combos_master,2026-10-04T08:57:40.983006
16_50_tips,38.0,0.4042553191489361,0.4970490159999999,0.11941677290999,50,,Phyloformer,10.743165016174316,0.0,50,200,0.25,Cherry,all_25_combos_master,2026-10-04T08:57:40.983006
0_50_tips,24.0,0.2553191489361702,0.5593917169999998,0.1151155451662759,50,,Phyloformer,10.743165016174316,0.0,50,200,0.25,Cherry,all_25_combos_master,2026-10-04T08:57:40.983006
19_50_tips,42.0,0.4468085106382978,0.465421973,0.111323851253152,50,,Phyloformer,10.743165016174316,0.0,50,200,0.25,Cherry,all_25_combos_master,2026-10-04T08:57:40.983006
13_50_tips,30.0,0.3191489361702128,0.3393041569999999,0.065282808174208,50,,Phyloformer,10.743165016174316,0.0,50,200,0.25,Cherry,all_25_combos_master,2026-10-04T08:57:40.983006
7_50_tips,30.0,0.3191489361702128,0.5443050000000001,0.109405832088464,50,,Phyloformer,10.743165016174316,0.0,50,200,0.25,Cherry,all_25_combos_master,2026-10-04T08:57:40.983006
12_50_tips,20.0,0.2127659574468085,0.7246055588999999,0.1555134163061071,50,,Phyloformer,10.743165016174316,0.0,50,200,0.25,Cherry,all_25_combos_master,2026-10-04T08:57:40.983006
18_50_tips,22.0,0.2340425531914893,0.4706408862999999,0.0973181558282993,50,,Phyloformer,10.743165016174316,0.0,50,200,0.25,Cherry,all_25_combos_master,2026-10-04T08:57:40.983006
6_50_tips,18.0,0.1914893617021276,0.554336955,0.1241643050712459,50,,Phyloformer,10.743165016174316,0.0,50,200,0.25,Cherry,all_25_combos_master,2026-10-04T08:57:40.983006
2_50_tips,42.0,0.4468085106382978,0.603495436,0.1198014814888007,50,,Phyloformer,10.743165016174316,0.0,50,200,0.25,Cherry,all_25_combos_master,2026-10-04T08:57:40.983006
9_50_tips,32.0,0.3404255319148936,0.4881701789999999,0.1170131950448637,50,,Phyloformer,10.743165016174316,0.0,50,200,0.25,Cherry,all_25_combos_master,2026-10-04T08:57:40.983006
5_50_tips,14.0,0.1489361702127659,0.516692103,0.1020856383335466,50,,Phyloformer,10.743165016174316,0.0,50,200,0.25,Cherry,all_25_combos_master,2026-10-04T08:57:40.983006
15_50_tips,32.0,0.3404255319148936,0.3470804749999999,0.0754844430952844,50,,Phyloformer,10.743165016174316,0.0,50,200,0.25,Cherry,all_25_combos_master,2026-10-04T08:57:40.983006
10_50_tips,18.0,0.1914893617021276,0.498174045,0.1070131221074352,50,,Phyloformer,10.743165016174316,0.0,50,200,0.25,Cherry,all_25_combos_master,2026-10-04T08:57:40.983006
8_50_tips,26.0,0.2765957446808511,0.4843541310000001,0.1102502957902415,50,,Phyloformer,10.743165016174316,0.0,50,200,0.25,Cherry,all_25_combos_master,2026-10-04T08:57:40.983006
17_50_tips,24.0,0.2553191489361702,0.546383943,0.1102464560821976,50,,Phyloformer,10.743165016174316,0.0,50,200,0.25,Cherry,all_25_combos_master,2026-10-04T08:57:40.983006
4_50_tips,24.0,0.2553191489361702,0.584163571,0.1170744090095801,50,,Phyloformer,10.743165016174316,0.0,50,200,0.25,Cherry,all_25_combos_master,2026-10-04T08:57:40.983006
14_50_tips,38.0,0.4042553191489361,0.38019906808,0.0753484711169991,50,,Phyloformer,10.743165016174316,0.0,50,200,0.25,Cherry,all_25_combos_master,2026-10-04T08:57:40.983006
3_50_tips,22.0,0.2340425531914893,0.5366807790000001,0.133034266799904,50,,Phyloformer,10.743165016174316,0.0,50,200,0.25,Cherry,all_25_combos_master,2026-10-04T08:57:40.983006
11_50_tips,54.0,0.574468085106383,0.4358622809999999,0.1276854814923672,50,,Phyloformer,10.743165016174316,0.0,50,200,0.25,Cherry,all_25_combos_master,2026-10-04T08:57:40.983006
16_50_tips,44.0,0.4680851063829787,0.4776430153999996,0.1174274860739287,50,,IQ-TREE,350.65845704078674,,50,200,0.25,Cherry,all_25_combos_master,2026-10-04T08:57:40.983006
1_50_tips,34.0,0.3617021276595745,0.5314223630000006,0.1400161685029965,50,,IQ-TREE,350.65845704078674,,50,200,0.25,Cherry,all_25_combos_master,2026-10-04T08:57:40.983006
0_50_tips,18.0,0.1914893617021276,0.5225098471000003,0.1082647636921137,50,,IQ-TREE,350.65845704078674,,50,200,0.25,Cherry,all_25_combos_master,2026-10-04T08:57:40.983006
19_50_tips,42.0,0.4468085106382978,0.4107877579999994,0.1044147916501969,50,,IQ-TREE,350.65845704078674,,50,200,0.25,Cherry,all_25_combos_master,2026-10-04T08:57:40.983006
13_50_tips,32.0,0.3404255319148936,0.3328898268999995,0.0642067988949988,50,,IQ-TREE,350.65845704078674,,50,200,0.25,Cherry,all_25_combos_master,2026-10-04T08:57:40.983006
7_50_tips,32.0,0.3404255319148936,0.5371336899000003,0.107802300294469,50,,IQ-TREE,350.65845704078674,,50,200,0.25,Cherry,all_25_combos_master,2026-10-04T08:57:40.983006
12_50_tips,22.0,0.2340425531914893,0.7104421609000001,0.1507304922541377,50,,IQ-TREE,350.65845704078674,,50,200,0.25,Cherry,all_25_combos_master,2026-10-04T08:57:40.983006
18_50_tips,24.0,0.2553191489361702,0.4203245910999998,0.0910824003986013,50,,IQ-TREE,350.65845704078674,,50,200,0.25,Cherry,all_25_combos_master,2026-10-04T08:57:40.983006
2_50_tips,32.0,0.3404255319148936,0.5470866936000002,0.112267976271718,50,,IQ-TREE,350.65845704078674,,50,200,0.25,Cherry,all_25_combos_master,2026-10-04T08:57:40.983006
6_50_tips,24.0,0.2553191489361702,0.5102981478000003,0.1206865367735795,50,,IQ-TREE,350.65845704078674,,50,200,0.25,Cherry,all_25_combos_master,2026-10-04T08:57:40.983006
5_50_tips,18.0,0.1914893617021276,0.4752356827999998,0.0955896827972853,50,,IQ-TREE,350.65845704078674,,50,200,0.25,Cherry,all_25_combos_master,2026-10-04T08:57:40.983006
9_50_tips,22.0,0.2340425531914893,0.4327040193999997,0.1110158905695401,50,,IQ-TREE,350.65845704078674,,50,200,0.25,Cherry,all_25_combos_master,2026-10-04T08:57:40.983006
15_50_tips,42.0,0.4468085106382978,0.3303397764999997,0.0706739606583995,50,,IQ-TREE,350.65845704078674,,50,200,0.25,Cherry,all_25_combos_master,2026-10-04T08:57:40.983006
10_50_tips,24.0,0.2553191489361702,0.4683991283999997,0.098494795776855,50,,IQ-TREE,350.65845704078674,,50,200,0.25,Cherry,all_25_combos_master,2026-10-04T08:57:40.983006
8_50_tips,90.0,1.0,1.2897006464999996,0.2235267799090926,50,,IQ-TREE,350.65845704078674,,50,200,0.25,Cherry,all_25_combos_master,2026-10-04T08:57:40.983006
17_50_tips,20.0,0.2127659574468085,0.5087377666,0.1010476183980338,50,,IQ-TREE,350.65845704078674,,50,200,0.25,Cherry,all_25_combos_master,2026-10-04T08:57:40.983006
4_50_tips,26.0,0.2765957446808511,0.5455948759000001,0.109957982711921,50,,IQ-TREE,350.65845704078674,,50,200,0.25,Cherry,all_25_combos_master,2026-10-04T08:57:40.983006
14_50_tips,40.0,0.425531914893617,0.3332454591799996,0.0694336358951437,50,,IQ-TREE,350.65845704078674,,50,200,0.25,Cherry,all_25_combos_master,2026-10-04T08:57:40.983006
3_50_tips,30.0,0.3191489361702128,0.5198033861000002,0.1224015916232884,50,,IQ-TREE,350.65845704078674,,50,200,0.25,Cherry,all_25_combos_master,2026-10-04T08:57:40.983006
11_50_tips,50.0,0.5319148936170213,0.3871978245999996,0.1178319273309045,50,,IQ-TREE,350.65845704078674,,50,200,0.25,Cherry,all_25_combos_master,2026-10-04T08:57:40.983006
16_50_tips,85.0,1.0,1.08408075,0.2035725719883402,50,,FastME,0.10541486740112305,,50,200,0.25,Cherry,all_25_combos_master,2026-10-04T08:57:40.983006
1_50_tips,93.0,1.0,1.6845368930000004,0.3083462130658445,50,,FastME,0.10541486740112305,,50,200,0.25,Cherry,all_25_combos_master,2026-10-04T08:57:40.983006
0_50_tips,93.0,1.0,1.803843913,0.2877223143061665,50,,FastME,0.10541486740112305,,50,200,0.25,Cherry,all_25_combos_master,2026-10-04T08:57:40.983006
19_50_tips,90.0,1.0,1.0888335130000006,0.2272406959966053,50,,FastME,0.10541486740112305,,50,200,0.25,Cherry,all_25_combos_master,2026-10-04T08:57:40.983006
13_50_tips,90.0,1.0,1.015192577,0.1694893593833018,50,,FastME,0.10541486740112305,,50,200,0.25,Cherry,all_25_combos_master,2026-10-04T08:57:40.983006
7_50_tips,89.0,1.0,1.5158942499999997,0.2492559650942289,50,,FastME,0.10541486740112305,,50,200,0.25,Cherry,all_25_combos_master,2026-10-04T08:57:40.983006
18_50_tips,87.0,1.0,1.451539076300001,0.2244096953167916,50,,FastME,0.10541486740112305,,50,200,0.25,Cherry,all_25_combos_master,2026-10-04T08:57:40.983006
12_50_tips,90.0,1.0,1.8641733889,0.2772654129914,50,,FastME,0.10541486740112305,,50,200,0.25,Cherry,all_25_combos_master,2026-10-04T08:57:40.983006
6_50_tips,92.0,1.0,1.6160865489999998,0.2555797884727972,50,,FastME,0.10541486740112305,,50,200,0.25,Cherry,all_25_combos_master,2026-10-04T08:57:40.983006
2_50_tips,89.0,1.0,1.6780000160000013,0.2768021607436265,50,,FastME,0.10541486740112305,,50,200,0.25,Cherry,all_25_combos_master,2026-10-04T08:57:40.983006
9_50_tips,28.0,0.2978723404255319,0.4772796334,0.1145714715251983,50,,FastME,0.10541486740112305,,50,200,0.25,Cherry,all_25_combos_master,2026-10-04T08:57:40.983006
5_50_tips,14.0,0.1489361702127659,0.470758299,0.0968823749403953,50,,FastME,0.10541486740112305,,50,200,0.25,Cherry,all_25_combos_master,2026-10-04T08:57:40.983006
15_50_tips,83.0,1.0,1.0707195109999998,0.1874774708103976,50,,FastME,0.10541486740112305,,50,200,0.25,Cherry,all_25_combos_master,2026-10-04T08:57:40.983006
10_50_tips,93.0,1.0,1.361091537,0.2136355194558095,50,,FastME,0.10541486740112305,,50,200,0.25,Cherry,all_25_combos_master,2026-10-04T08:57:40.983006
8_50_tips,90.0,1.0,1.2745049329999996,0.2203305301644933,50,,FastME,0.10541486740112305,,50,200,0.25,Cherry,all_25_combos_master,2026-10-04T08:57:40.983006
17_50_tips,93.0,1.0,1.8377493950000003,0.2986516984699747,50,,FastME,0.10541486740112305,,50,200,0.25,Cherry,all_25_combos_master,2026-10-04T08:57:40.983006
4_50_tips,90.0,1.0,1.4334545970000006,0.218993975265081,50,,FastME,0.10541486740112305,,50,200,0.25,Cherry,all_25_combos_master,2026-10-04T08:57:40.983006
14_50_tips,87.0,1.0,0.9794126840800004,0.1679401288395248,50,,FastME,0.10541486740112305,,50,200,0.25,Cherry,all_25_combos_master,2026-10-04T08:57:40.983006
3_50_tips,89.0,1.0,1.5402948349999996,0.2676367030413282,50,,FastME,0.10541486740112305,,50,200,0.25,Cherry,all_25_combos_master,2026-10-04T08:57:40.983006
11_50_tips,81.0,1.0,1.126875169,0.2998706664079418,50,,FastME,0.10541486740112305,,50,200,0.25,Cherry,all_25_combos_master,2026-10-04T08:57:40.983006
7_75_tips,114.0,0.7916666666666666,0.8646087476000004,0.1334008949131386,75,,Phyloformer,6.363979816436768,0.0,75,20,0.25,Cherry,all_25_combos_master,2026-10-04T08:57:40.983006
16_75_tips,106.0,0.7361111111111112,1.7357468854999991,0.2752728522021213,75,,Phyloformer,6.363979816436768,0.0,75,20,0.25,Cherry,all_25_combos_master,2026-10-04T08:57:40.983006
1_75_tips,124.0,0.8611111111111112,1.0069364280000002,0.1870358810349034,75,,Phyloformer,6.363979816436768,0.0,75,20,0.25,Cherry,all_25_combos_master,2026-10-04T08:57:40.983006
13_75_tips,142.0,0.9861111111111112,0.760768571803,0.1502788321342354,75,,Phyloformer,6.363979816436768,0.0,75,20,0.25,Cherry,all_25_combos_master,2026-10-04T08:57:40.983006
4_75_tips,134.0,0.9305555555555556,0.4447032190620001,0.1256366115051322,75,,Phyloformer,6.363979816436768,0.0,75,20,0.25,Cherry,all_25_combos_master,2026-10-04T08:57:40.983006
10_75_tips,132.0,0.9166666666666666,1.1710544350000007,0.2048435735528143,75,,Phyloformer,6.363979816436768,0.0,75,20,0.25,Cherry,all_25_combos_master,2026-10-04T08:57:40.983006
11_75_tips,138.0,0.9583333333333334,0.66591471743,0.1692205028427577,75,,Phyloformer,6.363979816436768,0.0,75,20,0.25,Cherry,all_25_combos_master,2026-10-04T08:57:40.983006
0_75_tips,130.0,0.9027777777777778,0.5709188019,0.1306236460208768,75,,Phyloformer,6.363979816436768,0.0,75,20,0.25,Cherry,all_25_combos_master,2026-10-04T08:57:40.983006
15_75_tips,124.0,0.8611111111111112,1.1791623493999992,0.2102915783572724,75,,Phyloformer,6.363979816436768,0.0,75,20,0.25,Cherry,all_25_combos_master,2026-10-04T08:57:40.983006
5_75_tips,124.0,0.8611111111111112,1.0854591609999995,0.1752247218496752,75,,Phyloformer,6.363979816436768,0.0,75,20,0.25,Cherry,all_25_combos_master,2026-10-04T08:57:40.983006
9_75_tips,102.0,0.7083333333333334,1.2694904539000005,0.284442965615148,75,,Phyloformer,6.363979816436768,0.0,75,20,0.25,Cherry,all_25_combos_master,2026-10-04T08:57:40.983006
6_75_tips,132.0,0.9166666666666666,1.0349303457,0.2126523457281375,75,,Phyloformer,6.363979816436768,0.0,75,20,0.25,Cherry,all_25_combos_master,2026-10-04T08:57:40.983006
2_75_tips,124.0,0.8611111111111112,1.3741223560000009,0.2303602455858994,75,,Phyloformer,6.363979816436768,0.0,75,20,0.25,Cherry,all_25_combos_master,2026-10-04T08:57:40.983006
12_75_tips,124.0,0.8611111111111112,0.917550859000002,0.1824351405776295,75,,Phyloformer,6.363979816436768,0.0,75,20,0.25,Cherry,all_25_combos_master,2026-10-04T08:57:40.983006
8_75_tips,126.0,0.875,0.9573414321000004,0.1960785636586941,75,,Phyloformer,6.363979816436768,0.0,75,20,0.25,Cherry,all_25_combos_master,2026-10-04T08:57:40.983006
19_75_tips,130.0,0.9027777777777778,1.2125003219999997,0.19333524836576,75,,Phyloformer,6.363979816436768,0.0,75,20,0.25,Cherry,all_25_combos_master,2026-10-04T08:57:40.983006
3_75_tips,122.0,0.8472222222222222,1.061775096,0.1988923072127919,75,,Phyloformer,6.363979816436768,0.0,75,20,0.25,Cherry,all_25_combos_master,2026-10-04T08:57:40.983006
17_75_tips,122.0,0.8472222222222222,1.0970920889999989,0.2281940153153191,75,,Phyloformer,6.363979816436768,0.0,75,20,0.25,Cherry,all_25_combos_master,2026-10-04T08:57:40.983006
18_75_tips,138.0,0.9583333333333334,1.0774848582399994,0.1811326813409421,75,,Phyloformer,6.363979816436768,0.0,75,20,0.25,Cherry,all_25_combos_master,2026-10-04T08:57:40.983006
14_75_tips,120.0,0.8333333333333334,1.1346337935,0.1919734754199351,75,,Phyloformer,6.363979816436768,0.0,75,20,0.25,Cherry,all_25_combos_master,2026-10-04T08:57:40.983006
16_75_tips,110.0,0.7638888888888888,1.4764140402999997,0.2541204713208265,75,,IQ-TREE,143.82794785499573,,75,20,0.25,Cherry,all_25_combos_master,2026-10-04T08:57:40.983006
7_75_tips,122.0,0.8472222222222222,0.8136548209000005,0.1325814186370729,75,,IQ-TREE,143.82794785499573,,75,20,0.25,Cherry,all_25_combos_master,2026-10-04T08:57:40.983006
1_75_tips,120.0,0.8333333333333334,1.0040869167999993,0.1973362653963186,75,,IQ-TREE,143.82794785499573,,75,20,0.25,Cherry,all_25_combos_master,2026-10-04T08:57:40.983006
13_75_tips,138.0,0.9583333333333334,0.6506982331030003,0.1378640491569675,75,,IQ-TREE,143.82794785499573,,75,20,0.25,Cherry,all_25_combos_master,2026-10-04T08:57:40.983006
10_75_tips,134.0,0.9305555555555556,1.196071258399999,0.2176583104108813,75,,IQ-TREE,143.82794785499573,,75,20,0.25,Cherry,all_25_combos_master,2026-10-04T08:57:40.983006
4_75_tips,138.0,0.9583333333333334,0.4498212390619999,0.1228474912080061,75,,IQ-TREE,143.82794785499573,,75,20,0.25,Cherry,all_25_combos_master,2026-10-04T08:57:40.983006
11_75_tips,136.0,0.9444444444444444,0.67964999853,0.1711432754071167,75,,IQ-TREE,143.82794785499573,,75,20,0.25,Cherry,all_25_combos_master,2026-10-04T08:57:40.983006
0_75_tips,138.0,0.9583333333333334,0.5614759628000003,0.1309671750795481,75,,IQ-TREE,143.82794785499573,,75,20,0.25,Cherry,all_25_combos_master,2026-10-04T08:57:40.983006
5_75_tips,126.0,0.875,1.2124276316999991,0.2028806495307089,75,,IQ-TREE,143.82794785499573,,75,20,0.25,Cherry,all_25_combos_master,2026-10-04T08:57:40.983006
15_75_tips,126.0,0.875,1.3558464947999984,0.2589547798905985,75,,IQ-TREE,143.82794785499573,,75,20,0.25,Cherry,all_25_combos_master,2026-10-04T08:57:40.983006
9_75_tips,116.0,0.8055555555555556,1.2098956612999991,0.2783736860710613,75,,IQ-TREE,143.82794785499573,,75,20,0.25,Cherry,all_25_combos_master,2026-10-04T08:57:40.983006
6_75_tips,134.0,0.9305555555555556,1.0346885429999986,0.218722961839491,75,,IQ-TREE,143.82794785499573,,75,20,0.25,Cherry,all_25_combos_master,2026-10-04T08:57:40.983006
2_75_tips,130.0,0.9027777777777778,1.3551348578999989,0.2331036178009154,75,,IQ-TREE,143.82794785499573,,75,20,0.25,Cherry,all_25_combos_master,2026-10-04T08:57:40.983006
12_75_tips,132.0,0.9166666666666666,1.1178605723999997,0.2420390838397758,75,,IQ-TREE,143.82794785499573,,75,20,0.25,Cherry,all_25_combos_master,2026-10-04T08:57:40.983006
8_75_tips,130.0,0.9027777777777778,0.943972464700001,0.2065290771757635,75,,IQ-TREE,143.82794785499573,,75,20,0.25,Cherry,all_25_combos_master,2026-10-04T08:57:40.983006
19_75_tips,130.0,0.9027777777777778,1.0244019531000002,0.1702988073917643,75,,IQ-TREE,143.82794785499573,,75,20,0.25,Cherry,all_25_combos_master,2026-10-04T08:57:40.983006
17_75_tips,124.0,0.8611111111111112,1.1541065031999989,0.2514009839007254,75,,IQ-TREE,143.82794785499573,,75,20,0.25,Cherry,all_25_combos_master,2026-10-04T08:57:40.983006
3_75_tips,128.0,0.8888888888888888,0.9537761179000006,0.1889160609294908,75,,IQ-TREE,143.82794785499573,,75,20,0.25,Cherry,all_25_combos_master,2026-10-04T08:57:40.983006
18_75_tips,134.0,0.9305555555555556,0.9768241231400008,0.1925689275538492,75,,IQ-TREE,143.82794785499573,,75,20,0.25,Cherry,all_25_combos_master,2026-10-04T08:57:40.983006
14_75_tips,124.0,0.8611111111111112,1.1622978271999984,0.2047512196046866,75,,IQ-TREE,143.82794785499573,,75,20,0.25,Cherry,all_25_combos_master,2026-10-04T08:57:40.983006
7_75_tips,93.0,1.0,1.4347166576,0.2234455213439449,75,,FastME,0.0688934326171875,,75,20,0.25,Cherry,all_25_combos_master,2026-10-04T08:57:40.983006
16_75_tips,106.0,1.0,2.7763440335,0.4360074480905,75,,FastME,0.0688934326171875,,75,20,0.25,Cherry,all_25_combos_master,2026-10-04T08:57:40.983006
1_75_tips,93.0,1.0,1.6538447679999997,0.2977576779481516,75,,FastME,0.0688934326171875,,75,20,0.25,Cherry,all_25_combos_master,2026-10-04T08:57:40.983006
13_75_tips,83.0,1.0,0.8605793318030004,0.1769080104683112,75,,FastME,0.0688934326171875,,75,20,0.25,Cherry,all_25_combos_master,2026-10-04T08:57:40.983006
4_75_tips,80.0,1.0,0.618084049062,0.1844044461489885,75,,FastME,0.0688934326171875,,75,20,0.25,Cherry,all_25_combos_master,2026-10-04T08:57:40.983006
10_75_tips,86.0,1.0,1.5050958950000002,0.2550474346075718,75,,FastME,0.0688934326171875,,75,20,0.25,Cherry,all_25_combos_master,2026-10-04T08:57:40.983006
0_75_tips,79.0,1.0,0.7752385419,0.1780188214091676,75,,FastME,0.0688934326171875,,75,20,0.25,Cherry,all_25_combos_master,2026-10-04T08:57:40.983006
11_75_tips,83.0,1.0,0.8800032774300001,0.2164037329005005,75,,FastME,0.0688934326171875,,75,20,0.25,Cherry,all_25_combos_master,2026-10-04T08:57:40.983006
5_75_tips,98.0,1.0,1.6069965009999998,0.2465168749705277,75,,FastME,0.0688934326171875,,75,20,0.25,Cherry,all_25_combos_master,2026-10-04T08:57:40.983006
15_75_tips,99.0,1.0,1.8108207694000005,0.3122481818456198,75,,FastME,0.0688934326171875,,75,20,0.25,Cherry,all_25_combos_master,2026-10-04T08:57:40.983006
6_75_tips,88.0,1.0,1.4634092557,0.2893260896313888,75,,FastME,0.0688934326171875,,75,20,0.25,Cherry,all_25_combos_master,2026-10-04T08:57:40.983006
9_75_tips,89.0,1.0,1.9839857039,0.40260833840613,75,,FastME,0.0688934326171875,,75,20,0.25,Cherry,all_25_combos_master,2026-10-04T08:57:40.983006
12_75_tips,87.0,1.0,1.4970810989999996,0.2898184102016364,75,,FastME,0.0688934326171875,,75,20,0.25,Cherry,all_25_combos_master,2026-10-04T08:57:40.983006
2_75_tips,96.0,1.0,1.6965763159999994,0.2740724595149997,75,,FastME,0.0688934326171875,,75,20,0.25,Cherry,all_25_combos_master,2026-10-04T08:57:40.983006
19_75_tips,106.0,1.0,1.291045152,0.2026829066236125,75,,FastME,0.0688934326171875,,75,20,0.25,Cherry,all_25_combos_master,2026-10-04T08:57:40.983006
8_75_tips,94.0,1.0,1.3341483620999994,0.2711614392961907,75,,FastME,0.0688934326171875,,75,20,0.25,Cherry,all_25_combos_master,2026-10-04T08:57:40.983006
3_75_tips,96.0,1.0,1.4751779159999994,0.2744063749500328,75,,FastME,0.0688934326171875,,75,20,0.25,Cherry,all_25_combos_master,2026-10-04T08:57:40.983006
17_75_tips,92.0,1.0,1.903056859,0.4228895555989244,75,,FastME,0.0688934326171875,,75,20,0.25,Cherry,all_25_combos_master,2026-10-04T08:57:40.983006
14_75_tips,92.0,1.0,1.7342260935,0.2921884300639357,75,,FastME,0.0688934326171875,,75,20,0.25,Cherry,all_25_combos_master,2026-10-04T08:57:40.983006
18_75_tips,103.0,1.0,1.2441326682400002,0.1974602632542126,75,,FastME,0.0688934326171875,,75,20,0.25,Cherry,all_25_combos_master,2026-10-04T08:57:40.983006
16_75_tips,86.0,0.5972222222222222,1.9389142374999992,0.3091393994634989,75,,Phyloformer,6.661202430725098,0.0,75,25,0.25,Cherry,all_25_combos_master,2026-10-04T08:57:40.983006
7_75_tips,126.0,0.875,0.8779487876000001,0.144893585109321,75,,Phyloformer,6.661202430725098,0.0,75,25,0.25,Cherry,all_25_combos_master,2026-10-04T08:57:40.983006
13_75_tips,132.0,0.9166666666666666,0.6732585018030004,0.1406724469782743,75,,Phyloformer,6.661202430725098,0.0,75,25,0.25,Cherry,all_25_combos_master,2026-10-04T08:57:40.983006
1_75_tips,124.0,0.8611111111111112,0.979248068,0.1871255372907817,75,,Phyloformer,6.661202430725098,0.0,75,25,0.25,Cherry,all_25_combos_master,2026-10-04T08:57:40.983006
10_75_tips,104.0,0.7222222222222222,1.119363555,0.1892598787463874,75,,Phyloformer,6.661202430725098,0.0,75,25,0.25,Cherry,all_25_combos_master,2026-10-04T08:57:40.983006
4_75_tips,140.0,0.9722222222222222,0.3806430790620001,0.0935090750228335,75,,Phyloformer,6.661202430725098,0.0,75,25,0.25,Cherry,all_25_combos_master,2026-10-04T08:57:40.983006
11_75_tips,136.0,0.9444444444444444,0.5405037014300007,0.1427098006192591,75,,Phyloformer,6.661202430725098,0.0,75,25,0.25,Cherry,all_25_combos_master,2026-10-04T08:57:40.983006
0_75_tips,112.0,0.7777777777777778,0.7325279119000006,0.1492784769707194,75,,Phyloformer,6.661202430725098,0.0,75,25,0.25,Cherry,all_25_combos_master,2026-10-04T08:57:40.983006
15_75_tips,112.0,0.7777777777777778,1.0776015294,0.1895236886048618,75,,Phyloformer,6.661202430725098,0.0,75,25,0.25,Cherry,all_25_combos_master,2026-10-04T08:57:40.983006
5_75_tips,102.0,0.7083333333333334,1.133575961,0.1805734163542635,75,,Phyloformer,6.661202430725098,0.0,75,25,0.25,Cherry,all_25_combos_master,2026-10-04T08:57:40.983006
9_75_tips,114.0,0.7916666666666666,0.8889473976799995,0.1658929525791265,75,,Phyloformer,6.661202430725098,0.0,75,25,0.25,Cherry,all_25_combos_master,2026-10-04T08:57:40.983006
2_75_tips,112.0,0.7777777777777778,1.1532901859999996,0.2002480088926459,75,,Phyloformer,6.661202430725098,0.0,75,25,0.25,Cherry,all_25_combos_master,2026-10-04T08:57:40.983006
6_75_tips,100.0,0.6944444444444444,1.2076084757000003,0.2464865523431232,75,,Phyloformer,6.661202430725098,0.0,75,25,0.25,Cherry,all_25_combos_master,2026-10-04T08:57:40.983006
8_75_tips,118.0,0.8194444444444444,0.7854285720999999,0.1666709512551086,75,,Phyloformer,6.661202430725098,0.0,75,25,0.25,Cherry,all_25_combos_master,2026-10-04T08:57:40.983006
12_75_tips,110.0,0.7638888888888888,0.7746064370000001,0.1582342238979673,75,,Phyloformer,6.661202430725098,0.0,75,25,0.25,Cherry,all_25_combos_master,2026-10-04T08:57:40.983006
19_75_tips,128.0,0.8888888888888888,1.170059512,0.1852439310283115,75,,Phyloformer,6.661202430725098,0.0,75,25,0.25,Cherry,all_25_combos_master,2026-10-04T08:57:40.983006
17_75_tips,120.0,0.8333333333333334,1.0774818489999998,0.1785812885067418,75,,Phyloformer,6.661202430725098,0.0,75,25,0.25,Cherry,all_25_combos_master,2026-10-04T08:57:40.983006
3_75_tips,126.0,0.875,1.0326723360000003,0.208351308239791,75,,Phyloformer,6.661202430725098,0.0,75,25,0.25,Cherry,all_25_combos_master,2026-10-04T08:57:40.983006
18_75_tips,128.0,0.8888888888888888,1.00053168824,0.1558990727933594,75,,Phyloformer,6.661202430725098,0.0,75,25,0.25,Cherry,all_25_combos_master,2026-10-04T08:57:40.983006
14_75_tips,122.0,0.8472222222222222,1.303260393500001,0.2156556253567652,75,,Phyloformer,6.661202430725098,0.0,75,25,0.25,Cherry,all_25_combos_master,2026-10-04T08:57:40.983006
16_75_tips,88.0,0.6111111111111112,1.6958631792999987,0.2897956403678473,75,,IQ-TREE,162.35263800621033,,75,25,0.25,Cherry,all_25_combos_master,2026-10-04T08:57:40.983006
7_75_tips,126.0,0.875,0.9171971579000008,0.155719257134852,75,,IQ-TREE,162.35263800621033,,75,25,0.25,Cherry,all_25_combos_master,2026-10-04T08:57:40.983006
13_75_tips,134.0,0.9305555555555556,0.7128067982030003,0.1532270661420515,75,,IQ-TREE,162.35263800621033,,75,25,0.25,Cherry,all_25_combos_master,2026-10-04T08:57:40.983006
1_75_tips,128.0,0.8888888888888888,0.9490576803,0.1839213144181949,75,,IQ-TREE,162.35263800621033,,75,25,0.25,Cherry,all_25_combos_master,2026-10-04T08:57:40.983006
10_75_tips,114.0,0.7916666666666666,1.0741448392999986,0.217259757375916,75,,IQ-TREE,162.35263800621033,,75,25,0.25,Cherry,all_25_combos_master,2026-10-04T08:57:40.983006
4_75_tips,140.0,0.9722222222222222,0.3695990312619998,0.0874012877512762,75,,IQ-TREE,162.35263800621033,,75,25,0.25,Cherry,all_25_combos_master,2026-10-04T08:57:40.983006
0_75_tips,122.0,0.8472222222222222,0.8638152913000006,0.1930209943139921,75,,IQ-TREE,162.35263800621033,,75,25,0.25,Cherry,all_25_combos_master,2026-10-04T08:57:40.983006
11_75_tips,136.0,0.9444444444444444,0.55870204203,0.1445526620870541,75,,IQ-TREE,162.35263800621033,,75,25,0.25,Cherry,all_25_combos_master,2026-10-04T08:57:40.983006
5_75_tips,108.0,0.75,1.0040026424999993,0.1725604800225488,75,,IQ-TREE,162.35263800621033,,75,25,0.25,Cherry,all_25_combos_master,2026-10-04T08:57:40.983006
15_75_tips,118.0,0.8194444444444444,1.0070536978999982,0.1981171661750931,75,,IQ-TREE,162.35263800621033,,75,25,0.25,Cherry,all_25_combos_master,2026-10-04T08:57:40.983006
6_75_tips,116.0,0.8055555555555556,1.2884136378999982,0.2625711758351541,75,,IQ-TREE,162.35263800621033,,75,25,0.25,Cherry,all_25_combos_master,2026-10-04T08:57:40.983006
12_75_tips,116.0,0.8055555555555556,0.8321392219000004,0.1675341161816608,75,,IQ-TREE,162.35263800621033,,75,25,0.25,Cherry,all_25_combos_master,2026-10-04T08:57:40.983006
9_75_tips,126.0,0.875,0.7268013291000004,0.1410563094307761,75,,IQ-TREE,162.35263800621033,,75,25,0.25,Cherry,all_25_combos_master,2026-10-04T08:57:40.983006
19_75_tips,116.0,0.8055555555555556,1.0924873986999997,0.191743451454692,75,,IQ-TREE,162.35263800621033,,75,25,0.25,Cherry,all_25_combos_master,2026-10-04T08:57:40.983006
2_75_tips,116.0,0.8055555555555556,1.0771243281999996,0.1878437980909695,75,,IQ-TREE,162.35263800621033,,75,25,0.25,Cherry,all_25_combos_master,2026-10-04T08:57:40.983006
8_75_tips,126.0,0.875,0.7184893114000006,0.1455518635278415,75,,IQ-TREE,162.35263800621033,,75,25,0.25,Cherry,all_25_combos_master,2026-10-04T08:57:40.983006
3_75_tips,128.0,0.8888888888888888,1.0095465549,0.2089711078906762,75,,IQ-TREE,162.35263800621033,,75,25,0.25,Cherry,all_25_combos_master,2026-10-04T08:57:40.983006
14_75_tips,122.0,0.8472222222222222,1.3581939918999986,0.2374798404325825,75,,IQ-TREE,162.35263800621033,,75,25,0.25,Cherry,all_25_combos_master,2026-10-04T08:57:40.983006
17_75_tips,126.0,0.875,0.9943865906000002,0.1769776474423481,75,,IQ-TREE,162.35263800621033,,75,25,0.25,Cherry,all_25_combos_master,2026-10-04T08:57:40.983006
18_75_tips,132.0,0.9166666666666666,0.7921734443400009,0.1497108667398717,75,,IQ-TREE,162.35263800621033,,75,25,0.25,Cherry,all_25_combos_master,2026-10-04T08:57:40.983006
7_75_tips,97.0,1.0,1.2829882576000002,0.2021236955341777,75,,FastME,0.10217714309692383,,75,25,0.25,Cherry,all_25_combos_master,2026-10-04T08:57:40.983006
16_75_tips,121.0,1.0,3.2428309335,0.4788258446096644,75,,FastME,0.10217714309692383,,75,25,0.25,Cherry,all_25_combos_master,2026-10-04T08:57:40.983006
1_75_tips,95.0,1.0,1.4060652779999998,0.2435904505991227,75,,FastME,0.10217714309692383,,75,25,0.25,Cherry,all_25_combos_master,2026-10-04T08:57:40.983006
13_75_tips,85.0,1.0,0.945849541803,0.209881687335795,75,,FastME,0.10217714309692383,,75,25,0.25,Cherry,all_25_combos_master,2026-10-04T08:57:40.983006
4_75_tips,77.0,1.0,0.5856379190620001,0.1893659819205047,75,,FastME,0.10217714309692383,,75,25,0.25,Cherry,all_25_combos_master,2026-10-04T08:57:40.983006
10_75_tips,100.0,1.0,2.0067587650000003,0.3180042214017952,75,,FastME,0.10217714309692383,,75,25,0.25,Cherry,all_25_combos_master,2026-10-04T08:57:40.983006
0_75_tips,94.0,1.0,1.1854528719,0.2328193327909446,75,,FastME,0.10217714309692383,,75,25,0.25,Cherry,all_25_combos_master,2026-10-04T08:57:40.983006
11_75_tips,81.0,1.0,0.8532996274299999,0.1972888065142816,75,,FastME,0.10217714309692383,,75,25,0.25,Cherry,all_25_combos_master,2026-10-04T08:57:40.983006
5_75_tips,107.0,1.0,1.898923661,0.2787803859303068,75,,FastME,0.10217714309692383,,75,25,0.25,Cherry,all_25_combos_master,2026-10-04T08:57:40.983006
15_75_tips,102.0,1.0,1.8604923494,0.3215584491392512,75,,FastME,0.10217714309692383,,75,25,0.25,Cherry,all_25_combos_master,2026-10-04T08:57:40.983006
6_75_tips,100.0,1.0,1.7381141657,0.2980106537392986,75,,FastME,0.10217714309692383,,75,25,0.25,Cherry,all_25_combos_master,2026-10-04T08:57:40.983006
9_75_tips,92.0,1.0,1.4838652739000002,0.2834581948091441,75,,FastME,0.10217714309692383,,75,25,0.25,Cherry,all_25_combos_master,2026-10-04T08:57:40.983006
12_75_tips,95.0,1.0,1.5665468090000003,0.3055024019333168,75,,FastME,0.10217714309692383,,75,25,0.25,Cherry,all_25_combos_master,2026-10-04T08:57:40.983006
2_75_tips,105.0,1.0,1.833633016,0.2905757312240582,75,,FastME,0.10217714309692383,,75,25,0.25,Cherry,all_25_combos_master,2026-10-04T08:57:40.983006
19_75_tips,114.0,1.0,1.4444379720000005,0.220417934356252,75,,FastME,0.10217714309692383,,75,25,0.25,Cherry,all_25_combos_master,2026-10-04T08:57:40.983006
8_75_tips,96.0,1.0,1.1308054621,0.2058378521697574,75,,FastME,0.10217714309692383,,75,25,0.25,Cherry,all_25_combos_master,2026-10-04T08:57:40.983006
3_75_tips,92.0,1.0,1.2380146260000002,0.2405331627490087,75,,FastME,0.10217714309692383,,75,25,0.25,Cherry,all_25_combos_master,2026-10-04T08:57:40.983006
17_75_tips,106.0,1.0,1.6503374289999997,0.3036604339275477,75,,FastME,0.10217714309692383,,75,25,0.25,Cherry,all_25_combos_master,2026-10-04T08:57:40.983006
14_75_tips,105.0,1.0,1.9588540135,0.3287846576648571,75,,FastME,0.10217714309692383,,75,25,0.25,Cherry,all_25_combos_master,2026-10-04T08:57:40.983006
18_75_tips,109.0,1.0,1.1445690882400004,0.1713667768416713,75,,FastME,0.10217714309692383,,75,25,0.25,Cherry,all_25_combos_master,2026-10-04T08:57:40.983006
7_75_tips,86.0,0.5972222222222222,0.7598430175999998,0.1243110862158929,75,,Phyloformer,8.165746927261353,0.0,75,50,0.25,Cherry,all_25_combos_master,2026-10-04T08:57:40.983006
16_75_tips,82.0,0.5694444444444444,1.1619203335,0.1894453972818904,75,,Phyloformer,8.165746927261353,0.0,75,50,0.25,Cherry,all_25_combos_master,2026-10-04T08:57:40.983006
13_75_tips,120.0,0.8333333333333334,0.7386506618029999,0.1379625823828744,75,,Phyloformer,8.165746927261353,0.0,75,50,0.25,Cherry,all_25_combos_master,2026-10-04T08:57:40.983006
1_75_tips,84.0,0.5833333333333334,0.9489677279999998,0.1834538196536168,75,,Phyloformer,8.165746927261353,0.0,75,50,0.25,Cherry,all_25_combos_master,2026-10-04T08:57:40.983006
10_75_tips,82.0,0.5694444444444444,0.8628149309999996,0.1527616009963351,75,,Phyloformer,8.165746927261353,0.0,75,50,0.25,Cherry,all_25_combos_master,2026-10-04T08:57:40.983006
4_75_tips,132.0,0.9166666666666666,0.4084661590619999,0.0798157832355087,75,,Phyloformer,8.165746927261353,0.0,75,50,0.25,Cherry,all_25_combos_master,2026-10-04T08:57:40.983006
11_75_tips,126.0,0.875,0.59689598743,0.1410386995215266,75,,Phyloformer,8.165746927261353,0.0,75,50,0.25,Cherry,all_25_combos_master,2026-10-04T08:57:40.983006
0_75_tips,104.0,0.7222222222222222,0.5291148019000003,0.1134069807861346,75,,Phyloformer,8.165746927261353,0.0,75,50,0.25,Cherry,all_25_combos_master,2026-10-04T08:57:40.983006
5_75_tips,94.0,0.6527777777777778,0.7251453009999991,0.1250908687455076,75,,Phyloformer,8.165746927261353,0.0,75,50,0.25,Cherry,all_25_combos_master,2026-10-04T08:57:40.983006
15_75_tips,78.0,0.5416666666666666,0.8139837494000001,0.1449732334187826,75,,Phyloformer,8.165746927261353,0.0,75,50,0.25,Cherry,all_25_combos_master,2026-10-04T08:57:40.983006
6_75_tips,98.0,0.6805555555555556,0.9337003056999996,0.1632112880913258,75,,Phyloformer,8.165746927261353,0.0,75,50,0.25,Cherry,all_25_combos_master,2026-10-04T08:57:40.983006
9_75_tips,102.0,0.7083333333333334,0.7532868938999998,0.1436065710280369,75,,Phyloformer,8.165746927261353,0.0,75,50,0.25,Cherry,all_25_combos_master,2026-10-04T08:57:40.983006
2_75_tips,84.0,0.5833333333333334,0.985796816,0.1674818922339016,75,,Phyloformer,8.165746927261353,0.0,75,50,0.25,Cherry,all_25_combos_master,2026-10-04T08:57:40.983006
12_75_tips,104.0,0.7222222222222222,0.8240731089999997,0.1732813326274602,75,,Phyloformer,8.165746927261353,0.0,75,50,0.25,Cherry,all_25_combos_master,2026-10-04T08:57:40.983006
19_75_tips,102.0,0.7083333333333334,0.8341780119999999,0.1286642138888355,75,,Phyloformer,8.165746927261353,0.0,75,50,0.25,Cherry,all_25_combos_master,2026-10-04T08:57:40.983006
8_75_tips,106.0,0.7361111111111112,0.7486681020999997,0.1470021413109404,75,,Phyloformer,8.165746927261353,0.0,75,50,0.25,Cherry,all_25_combos_master,2026-10-04T08:57:40.983006
3_75_tips,110.0,0.7638888888888888,0.7508273659999999,0.1539626239370183,75,,Phyloformer,8.165746927261353,0.0,75,50,0.25,Cherry,all_25_combos_master,2026-10-04T08:57:40.983006
17_75_tips,110.0,0.7638888888888888,0.9062984590000004,0.1924801679826856,75,,Phyloformer,8.165746927261353,0.0,75,50,0.25,Cherry,all_25_combos_master,2026-10-04T08:57:40.983006
14_75_tips,98.0,0.6805555555555556,1.0082587935,0.1682199508915148,75,,Phyloformer,8.165746927261353,0.0,75,50,0.25,Cherry,all_25_combos_master,2026-10-04T08:57:40.983006
18_75_tips,118.0,0.8194444444444444,0.8086575982400002,0.1335813151096899,75,,Phyloformer,8.165746927261353,0.0,75,50,0.25,Cherry,all_25_combos_master,2026-10-04T08:57:40.983006
16_75_tips,94.0,0.6527777777777778,1.0352276078999991,0.1794084574961852,75,,IQ-TREE,225.54889011383057,,75,50,0.25,Cherry,all_25_combos_master,2026-10-04T08:57:40.983006
7_75_tips,106.0,0.7361111111111112,0.748030528000001,0.1222376366102953,75,,IQ-TREE,225.54889011383057,,75,50,0.25,Cherry,all_25_combos_master,2026-10-04T08:57:40.983006
13_75_tips,124.0,0.8611111111111112,0.6328893714030003,0.1313930655719832,75,,IQ-TREE,225.54889011383057,,75,50,0.25,Cherry,all_25_combos_master,2026-10-04T08:57:40.983006
1_75_tips,90.0,0.625,0.8812931542000008,0.1737528488386452,75,,IQ-TREE,225.54889011383057,,75,50,0.25,Cherry,all_25_combos_master,2026-10-04T08:57:40.983006
10_75_tips,94.0,0.6527777777777778,0.8259439595000007,0.1492827434451009,75,,IQ-TREE,225.54889011383057,,75,50,0.25,Cherry,all_25_combos_master,2026-10-04T08:57:40.983006
4_75_tips,132.0,0.9166666666666666,0.3368208942619997,0.0671177020271558,75,,IQ-TREE,225.54889011383057,,75,50,0.25,Cherry,all_25_combos_master,2026-10-04T08:57:40.983006
11_75_tips,130.0,0.9027777777777778,0.5710455810300005,0.1334921030343672,75,,IQ-TREE,225.54889011383057,,75,50,0.25,Cherry,all_25_combos_master,2026-10-04T08:57:40.983006
0_75_tips,112.0,0.7777777777777778,0.5048820159999997,0.1093246015485392,75,,IQ-TREE,225.54889011383057,,75,50,0.25,Cherry,all_25_combos_master,2026-10-04T08:57:40.983006
15_75_tips,100.0,0.6944444444444444,0.7470927853000006,0.1366993664626149,75,,IQ-TREE,225.54889011383057,,75,50,0.25,Cherry,all_25_combos_master,2026-10-04T08:57:40.983006
5_75_tips,100.0,0.6944444444444444,0.7332030125000009,0.1263397682460081,75,,IQ-TREE,225.54889011383057,,75,50,0.25,Cherry,all_25_combos_master,2026-10-04T08:57:40.983006
9_75_tips,112.0,0.7777777777777778,0.7200281919000006,0.1486508715702603,75,,IQ-TREE,225.54889011383057,,75,50,0.25,Cherry,all_25_combos_master,2026-10-04T08:57:40.983006
6_75_tips,112.0,0.7777777777777778,0.8837750484000005,0.1647638162246295,75,,IQ-TREE,225.54889011383057,,75,50,0.25,Cherry,all_25_combos_master,2026-10-04T08:57:40.983006
2_75_tips,92.0,0.6388888888888888,0.9865545022000006,0.1766267687585168,75,,IQ-TREE,225.54889011383057,,75,50,0.25,Cherry,all_25_combos_master,2026-10-04T08:57:40.983006
12_75_tips,116.0,0.8055555555555556,0.7703875034000007,0.1721587148664679,75,,IQ-TREE,225.54889011383057,,75,50,0.25,Cherry,all_25_combos_master,2026-10-04T08:57:40.983006
8_75_tips,116.0,0.8055555555555556,0.7237647429000008,0.1450575655332526,75,,IQ-TREE,225.54889011383057,,75,50,0.25,Cherry,all_25_combos_master,2026-10-04T08:57:40.983006
19_75_tips,106.0,0.7361111111111112,0.7784305587000012,0.1360161645029017,75,,IQ-TREE,225.54889011383057,,75,50,0.25,Cherry,all_25_combos_master,2026-10-04T08:57:40.983006
17_75_tips,114.0,0.7916666666666666,0.9066719817000009,0.1976853630997739,75,,IQ-TREE,225.54889011383057,,75,50,0.25,Cherry,all_25_combos_master,2026-10-04T08:57:40.983006
3_75_tips,112.0,0.7777777777777778,0.7112662672000003,0.1445597855867167,75,,IQ-TREE,225.54889011383057,,75,50,0.25,Cherry,all_25_combos_master,2026-10-04T08:57:40.983006
18_75_tips,114.0,0.7916666666666666,0.8729757739400005,0.1478336182723917,75,,IQ-TREE,225.54889011383057,,75,50,0.25,Cherry,all_25_combos_master,2026-10-04T08:57:40.983006
14_75_tips,104.0,0.7222222222222222,1.0659308582999985,0.1784149745941126,75,,IQ-TREE,225.54889011383057,,75,50,0.25,Cherry,all_25_combos_master,2026-10-04T08:57:40.983006
7_75_tips,116.0,1.0,1.4019191976000005,0.2001510911592254,75,,FastME,0.14747071266174316,,75,50,0.25,Cherry,all_25_combos_master,2026-10-04T08:57:40.983006
16_75_tips,120.0,1.0,2.384915863499999,0.3561707996771607,75,,FastME,0.14747071266174316,,75,50,0.25,Cherry,all_25_combos_master,2026-10-04T08:57:40.983006
13_75_tips,95.0,1.0,0.9438106218029998,0.1721804835270328,75,,FastME,0.14747071266174316,,75,50,0.25,Cherry,all_25_combos_master,2026-10-04T08:57:40.983006
1_75_tips,117.0,1.0,1.6122686379999998,0.2540000516070024,75,,FastME,0.14747071266174316,,75,50,0.25,Cherry,all_25_combos_master,2026-10-04T08:57:40.983006
4_75_tips,93.0,1.0,0.684030199062,0.19081931743169,75,,FastME,0.14747071266174316,,75,50,0.25,Cherry,all_25_combos_master,2026-10-04T08:57:40.983006
10_75_tips,112.0,1.0,1.776455425,0.2663268334129919,75,,FastME,0.14747071266174316,,75,50,0.25,Cherry,all_25_combos_master,2026-10-04T08:57:40.983006
11_75_tips,89.0,1.0,0.7700436074299997,0.174791661431172,75,,FastME,0.14747071266174316,,75,50,0.25,Cherry,all_25_combos_master,2026-10-04T08:57:40.983006
0_75_tips,103.0,1.0,0.8762695619000002,0.1641732315368389,75,,FastME,0.14747071266174316,,75,50,0.25,Cherry,all_25_combos_master,2026-10-04T08:57:40.983006
15_75_tips,112.0,1.0,1.7576872594,0.2725443318109822,75,,FastME,0.14747071266174316,,75,50,0.25,Cherry,all_25_combos_master,2026-10-04T08:57:40.983006
5_75_tips,117.0,1.0,1.5419969210000004,0.2108136236936816,75,,FastME,0.14747071266174316,,75,50,0.25,Cherry,all_25_combos_master,2026-10-04T08:57:40.983006
9_75_tips,101.0,1.0,1.5975043139000007,0.2959203889975931,75,,FastME,0.14747071266174316,,75,50,0.25,Cherry,all_25_combos_master,2026-10-04T08:57:40.983006
6_75_tips,107.0,1.0,1.7260936657,0.302672669696452,75,,FastME,0.14747071266174316,,75,50,0.25,Cherry,all_25_combos_master,2026-10-04T08:57:40.983006
2_75_tips,122.0,1.0,2.016147016,0.2937228106046718,75,,FastME,0.14747071266174316,,75,50,0.25,Cherry,all_25_combos_master,2026-10-04T08:57:40.983006
12_75_tips,105.0,1.0,1.4004937289999997,0.2603450128043629,75,,FastME,0.14747071266174316,,75,50,0.25,Cherry,all_25_combos_master,2026-10-04T08:57:40.983006
8_75_tips,101.0,1.0,1.0652427121,0.1959595355543333,75,,FastME,0.14747071266174316,,75,50,0.25,Cherry,all_25_combos_master,2026-10-04T08:57:40.983006
19_75_tips,136.0,1.0,1.4157031820000006,0.2015349027704177,75,,FastME,0.14747071266174316,,75,50,0.25,Cherry,all_25_combos_master,2026-10-04T08:57:40.983006
17_75_tips,126.0,1.0,1.5357419690000007,0.2981000669820954,75,,FastME,0.14747071266174316,,75,50,0.25,Cherry,all_25_combos_master,2026-10-04T08:57:40.983006
3_75_tips,103.0,1.0,1.222588106,0.2181182863925428,75,,FastME,0.14747071266174316,,75,50,0.25,Cherry,all_25_combos_master,2026-10-04T08:57:40.983006
14_75_tips,117.0,1.0,1.5647963235,0.2379697339684636,75,,FastME,0.14747071266174316,,75,50,0.25,Cherry,all_25_combos_master,2026-10-04T08:57:40.983006
18_75_tips,132.0,1.0,1.1510271182399998,0.1747136232445394,75,,FastME,0.14747071266174316,,75,50,0.25,Cherry,all_25_combos_master,2026-10-04T08:57:40.983006
7_75_tips,82.0,0.5694444444444444,0.6041827776,0.1043866919361503,75,,Phyloformer,12.129117727279663,0.0,75,100,0.25,Cherry,all_25_combos_master,2026-10-04T08:57:40.983006
16_75_tips,38.0,0.2638888888888889,1.0090534375000002,0.1741240014163704,75,,Phyloformer,12.129117727279663,0.0,75,100,0.25,Cherry,all_25_combos_master,2026-10-04T08:57:40.983006
1_75_tips,80.0,0.5555555555555556,0.6581845159999999,0.1285287552638358,75,,Phyloformer,12.129117727279663,0.0,75,100,0.25,Cherry,all_25_combos_master,2026-10-04T08:57:40.983006
13_75_tips,100.0,0.6944444444444444,0.5313894558029996,0.1064944369658868,75,,Phyloformer,12.129117727279663,0.0,75,100,0.25,Cherry,all_25_combos_master,2026-10-04T08:57:40.983006
10_75_tips,70.0,0.4861111111111111,0.7308946350000003,0.1221526368501495,75,,Phyloformer,12.129117727279663,0.0,75,100,0.25,Cherry,all_25_combos_master,2026-10-04T08:57:40.983006
4_75_tips,124.0,0.8611111111111112,0.3803175390620001,0.0899426781251532,75,,Phyloformer,12.129117727279663,0.0,75,100,0.25,Cherry,all_25_combos_master,2026-10-04T08:57:40.983006
11_75_tips,96.0,0.6666666666666666,0.39441618743,0.1041530033340242,75,,Phyloformer,12.129117727279663,0.0,75,100,0.25,Cherry,all_25_combos_master,2026-10-04T08:57:40.983006
0_75_tips,100.0,0.6944444444444444,0.4334772619000002,0.0943823133421093,75,,Phyloformer,12.129117727279663,0.0,75,100,0.25,Cherry,all_25_combos_master,2026-10-04T08:57:40.983006
15_75_tips,76.0,0.5277777777777778,0.6879449375999999,0.1328738684463022,75,,Phyloformer,12.129117727279663,0.0,75,100,0.25,Cherry,all_25_combos_master,2026-10-04T08:57:40.983006
5_75_tips,78.0,0.5416666666666666,0.6626265990000004,0.1044268536398488,75,,Phyloformer,12.129117727279663,0.0,75,100,0.25,Cherry,all_25_combos_master,2026-10-04T08:57:40.983006
9_75_tips,82.0,0.5694444444444444,0.6890127438999999,0.1312342286310493,75,,Phyloformer,12.129117727279663,0.0,75,100,0.25,Cherry,all_25_combos_master,2026-10-04T08:57:40.983006
6_75_tips,62.0,0.4305555555555556,0.8151440637,0.1823438877815606,75,,Phyloformer,12.129117727279663,0.0,75,100,0.25,Cherry,all_25_combos_master,2026-10-04T08:57:40.983006
2_75_tips,62.0,0.4305555555555556,0.7349481479999997,0.132371970005178,75,,Phyloformer,12.129117727279663,0.0,75,100,0.25,Cherry,all_25_combos_master,2026-10-04T08:57:40.983006
12_75_tips,86.0,0.5972222222222222,0.6681553089999999,0.145200378500726,75,,Phyloformer,12.129117727279663,0.0,75,100,0.25,Cherry,all_25_combos_master,2026-10-04T08:57:40.983006
8_75_tips,88.0,0.6111111111111112,0.5929497480999999,0.1176765651297757,75,,Phyloformer,12.129117727279663,0.0,75,100,0.25,Cherry,all_25_combos_master,2026-10-04T08:57:40.983006
19_75_tips,94.0,0.6527777777777778,0.8149324920000005,0.1414439167724898,75,,Phyloformer,12.129117727279663,0.0,75,100,0.25,Cherry,all_25_combos_master,2026-10-04T08:57:40.983006
3_75_tips,84.0,0.5833333333333334,0.6257249119999997,0.1224576575365426,75,,Phyloformer,12.129117727279663,0.0,75,100,0.25,Cherry,all_25_combos_master,2026-10-04T08:57:40.983006
17_75_tips,110.0,0.7638888888888888,0.7433845490000004,0.1497028598969083,75,,Phyloformer,12.129117727279663,0.0,75,100,0.25,Cherry,all_25_combos_master,2026-10-04T08:57:40.983006
14_75_tips,68.0,0.4722222222222222,0.7331617295000007,0.117414615026203,75,,Phyloformer,12.129117727279663,0.0,75,100,0.25,Cherry,all_25_combos_master,2026-10-04T08:57:40.983006
18_75_tips,86.0,0.5972222222222222,0.6892337838400003,0.1165765526496141,75,,Phyloformer,12.129117727279663,0.0,75,100,0.25,Cherry,all_25_combos_master,2026-10-04T08:57:40.983006
7_75_tips,84.0,0.5833333333333334,0.5992005934000009,0.1011962644007028,75,,IQ-TREE,327.22029638290405,,75,100,0.25,Cherry,all_25_combos_master,2026-10-04T08:57:40.983006
16_75_tips,52.0,0.3611111111111111,0.9414334324000004,0.1676847450903584,75,,IQ-TREE,327.22029638290405,,75,100,0.25,Cherry,all_25_combos_master,2026-10-04T08:57:40.983006
13_75_tips,98.0,0.6805555555555556,0.4880558206969992,0.097459465097749,75,,IQ-TREE,327.22029638290405,,75,100,0.25,Cherry,all_25_combos_master,2026-10-04T08:57:40.983006
1_75_tips,84.0,0.5833333333333334,0.6251764771000005,0.1225284812708416,75,,IQ-TREE,327.22029638290405,,75,100,0.25,Cherry,all_25_combos_master,2026-10-04T08:57:40.983006
10_75_tips,74.0,0.5138888888888888,0.6329804228000007,0.1123205440859275,75,,IQ-TREE,327.22029638290405,,75,100,0.25,Cherry,all_25_combos_master,2026-10-04T08:57:40.983006
4_75_tips,112.0,0.7777777777777778,0.3234243167619994,0.0883857398970653,75,,IQ-TREE,327.22029638290405,,75,100,0.25,Cherry,all_25_combos_master,2026-10-04T08:57:40.983006
11_75_tips,110.0,0.7638888888888888,0.3913434758299995,0.0994166088998916,75,,IQ-TREE,327.22029638290405,,75,100,0.25,Cherry,all_25_combos_master,2026-10-04T08:57:40.983006
0_75_tips,104.0,0.7222222222222222,0.4165082906999994,0.1003687815060503,75,,IQ-TREE,327.22029638290405,,75,100,0.25,Cherry,all_25_combos_master,2026-10-04T08:57:40.983006
15_75_tips,88.0,0.6111111111111112,0.6429254221000008,0.1277245191671691,75,,IQ-TREE,327.22029638290405,,75,100,0.25,Cherry,all_25_combos_master,2026-10-04T08:57:40.983006
5_75_tips,82.0,0.5694444444444444,0.6177650036000004,0.1032594831526293,75,,IQ-TREE,327.22029638290405,,75,100,0.25,Cherry,all_25_combos_master,2026-10-04T08:57:40.983006
6_75_tips,72.0,0.5,0.7713980419000006,0.1762349473868367,75,,IQ-TREE,327.22029638290405,,75,100,0.25,Cherry,all_25_combos_master,2026-10-04T08:57:40.983006
9_75_tips,92.0,0.6388888888888888,0.6683061505000008,0.1323561057591381,75,,IQ-TREE,327.22029638290405,,75,100,0.25,Cherry,all_25_combos_master,2026-10-04T08:57:40.983006
12_75_tips,96.0,0.6666666666666666,0.5858555071000004,0.1307895255421815,75,,IQ-TREE,327.22029638290405,,75,100,0.25,Cherry,all_25_combos_master,2026-10-04T08:57:40.983006
2_75_tips,66.0,0.4583333333333333,0.6510413862000005,0.1283838545041114,75,,IQ-TREE,327.22029638290405,,75,100,0.25,Cherry,all_25_combos_master,2026-10-04T08:57:40.983006
19_75_tips,90.0,0.625,0.7129842201000012,0.1383132000085276,75,,IQ-TREE,327.22029638290405,,75,100,0.25,Cherry,all_25_combos_master,2026-10-04T08:57:40.983006
8_75_tips,100.0,0.6944444444444444,0.5785106535000007,0.1173319364071211,75,,IQ-TREE,327.22029638290405,,75,100,0.25,Cherry,all_25_combos_master,2026-10-04T08:57:40.983006
3_75_tips,88.0,0.6111111111111112,0.6061409072000006,0.1156454615245663,75,,IQ-TREE,327.22029638290405,,75,100,0.25,Cherry,all_25_combos_master,2026-10-04T08:57:40.983006
17_75_tips,110.0,0.7638888888888888,0.654245679300001,0.1333197885932016,75,,IQ-TREE,327.22029638290405,,75,100,0.25,Cherry,all_25_combos_master,2026-10-04T08:57:40.983006
14_75_tips,80.0,0.5555555555555556,0.6802700076000011,0.1154974574697223,75,,IQ-TREE,327.22029638290405,,75,100,0.25,Cherry,all_25_combos_master,2026-10-04T08:57:40.983006
18_75_tips,80.0,0.5555555555555556,0.5935404300400011,0.110043260718227,75,,IQ-TREE,327.22029638290405,,75,100,0.25,Cherry,all_25_combos_master,2026-10-04T08:57:40.983006
7_75_tips,123.0,1.0,1.4460903776000005,0.1976876522956508,75,,FastME,0.21610474586486816,,75,100,0.25,Cherry,all_25_combos_master,2026-10-04T08:57:40.983006
16_75_tips,138.0,1.0,2.6457064135,0.3609925366727119,75,,FastME,0.21610474586486816,,75,100,0.25,Cherry,all_25_combos_master,2026-10-04T08:57:40.983006
13_75_tips,115.0,1.0,0.9275837418030002,0.1604678007772612,75,,FastME,0.21610474586486816,,75,100,0.25,Cherry,all_25_combos_master,2026-10-04T08:57:40.983006
1_75_tips,129.0,1.0,1.6487525179999991,0.2559000496627003,75,,FastME,0.21610474586486816,,75,100,0.25,Cherry,all_25_combos_master,2026-10-04T08:57:40.983006
4_75_tips,106.0,1.0,0.711230779062,0.1797031036835561,75,,FastME,0.21610474586486816,,75,100,0.25,Cherry,all_25_combos_master,2026-10-04T08:57:40.983006
10_75_tips,129.0,1.0,1.840071185,0.2699542505419059,75,,FastME,0.21610474586486816,,75,100,0.25,Cherry,all_25_combos_master,2026-10-04T08:57:40.983006
0_75_tips,110.0,1.0,0.8178666719000003,0.1541157271610195,75,,FastME,0.21610474586486816,,75,100,0.25,Cherry,all_25_combos_master,2026-10-04T08:57:40.983006
11_75_tips,105.0,1.0,0.92654025743,0.1888245686349489,75,,FastME,0.21610474586486816,,75,100,0.25,Cherry,all_25_combos_master,2026-10-04T08:57:40.983006
5_75_tips,127.0,1.0,1.5958359509999989,0.2129188656635187,75,,FastME,0.21610474586486816,,75,100,0.25,Cherry,all_25_combos_master,2026-10-04T08:57:40.983006
15_75_tips,124.0,1.0,1.5264609293999996,0.2508314973571303,75,,FastME,0.21610474586486816,,75,100,0.25,Cherry,all_25_combos_master,2026-10-04T08:57:40.983006
6_75_tips,125.0,1.0,1.6343538256999997,0.2647545158425721,75,,FastME,0.21610474586486816,,75,100,0.25,Cherry,all_25_combos_master,2026-10-04T08:57:40.983006
9_75_tips,119.0,1.0,1.5027416439,0.2743090732210368,75,,FastME,0.21610474586486816,,75,100,0.25,Cherry,all_25_combos_master,2026-10-04T08:57:40.983006
12_75_tips,113.0,1.0,1.4378077189999996,0.2573789049112949,75,,FastME,0.21610474586486816,,75,100,0.25,Cherry,all_25_combos_master,2026-10-04T08:57:40.983006
2_75_tips,128.0,1.0,1.998904096,0.2804710822449974,75,,FastME,0.21610474586486816,,75,100,0.25,Cherry,all_25_combos_master,2026-10-04T08:57:40.983006
8_75_tips,117.0,1.0,1.1649259621000008,0.2040016542239981,75,,FastME,0.21610474586486816,,75,100,0.25,Cherry,all_25_combos_master,2026-10-04T08:57:40.983006
19_75_tips,141.0,1.0,1.2234142420000005,0.1835487326370136,75,,FastME,0.21610474586486816,,75,100,0.25,Cherry,all_25_combos_master,2026-10-04T08:57:40.983006
17_75_tips,133.0,1.0,1.4100544590000006,0.2667959416650679,75,,FastME,0.21610474586486816,,75,100,0.25,Cherry,all_25_combos_master,2026-10-04T08:57:40.983006
3_75_tips,117.0,1.0,1.3141813959999995,0.2299482880648155,75,,FastME,0.21610474586486816,,75,100,0.25,Cherry,all_25_combos_master,2026-10-04T08:57:40.983006
14_75_tips,131.0,1.0,1.7655669335,0.2642640499008475,75,,FastME,0.21610474586486816,,75,100,0.25,Cherry,all_25_combos_master,2026-10-04T08:57:40.983006
18_75_tips,143.0,1.0,1.2563348882399996,0.1876453338265627,75,,FastME,0.21610474586486816,,75,100,0.25,Cherry,all_25_combos_master,2026-10-04T08:57:40.983006
7_75_tips,54.0,0.375,0.5169907676,0.082313127313159,75,,Phyloformer,19.92731738090515,0.0,75,200,0.25,Cherry,all_25_combos_master,2026-10-04T08:57:40.983006
16_75_tips,46.0,0.3194444444444444,0.8303671375,0.1546871971667494,75,,Phyloformer,19.92731738090515,0.0,75,200,0.25,Cherry,all_25_combos_master,2026-10-04T08:57:40.983006
1_75_tips,52.0,0.3611111111111111,0.6665233899999999,0.1271352694338476,75,,Phyloformer,19.92731738090515,0.0,75,200,0.25,Cherry,all_25_combos_master,2026-10-04T08:57:40.983006
13_75_tips,58.0,0.4027777777777778,0.4010481398029999,0.0754996333392907,75,,Phyloformer,19.92731738090515,0.0,75,200,0.25,Cherry,all_25_combos_master,2026-10-04T08:57:40.983006
10_75_tips,54.0,0.375,0.6848473110000002,0.1174997140017752,75,,Phyloformer,19.92731738090515,0.0,75,200,0.25,Cherry,all_25_combos_master,2026-10-04T08:57:40.983006
4_75_tips,98.0,0.6805555555555556,0.3135093230620001,0.0726757520714495,75,,Phyloformer,19.92731738090515,0.0,75,200,0.25,Cherry,all_25_combos_master,2026-10-04T08:57:40.983006
11_75_tips,80.0,0.5555555555555556,0.3923353974299999,0.1023867812210328,75,,Phyloformer,19.92731738090515,0.0,75,200,0.25,Cherry,all_25_combos_master,2026-10-04T08:57:40.983006
0_75_tips,78.0,0.5416666666666666,0.3723259404999999,0.0821212680315035,75,,Phyloformer,19.92731738090515,0.0,75,200,0.25,Cherry,all_25_combos_master,2026-10-04T08:57:40.983006
15_75_tips,48.0,0.3333333333333333,0.5412689333999999,0.1172686874340774,75,,Phyloformer,19.92731738090515,0.0,75,200,0.25,Cherry,all_25_combos_master,2026-10-04T08:57:40.983006
5_75_tips,54.0,0.375,0.6034650209999999,0.0995838771193087,75,,Phyloformer,19.92731738090515,0.0,75,200,0.25,Cherry,all_25_combos_master,2026-10-04T08:57:40.983006
9_75_tips,62.0,0.4305555555555556,0.5789905698999994,0.1272134439807461,75,,Phyloformer,19.92731738090515,0.0,75,200,0.25,Cherry,all_25_combos_master,2026-10-04T08:57:40.983006
6_75_tips,66.0,0.4583333333333333,0.6839613377000002,0.1333865842098044,75,,Phyloformer,19.92731738090515,0.0,75,200,0.25,Cherry,all_25_combos_master,2026-10-04T08:57:40.983006
2_75_tips,52.0,0.3611111111111111,0.8307265300000001,0.1613597591714646,75,,Phyloformer,19.92731738090515,0.0,75,200,0.25,Cherry,all_25_combos_master,2026-10-04T08:57:40.983006
12_75_tips,56.0,0.3888888888888889,0.5239394870000001,0.112591117781255,75,,Phyloformer,19.92731738090515,0.0,75,200,0.25,Cherry,all_25_combos_master,2026-10-04T08:57:40.983006
8_75_tips,76.0,0.5277777777777778,0.5285276930999998,0.1085540066850898,75,,Phyloformer,19.92731738090515,0.0,75,200,0.25,Cherry,all_25_combos_master,2026-10-04T08:57:40.983006
19_75_tips,74.0,0.5138888888888888,0.6498445279999999,0.1073430131790278,75,,Phyloformer,19.92731738090515,0.0,75,200,0.25,Cherry,all_25_combos_master,2026-10-04T08:57:40.983006
3_75_tips,60.0,0.4166666666666667,0.5606492100000002,0.1227174981352811,75,,Phyloformer,19.92731738090515,0.0,75,200,0.25,Cherry,all_25_combos_master,2026-10-04T08:57:40.983006
17_75_tips,94.0,0.6527777777777778,0.5789479090000004,0.1060398173635907,75,,Phyloformer,19.92731738090515,0.0,75,200,0.25,Cherry,all_25_combos_master,2026-10-04T08:57:40.983006
14_75_tips,46.0,0.3194444444444444,0.5984477635000001,0.1017281108357892,75,,Phyloformer,19.92731738090515,0.0,75,200,0.25,Cherry,all_25_combos_master,2026-10-04T08:57:40.983006
18_75_tips,72.0,0.5,0.4903044208200003,0.0810530662331026,75,,Phyloformer,19.92731738090515,0.0,75,200,0.25,Cherry,all_25_combos_master,2026-10-04T08:57:40.983006
16_75_tips,50.0,0.3472222222222222,0.8248117160000007,0.1515400440228136,75,,IQ-TREE,555.1065735816956,,75,200,0.25,Cherry,all_25_combos_master,2026-10-04T08:57:40.983006
7_75_tips,56.0,0.3888888888888889,0.4857208375999993,0.0781810934771532,75,,IQ-TREE,555.1065735816956,,75,200,0.25,Cherry,all_25_combos_master,2026-10-04T08:57:40.983006
13_75_tips,72.0,0.5,0.3929374784029993,0.0748531306065004,75,,IQ-TREE,555.1065735816956,,75,200,0.25,Cherry,all_25_combos_master,2026-10-04T08:57:40.983006
1_75_tips,54.0,0.375,0.6139405949000009,0.1188484161460537,75,,IQ-TREE,555.1065735816956,,75,200,0.25,Cherry,all_25_combos_master,2026-10-04T08:57:40.983006
4_75_tips,112.0,1.0,0.6476510982620001,0.1839951672053862,75,,IQ-TREE,555.1065735816956,,75,200,0.25,Cherry,all_25_combos_master,2026-10-04T08:57:40.983006
10_75_tips,60.0,0.4166666666666667,0.6279526240000006,0.1121172027750708,75,,IQ-TREE,555.1065735816956,,75,200,0.25,Cherry,all_25_combos_master,2026-10-04T08:57:40.983006
0_75_tips,98.0,0.6805555555555556,0.3593926258999992,0.0781532192504813,75,,IQ-TREE,555.1065735816956,,75,200,0.25,Cherry,all_25_combos_master,2026-10-04T08:57:40.983006
11_75_tips,84.0,0.5833333333333334,0.3689135094299992,0.100877031923975,75,,IQ-TREE,555.1065735816956,,75,200,0.25,Cherry,all_25_combos_master,2026-10-04T08:57:40.983006
5_75_tips,54.0,0.375,0.5638516299000005,0.0950432935909592,75,,IQ-TREE,555.1065735816956,,75,200,0.25,Cherry,all_25_combos_master,2026-10-04T08:57:40.983006
15_75_tips,72.0,0.5,0.5509517843000008,0.1180515402549519,75,,IQ-TREE,555.1065735816956,,75,200,0.25,Cherry,all_25_combos_master,2026-10-04T08:57:40.983006
6_75_tips,62.0,0.4305555555555556,0.6266121970000008,0.1294362254361395,75,,IQ-TREE,555.1065735816956,,75,200,0.25,Cherry,all_25_combos_master,2026-10-04T08:57:40.983006
9_75_tips,72.0,0.5,0.5686095421000007,0.1251147470743042,75,,IQ-TREE,555.1065735816956,,75,200,0.25,Cherry,all_25_combos_master,2026-10-04T08:57:40.983006
12_75_tips,70.0,0.4861111111111111,0.4665892403999992,0.1024303300038252,75,,IQ-TREE,555.1065735816956,,75,200,0.25,Cherry,all_25_combos_master,2026-10-04T08:57:40.983006
2_75_tips,56.0,0.3888888888888889,0.7592981572000005,0.15025637764646,75,,IQ-TREE,555.1065735816956,,75,200,0.25,Cherry,all_25_combos_master,2026-10-04T08:57:40.983006
19_75_tips,70.0,0.4861111111111111,0.5921419248000009,0.1057739853137906,75,,IQ-TREE,555.1065735816956,,75,200,0.25,Cherry,all_25_combos_master,2026-10-04T08:57:40.983006
8_75_tips,84.0,0.5833333333333334,0.4869262828999992,0.1065565388506506,75,,IQ-TREE,555.1065735816956,,75,200,0.25,Cherry,all_25_combos_master,2026-10-04T08:57:40.983006
3_75_tips,58.0,0.4027777777777778,0.4817212941999991,0.1172736947579614,75,,IQ-TREE,555.1065735816956,,75,200,0.25,Cherry,all_25_combos_master,2026-10-04T08:57:40.983006
17_75_tips,94.0,0.6527777777777778,0.542697436900001,0.1025279562668733,75,,IQ-TREE,555.1065735816956,,75,200,0.25,Cherry,all_25_combos_master,2026-10-04T08:57:40.983006
14_75_tips,48.0,0.3333333333333333,0.5548403873000005,0.0970495061087715,75,,IQ-TREE,555.1065735816956,,75,200,0.25,Cherry,all_25_combos_master,2026-10-04T08:57:40.983006
18_75_tips,82.0,0.5694444444444444,0.4491198596399991,0.0788738283358003,75,,IQ-TREE,555.1065735816956,,75,200,0.25,Cherry,all_25_combos_master,2026-10-04T08:57:40.983006
7_75_tips,138.0,1.0,1.4238342175999998,0.1978000281261653,75,,FastME,0.22340059280395508,,75,200,0.25,Cherry,all_25_combos_master,2026-10-04T08:57:40.983006
16_75_tips,137.0,1.0,2.4734654235000004,0.3440323001348326,75,,FastME,0.22340059280395508,,75,200,0.25,Cherry,all_25_combos_master,2026-10-04T08:57:40.983006
13_75_tips,129.0,1.0,1.133438131803001,0.1954964431615181,75,,FastME,0.22340059280395508,,75,200,0.25,Cherry,all_25_combos_master,2026-10-04T08:57:40.983006
1_75_tips,139.0,1.0,1.5473266780000008,0.2447200294218474,75,,FastME,0.22340059280395508,,75,200,0.25,Cherry,all_25_combos_master,2026-10-04T08:57:40.983006
10_75_tips,132.0,1.0,1.7652544350000006,0.2524219066693528,75,,FastME,0.22340059280395508,,75,200,0.25,Cherry,all_25_combos_master,2026-10-04T08:57:40.983006
4_75_tips,112.0,1.0,0.6470944490620001,0.1839600080767312,75,,FastME,0.22340059280395508,,75,200,0.25,Cherry,all_25_combos_master,2026-10-04T08:57:40.983006
11_75_tips,119.0,1.0,0.8994037674299997,0.1795586417995042,75,,FastME,0.22340059280395508,,75,200,0.25,Cherry,all_25_combos_master,2026-10-04T08:57:40.983006
0_75_tips,116.0,1.0,0.8409874619000001,0.1604967020543254,75,,FastME,0.22340059280395508,,75,200,0.25,Cherry,all_25_combos_master,2026-10-04T08:57:40.983006
15_75_tips,129.0,1.0,1.544844509399999,0.2470896667867951,75,,FastME,0.22340059280395508,,75,200,0.25,Cherry,all_25_combos_master,2026-10-04T08:57:40.983006
5_75_tips,138.0,1.0,1.6004686910000006,0.2074805933848997,75,,FastME,0.22340059280395508,,75,200,0.25,Cherry,all_25_combos_master,2026-10-04T08:57:40.983006
9_75_tips,131.0,1.0,1.4770292039000004,0.2561423501002287,75,,FastME,0.22340059280395508,,75,200,0.25,Cherry,all_25_combos_master,2026-10-04T08:57:40.983006
6_75_tips,137.0,1.0,1.6194974857000008,0.2775252970187678,75,,FastME,0.22340059280395508,,75,200,0.25,Cherry,all_25_combos_master,2026-10-04T08:57:40.983006
2_75_tips,130.0,1.0,1.778269286000001,0.2613298570788305,75,,FastME,0.22340059280395508,,75,200,0.25,Cherry,all_25_combos_master,2026-10-04T08:57:40.983006
12_75_tips,129.0,1.0,1.506514209,0.2681467226524745,75,,FastME,0.22340059280395508,,75,200,0.25,Cherry,all_25_combos_master,2026-10-04T08:57:40.983006
8_75_tips,129.0,1.0,1.1953957121,0.2008938877061903,75,,FastME,0.22340059280395508,,75,200,0.25,Cherry,all_25_combos_master,2026-10-04T08:57:40.983006
19_75_tips,68.0,0.4722222222222222,0.6340711079999996,0.1072689493024445,75,,FastME,0.22340059280395508,,75,200,0.25,Cherry,all_25_combos_master,2026-10-04T08:57:40.983006
17_75_tips,143.0,1.0,1.516879929,0.2750648259241107,75,,FastME,0.22340059280395508,,75,200,0.25,Cherry,all_25_combos_master,2026-10-04T08:57:40.983006
3_75_tips,135.0,1.0,1.3390483760000005,0.2205722801591152,75,,FastME,0.22340059280395508,,75,200,0.25,Cherry,all_25_combos_master,2026-10-04T08:57:40.983006
14_75_tips,132.0,1.0,1.6761814735000002,0.2385373240230346,75,,FastME,0.22340059280395508,,75,200,0.25,Cherry,all_25_combos_master,2026-10-04T08:57:40.983006
18_75_tips,80.0,0.5555555555555556,0.46299784824,0.0779771734870441,75,,FastME,0.22340059280395508,,75,200,0.25,Cherry,all_25_combos_master,2026-10-04T08:57:40.983006
9_100_tips,154.0,0.7938144329896907,1.311405463399999,0.2181966367456616,100,,Phyloformer,8.97471833229065,0.0,100,20,0.25,Cherry,all_25_combos_master,2026-10-04T08:57:40.983006
4_100_tips,144.0,0.7422680412371134,1.3586245245,0.2456688869604988,100,,Phyloformer,8.97471833229065,0.0,100,20,0.25,Cherry,all_25_combos_master,2026-10-04T08:57:40.983006
19_100_tips,134.0,0.6907216494845361,1.9596165979999995,0.2543648430852285,100,,Phyloformer,8.97471833229065,0.0,100,20,0.25,Cherry,all_25_combos_master,2026-10-04T08:57:40.983006
2_100_tips,158.0,0.8144329896907216,1.3637477262000004,0.2342957904813339,100,,Phyloformer,8.97471833229065,0.0,100,20,0.25,Cherry,all_25_combos_master,2026-10-04T08:57:40.983006
11_100_tips,174.0,0.8969072164948454,1.1638059015999995,0.2020737095220511,100,,Phyloformer,8.97471833229065,0.0,100,20,0.25,Cherry,all_25_combos_master,2026-10-04T08:57:40.983006
18_100_tips,170.0,0.8762886597938144,1.1891178433999998,0.2146073899247927,100,,Phyloformer,8.97471833229065,0.0,100,20,0.25,Cherry,all_25_combos_master,2026-10-04T08:57:40.983006
12_100_tips,170.0,0.8762886597938144,1.5790422150020007,0.2375567039974162,100,,Phyloformer,8.97471833229065,0.0,100,20,0.25,Cherry,all_25_combos_master,2026-10-04T08:57:40.983006
8_100_tips,164.0,0.845360824742268,1.6621757432800015,0.2327796890180935,100,,Phyloformer,8.97471833229065,0.0,100,20,0.25,Cherry,all_25_combos_master,2026-10-04T08:57:40.983006
7_100_tips,178.0,0.9175257731958762,1.6124546940000006,0.2617487388762056,100,,Phyloformer,8.97471833229065,0.0,100,20,0.25,Cherry,all_25_combos_master,2026-10-04T08:57:40.983006
15_100_tips,172.0,0.8865979381443299,1.3913972897800002,0.2281882173256376,100,,Phyloformer,8.97471833229065,0.0,100,20,0.25,Cherry,all_25_combos_master,2026-10-04T08:57:40.983006
5_100_tips,166.0,0.8556701030927835,0.8998867284000002,0.196748285145964,100,,Phyloformer,8.97471833229065,0.0,100,20,0.25,Cherry,all_25_combos_master,2026-10-04T08:57:40.983006
1_100_tips,168.0,0.865979381443299,1.5746067095999998,0.250400001994782,100,,Phyloformer,8.97471833229065,0.0,100,20,0.25,Cherry,all_25_combos_master,2026-10-04T08:57:40.983006
0_100_tips,168.0,0.865979381443299,1.1182884944,0.1857365003209179,100,,Phyloformer,8.97471833229065,0.0,100,20,0.25,Cherry,all_25_combos_master,2026-10-04T08:57:40.983006
13_100_tips,174.0,0.8969072164948454,1.4459484501,0.2256636861894692,100,,Phyloformer,8.97471833229065,0.0,100,20,0.25,Cherry,all_25_combos_master,2026-10-04T08:57:40.983006
6_100_tips,172.0,0.8865979381443299,0.8403673810999993,0.1440825170329862,100,,Phyloformer,8.97471833229065,0.0,100,20,0.25,Cherry,all_25_combos_master,2026-10-04T08:57:40.983006
16_100_tips,174.0,0.8969072164948454,1.1169683027,0.1938169993594629,100,,Phyloformer,8.97471833229065,0.0,100,20,0.25,Cherry,all_25_combos_master,2026-10-04T08:57:40.983006
14_100_tips,160.0,0.8247422680412371,1.1340370817999998,0.2324144261997156,100,,Phyloformer,8.97471833229065,0.0,100,20,0.25,Cherry,all_25_combos_master,2026-10-04T08:57:40.983006
17_100_tips,182.0,0.9381443298969072,0.7537477477899998,0.1385900586690109,100,,Phyloformer,8.97471833229065,0.0,100,20,0.25,Cherry,all_25_combos_master,2026-10-04T08:57:40.983006
3_100_tips,162.0,0.8350515463917526,1.0422726285,0.1663298494051615,100,,Phyloformer,8.97471833229065,0.0,100,20,0.25,Cherry,all_25_combos_master,2026-10-04T08:57:40.983006
10_100_tips,144.0,0.7422680412371134,1.1330886410000007,0.1919545491277702,100,,Phyloformer,8.97471833229065,0.0,100,20,0.25,Cherry,all_25_combos_master,2026-10-04T08:57:40.983006
4_100_tips,154.0,0.7938144329896907,1.542084626999998,0.2919007594159781,100,,IQ-TREE,154.8773329257965,,100,20,0.25,Cherry,all_25_combos_master,2026-10-04T08:57:40.983006
9_100_tips,158.0,0.8144329896907216,1.445356250999998,0.2542110101909263,100,,IQ-TREE,154.8773329257965,,100,20,0.25,Cherry,all_25_combos_master,2026-10-04T08:57:40.983006
19_100_tips,146.0,0.7525773195876289,1.7622317335999975,0.2450213237655552,100,,IQ-TREE,154.8773329257965,,100,20,0.25,Cherry,all_25_combos_master,2026-10-04T08:57:40.983006
2_100_tips,164.0,0.845360824742268,1.4690981033999988,0.2773953743391734,100,,IQ-TREE,154.8773329257965,,100,20,0.25,Cherry,all_25_combos_master,2026-10-04T08:57:40.983006
11_100_tips,182.0,0.9381443298969072,1.1892325274999986,0.203711650499253,100,,IQ-TREE,154.8773329257965,,100,20,0.25,Cherry,all_25_combos_master,2026-10-04T08:57:40.983006
18_100_tips,176.0,0.9072164948453608,1.0886605560999985,0.2109420610733764,100,,IQ-TREE,154.8773329257965,,100,20,0.25,Cherry,all_25_combos_master,2026-10-04T08:57:40.983006
12_100_tips,182.0,0.9381443298969072,1.6295660110019996,0.2461517816366752,100,,IQ-TREE,154.8773329257965,,100,20,0.25,Cherry,all_25_combos_master,2026-10-04T08:57:40.983006
8_100_tips,172.0,0.8865979381443299,1.7870562506799996,0.2881553099372081,100,,IQ-TREE,154.8773329257965,,100,20,0.25,Cherry,all_25_combos_master,2026-10-04T08:57:40.983006
7_100_tips,182.0,0.9381443298969072,1.6910602928999994,0.2898672131265591,100,,IQ-TREE,154.8773329257965,,100,20,0.25,Cherry,all_25_combos_master,2026-10-04T08:57:40.983006
15_100_tips,182.0,0.9381443298969072,1.4443005875800004,0.2377280183170786,100,,IQ-TREE,154.8773329257965,,100,20,0.25,Cherry,all_25_combos_master,2026-10-04T08:57:40.983006
1_100_tips,172.0,0.8865979381443299,1.724429309299999,0.2851134739558201,100,,IQ-TREE,154.8773329257965,,100,20,0.25,Cherry,all_25_combos_master,2026-10-04T08:57:40.983006
5_100_tips,174.0,0.8969072164948454,1.0542747804999997,0.2200907390010907,100,,IQ-TREE,154.8773329257965,,100,20,0.25,Cherry,all_25_combos_master,2026-10-04T08:57:40.983006
0_100_tips,178.0,0.9175257731958762,1.1485039966999988,0.2057453736729619,100,,IQ-TREE,154.8773329257965,,100,20,0.25,Cherry,all_25_combos_master,2026-10-04T08:57:40.983006
13_100_tips,184.0,0.9484536082474226,1.461823946199999,0.2376595153478939,100,,IQ-TREE,154.8773329257965,,100,20,0.25,Cherry,all_25_combos_master,2026-10-04T08:57:40.983006
6_100_tips,178.0,0.9175257731958762,0.9359181441000006,0.1655922296867462,100,,IQ-TREE,154.8773329257965,,100,20,0.25,Cherry,all_25_combos_master,2026-10-04T08:57:40.983006
16_100_tips,178.0,0.9175257731958762,1.1978642860999988,0.2191496720776111,100,,IQ-TREE,154.8773329257965,,100,20,0.25,Cherry,all_25_combos_master,2026-10-04T08:57:40.983006
17_100_tips,186.0,0.9587628865979382,0.8635294897900003,0.165245021913015,100,,IQ-TREE,154.8773329257965,,100,20,0.25,Cherry,all_25_combos_master,2026-10-04T08:57:40.983006
14_100_tips,174.0,0.8969072164948454,1.1115822882999986,0.2332458942891211,100,,IQ-TREE,154.8773329257965,,100,20,0.25,Cherry,all_25_combos_master,2026-10-04T08:57:40.983006
10_100_tips,164.0,0.845360824742268,1.1278439265999984,0.2055855478953747,100,,IQ-TREE,154.8773329257965,,100,20,0.25,Cherry,all_25_combos_master,2026-10-04T08:57:40.983006
3_100_tips,178.0,0.9175257731958762,1.0841515140999978,0.19139715882278,100,,IQ-TREE,154.8773329257965,,100,20,0.25,Cherry,all_25_combos_master,2026-10-04T08:57:40.983006
4_100_tips,131.0,1.0,2.6085867745,0.4310844302279299,100,,FastME,0.07935094833374023,,100,20,0.25,Cherry,all_25_combos_master,2026-10-04T08:57:40.983006
9_100_tips,133.0,1.0,2.3271774733999995,0.3416663963410677,100,,FastME,0.07935094833374023,,100,20,0.25,Cherry,all_25_combos_master,2026-10-04T08:57:40.983006
2_100_tips,123.0,1.0,2.2005001962,0.3501707384451043,100,,FastME,0.07935094833374023,,100,20,0.25,Cherry,all_25_combos_master,2026-10-04T08:57:40.983006
19_100_tips,150.0,1.0,2.8111716279999994,0.3423350221102971,100,,FastME,0.07935094833374023,,100,20,0.25,Cherry,all_25_combos_master,2026-10-04T08:57:40.983006
18_100_tips,120.0,1.0,1.6068686553999996,0.2675830843029335,100,,FastME,0.07935094833374023,,100,20,0.25,Cherry,all_25_combos_master,2026-10-04T08:57:40.983006
11_100_tips,117.0,1.0,1.6118874016,0.29854418421397,100,,FastME,0.07935094833374023,,100,20,0.25,Cherry,all_25_combos_master,2026-10-04T08:57:40.983006
8_100_tips,124.0,1.0,2.46408118328,0.3492794509169557,100,,FastME,0.07935094833374023,,100,20,0.25,Cherry,all_25_combos_master,2026-10-04T08:57:40.983006
12_100_tips,115.0,1.0,1.8542856750020005,0.268315178016371,100,,FastME,0.07935094833374023,,100,20,0.25,Cherry,all_25_combos_master,2026-10-04T08:57:40.983006
15_100_tips,122.0,1.0,1.783557089780001,0.27046430996222,100,,FastME,0.07935094833374023,,100,20,0.25,Cherry,all_25_combos_master,2026-10-04T08:57:40.983006
7_100_tips,117.0,1.0,2.028977473999999,0.3267174435548541,100,,FastME,0.07935094833374023,,100,20,0.25,Cherry,all_25_combos_master,2026-10-04T08:57:40.983006
5_100_tips,118.0,1.0,1.3042702084,0.2363636336631752,100,,FastME,0.07935094833374023,,100,20,0.25,Cherry,all_25_combos_master,2026-10-04T08:57:40.983006
1_100_tips,125.0,1.0,2.3634510196,0.3596400784596816,100,,FastME,0.07935094833374023,,100,20,0.25,Cherry,all_25_combos_master,2026-10-04T08:57:40.983006
0_100_tips,119.0,1.0,1.5694970943999995,0.2608944092967015,100,,FastME,0.07935094833374023,,100,20,0.25,Cherry,all_25_combos_master,2026-10-04T08:57:40.983006
13_100_tips,118.0,1.0,1.8229122201000003,0.2900712008478618,100,,FastME,0.07935094833374023,,100,20,0.25,Cherry,all_25_combos_master,2026-10-04T08:57:40.983006
6_100_tips,121.0,1.0,1.1188037511000002,0.1735623290978756,100,,FastME,0.07935094833374023,,100,20,0.25,Cherry,all_25_combos_master,2026-10-04T08:57:40.983006
16_100_tips,117.0,1.0,1.7954663226999996,0.3248100443604392,100,,FastME,0.07935094833374023,,100,20,0.25,Cherry,all_25_combos_master,2026-10-04T08:57:40.983006
17_100_tips,108.0,1.0,0.8701556577900001,0.1534656930924686,100,,FastME,0.07935094833374023,,100,20,0.25,Cherry,all_25_combos_master,2026-10-04T08:57:40.983006
14_100_tips,116.0,1.0,1.6853218917999997,0.314378067593816,100,,FastME,0.07935094833374023,,100,20,0.25,Cherry,all_25_combos_master,2026-10-04T08:57:40.983006
10_100_tips,124.0,1.0,2.090098941,0.3301878792684224,100,,FastME,0.07935094833374023,,100,20,0.25,Cherry,all_25_combos_master,2026-10-04T08:57:40.983006
3_100_tips,124.0,1.0,1.3311658985,0.2146292744524563,100,,FastME,0.07935094833374023,,100,20,0.25,Cherry,all_25_combos_master,2026-10-04T08:57:40.983006
4_100_tips,166.0,0.8556701030927835,1.3027979785000003,0.2426447564209656,100,,Phyloformer,8.85781979560852,0.0,100,25,0.25,Cherry,all_25_combos_master,2026-10-04T08:57:40.983006
9_100_tips,170.0,0.8762886597938144,1.3847485634,0.2284973814591122,100,,Phyloformer,8.85781979560852,0.0,100,25,0.25,Cherry,all_25_combos_master,2026-10-04T08:57:40.983006
19_100_tips,176.0,0.9072164948453608,1.7987496579999993,0.2442056000145895,100,,Phyloformer,8.85781979560852,0.0,100,25,0.25,Cherry,all_25_combos_master,2026-10-04T08:57:40.983006
2_100_tips,162.0,0.8350515463917526,1.2620656121999998,0.2130703222117192,100,,Phyloformer,8.85781979560852,0.0,100,25,0.25,Cherry,all_25_combos_master,2026-10-04T08:57:40.983006
11_100_tips,176.0,0.9072164948453608,0.9338641016,0.1634124480007826,100,,Phyloformer,8.85781979560852,0.0,100,25,0.25,Cherry,all_25_combos_master,2026-10-04T08:57:40.983006
18_100_tips,170.0,0.8762886597938144,1.1404148573999997,0.2047138667557436,100,,Phyloformer,8.85781979560852,0.0,100,25,0.25,Cherry,all_25_combos_master,2026-10-04T08:57:40.983006
12_100_tips,150.0,0.7731958762886598,1.497763485002,0.2133109177937611,100,,Phyloformer,8.85781979560852,0.0,100,25,0.25,Cherry,all_25_combos_master,2026-10-04T08:57:40.983006
8_100_tips,158.0,0.8144329896907216,1.6289885332800005,0.2451147872193291,100,,Phyloformer,8.85781979560852,0.0,100,25,0.25,Cherry,all_25_combos_master,2026-10-04T08:57:40.983006
7_100_tips,152.0,0.7835051546391752,1.641318664,0.2297150497201418,100,,Phyloformer,8.85781979560852,0.0,100,25,0.25,Cherry,all_25_combos_master,2026-10-04T08:57:40.983006
15_100_tips,154.0,0.7938144329896907,1.36909776978,0.220190546268632,100,,Phyloformer,8.85781979560852,0.0,100,25,0.25,Cherry,all_25_combos_master,2026-10-04T08:57:40.983006
1_100_tips,120.0,0.6185567010309279,1.8023928796000008,0.2534946317528004,100,,Phyloformer,8.85781979560852,0.0,100,25,0.25,Cherry,all_25_combos_master,2026-10-04T08:57:40.983006
5_100_tips,162.0,0.8350515463917526,0.5579718244000001,0.0945094780268471,100,,Phyloformer,8.85781979560852,0.0,100,25,0.25,Cherry,all_25_combos_master,2026-10-04T08:57:40.983006
13_100_tips,164.0,0.845360824742268,1.466539780100001,0.2127297437995147,100,,Phyloformer,8.85781979560852,0.0,100,25,0.25,Cherry,all_25_combos_master,2026-10-04T08:57:40.983006
0_100_tips,170.0,0.8762886597938144,1.0848793843999995,0.1925645617644333,100,,Phyloformer,8.85781979560852,0.0,100,25,0.25,Cherry,all_25_combos_master,2026-10-04T08:57:40.983006
16_100_tips,170.0,0.8762886597938144,1.1342265227000004,0.2124440084503049,100,,Phyloformer,8.85781979560852,0.0,100,25,0.25,Cherry,all_25_combos_master,2026-10-04T08:57:40.983006
6_100_tips,150.0,0.7731958762886598,0.9730543911,0.1600892284526816,100,,Phyloformer,8.85781979560852,0.0,100,25,0.25,Cherry,all_25_combos_master,2026-10-04T08:57:40.983006
17_100_tips,160.0,0.8247422680412371,0.7751745177899999,0.1471468704582859,100,,Phyloformer,8.85781979560852,0.0,100,25,0.25,Cherry,all_25_combos_master,2026-10-04T08:57:40.983006
14_100_tips,148.0,0.7628865979381443,0.9294754218000004,0.1882116453821507,100,,Phyloformer,8.85781979560852,0.0,100,25,0.25,Cherry,all_25_combos_master,2026-10-04T08:57:40.983006
10_100_tips,154.0,0.7938144329896907,1.200383770999999,0.2190580252235462,100,,Phyloformer,8.85781979560852,0.0,100,25,0.25,Cherry,all_25_combos_master,2026-10-04T08:57:40.983006
3_100_tips,162.0,0.8350515463917526,1.0501344385000002,0.1598051498736052,100,,Phyloformer,8.85781979560852,0.0,100,25,0.25,Cherry,all_25_combos_master,2026-10-04T08:57:40.983006
4_100_tips,166.0,0.8556701030927835,1.2733381445999972,0.255939950282937,100,,IQ-TREE,169.4051103591919,,100,25,0.25,Cherry,all_25_combos_master,2026-10-04T08:57:40.983006
9_100_tips,174.0,0.8969072164948454,1.3381916439999988,0.2132827662358137,100,,IQ-TREE,169.4051103591919,,100,25,0.25,Cherry,all_25_combos_master,2026-10-04T08:57:40.983006
2_100_tips,164.0,0.845360824742268,1.289105467399998,0.2262129686644104,100,,IQ-TREE,169.4051103591919,,100,25,0.25,Cherry,all_25_combos_master,2026-10-04T08:57:40.983006
19_100_tips,178.0,0.9175257731958762,1.7309332089999976,0.2378544896432603,100,,IQ-TREE,169.4051103591919,,100,25,0.25,Cherry,all_25_combos_master,2026-10-04T08:57:40.983006
18_100_tips,174.0,0.8969072164948454,1.3252366617999989,0.2306329346930349,100,,IQ-TREE,169.4051103591919,,100,25,0.25,Cherry,all_25_combos_master,2026-10-04T08:57:40.983006
11_100_tips,180.0,0.9278350515463918,1.0642585675999998,0.1920709296224074,100,,IQ-TREE,169.4051103591919,,100,25,0.25,Cherry,all_25_combos_master,2026-10-04T08:57:40.983006
12_100_tips,162.0,0.8350515463917526,1.3833176266019982,0.2072941026782798,100,,IQ-TREE,169.4051103591919,,100,25,0.25,Cherry,all_25_combos_master,2026-10-04T08:57:40.983006
8_100_tips,166.0,0.8556701030927835,1.5945984717799997,0.2490571408460044,100,,IQ-TREE,169.4051103591919,,100,25,0.25,Cherry,all_25_combos_master,2026-10-04T08:57:40.983006
15_100_tips,170.0,0.8762886597938144,1.2777762947799982,0.2181154818619205,100,,IQ-TREE,169.4051103591919,,100,25,0.25,Cherry,all_25_combos_master,2026-10-04T08:57:40.983006
7_100_tips,166.0,0.8556701030927835,1.661998994199998,0.2427094590679919,100,,IQ-TREE,169.4051103591919,,100,25,0.25,Cherry,all_25_combos_master,2026-10-04T08:57:40.983006
1_100_tips,144.0,0.7422680412371134,1.5455305652999982,0.2229555041923778,100,,IQ-TREE,169.4051103591919,,100,25,0.25,Cherry,all_25_combos_master,2026-10-04T08:57:40.983006
5_100_tips,182.0,0.9381443298969072,0.6175623844000004,0.1149799538668547,100,,IQ-TREE,169.4051103591919,,100,25,0.25,Cherry,all_25_combos_master,2026-10-04T08:57:40.983006
13_100_tips,166.0,0.8556701030927835,1.4909294407000009,0.2352846631824683,100,,IQ-TREE,169.4051103591919,,100,25,0.25,Cherry,all_25_combos_master,2026-10-04T08:57:40.983006
16_100_tips,168.0,0.865979381443299,1.1873993833999987,0.2303183988724153,100,,IQ-TREE,169.4051103591919,,100,25,0.25,Cherry,all_25_combos_master,2026-10-04T08:57:40.983006
0_100_tips,176.0,0.9072164948453608,1.0674073977999985,0.1911937315419836,100,,IQ-TREE,169.4051103591919,,100,25,0.25,Cherry,all_25_combos_master,2026-10-04T08:57:40.983006
6_100_tips,176.0,0.9072164948453608,1.0317410542000005,0.186782216030471,100,,IQ-TREE,169.4051103591919,,100,25,0.25,Cherry,all_25_combos_master,2026-10-04T08:57:40.983006
14_100_tips,162.0,0.8350515463917526,1.0333879459999995,0.2190515941477698,100,,IQ-TREE,169.4051103591919,,100,25,0.25,Cherry,all_25_combos_master,2026-10-04T08:57:40.983006
17_100_tips,178.0,0.9175257731958762,0.7473772389900004,0.1461524387814885,100,,IQ-TREE,169.4051103591919,,100,25,0.25,Cherry,all_25_combos_master,2026-10-04T08:57:40.983006
3_100_tips,178.0,0.9175257731958762,1.1490557635000005,0.1722418352749566,100,,IQ-TREE,169.4051103591919,,100,25,0.25,Cherry,all_25_combos_master,2026-10-04T08:57:40.983006
10_100_tips,162.0,0.8350515463917526,1.1959225923999983,0.220884359929948,100,,IQ-TREE,169.4051103591919,,100,25,0.25,Cherry,all_25_combos_master,2026-10-04T08:57:40.983006
4_100_tips,128.0,1.0,1.9649206245,0.3263719556505946,100,,FastME,0.10159873962402344,,100,25,0.25,Cherry,all_25_combos_master,2026-10-04T08:57:40.983006
9_100_tips,123.0,1.0,1.9140644633999992,0.2847298748840052,100,,FastME,0.10159873962402344,,100,25,0.25,Cherry,all_25_combos_master,2026-10-04T08:57:40.983006
2_100_tips,129.0,1.0,1.7881268262,0.2658743910794391,100,,FastME,0.10159873962402344,,100,25,0.25,Cherry,all_25_combos_master,2026-10-04T08:57:40.983006
19_100_tips,126.0,1.0,2.236933388000001,0.3027939478673526,100,,FastME,0.10159873962402344,,100,25,0.25,Cherry,all_25_combos_master,2026-10-04T08:57:40.983006
18_100_tips,120.0,1.0,1.5806812653999995,0.2684134632559673,100,,FastME,0.10159873962402344,,100,25,0.25,Cherry,all_25_combos_master,2026-10-04T08:57:40.983006
11_100_tips,121.0,1.0,1.6774972916000008,0.3755290155304977,100,,FastME,0.10159873962402344,,100,25,0.25,Cherry,all_25_combos_master,2026-10-04T08:57:40.983006
12_100_tips,140.0,1.0,2.343329195002001,0.3180002690092177,100,,FastME,0.10159873962402344,,100,25,0.25,Cherry,all_25_combos_master,2026-10-04T08:57:40.983006
8_100_tips,129.0,1.0,2.3094052332800006,0.3172113802827453,100,,FastME,0.10159873962402344,,100,25,0.25,Cherry,all_25_combos_master,2026-10-04T08:57:40.983006
15_100_tips,129.0,1.0,1.8656873697800005,0.2888045195933423,100,,FastME,0.10159873962402344,,100,25,0.25,Cherry,all_25_combos_master,2026-10-04T08:57:40.983006
7_100_tips,139.0,1.0,2.1172640840000003,0.3030185525689062,100,,FastME,0.10159873962402344,,100,25,0.25,Cherry,all_25_combos_master,2026-10-04T08:57:40.983006
5_100_tips,109.0,1.0,0.9663578584,0.182143070962429,100,,FastME,0.10159873962402344,,100,25,0.25,Cherry,all_25_combos_master,2026-10-04T08:57:40.983006
1_100_tips,145.0,1.0,2.581492919600001,0.3406477054368773,100,,FastME,0.10159873962402344,,100,25,0.25,Cherry,all_25_combos_master,2026-10-04T08:57:40.983006
0_100_tips,121.0,1.0,1.4543978344,0.2432293133879433,100,,FastME,0.10159873962402344,,100,25,0.25,Cherry,all_25_combos_master,2026-10-04T08:57:40.983006
13_100_tips,138.0,1.0,2.1484939101,0.3405232865500723,100,,FastME,0.10159873962402344,,100,25,0.25,Cherry,all_25_combos_master,2026-10-04T08:57:40.983006
6_100_tips,132.0,1.0,1.445890841099999,0.2291406177010946,100,,FastME,0.10159873962402344,,100,25,0.25,Cherry,all_25_combos_master,2026-10-04T08:57:40.983006
16_100_tips,127.0,1.0,1.6880974127000004,0.2778481916555215,100,,FastME,0.10159873962402344,,100,25,0.25,Cherry,all_25_combos_master,2026-10-04T08:57:40.983006
17_100_tips,114.0,1.0,0.97536696779,0.1708844371569783,100,,FastME,0.10159873962402344,,100,25,0.25,Cherry,all_25_combos_master,2026-10-04T08:57:40.983006
14_100_tips,122.0,1.0,1.5757665817999995,0.2750156214603612,100,,FastME,0.10159873962402344,,100,25,0.25,Cherry,all_25_combos_master,2026-10-04T08:57:40.983006
10_100_tips,130.0,1.0,2.0394155810000005,0.3360870569970053,100,,FastME,0.10159873962402344,,100,25,0.25,Cherry,all_25_combos_master,2026-10-04T08:57:40.983006
3_100_tips,121.0,1.0,1.2644469385,0.1769362339055973,100,,FastME,0.10159873962402344,,100,25,0.25,Cherry,all_25_combos_master,2026-10-04T08:57:40.983006
4_100_tips,124.0,0.6391752577319587,1.0556240845,0.1852488585292512,100,,Phyloformer,12.495520114898682,0.0,100,50,0.25,Cherry,all_25_combos_master,2026-10-04T08:57:40.983006
9_100_tips,146.0,0.7525773195876289,1.088391393400001,0.1702896044625589,100,,Phyloformer,12.495520114898682,0.0,100,50,0.25,Cherry,all_25_combos_master,2026-10-04T08:57:40.983006
2_100_tips,150.0,0.7731958762886598,1.1975975322,0.1830320588950587,100,,Phyloformer,12.495520114898682,0.0,100,50,0.25,Cherry,all_25_combos_master,2026-10-04T08:57:40.983006
19_100_tips,114.0,0.5876288659793815,1.3081441440000006,0.177719467167241,100,,Phyloformer,12.495520114898682,0.0,100,50,0.25,Cherry,all_25_combos_master,2026-10-04T08:57:40.983006
18_100_tips,148.0,0.7628865979381443,1.1066100754000008,0.1829638663674876,100,,Phyloformer,12.495520114898682,0.0,100,50,0.25,Cherry,all_25_combos_master,2026-10-04T08:57:40.983006
11_100_tips,118.0,0.6082474226804123,0.9028882696,0.1491238029835679,100,,Phyloformer,12.495520114898682,0.0,100,50,0.25,Cherry,all_25_combos_master,2026-10-04T08:57:40.983006
8_100_tips,118.0,0.6082474226804123,1.2544150232799995,0.1806828570251668,100,,Phyloformer,12.495520114898682,0.0,100,50,0.25,Cherry,all_25_combos_master,2026-10-04T08:57:40.983006
12_100_tips,124.0,0.6391752577319587,1.1780065610020016,0.172836620264984,100,,Phyloformer,12.495520114898682,0.0,100,50,0.25,Cherry,all_25_combos_master,2026-10-04T08:57:40.983006
15_100_tips,116.0,0.5979381443298969,1.0198111684200002,0.1475245115310441,100,,Phyloformer,12.495520114898682,0.0,100,50,0.25,Cherry,all_25_combos_master,2026-10-04T08:57:40.983006
7_100_tips,140.0,0.7216494845360825,1.2859625440000002,0.1880232041191565,100,,Phyloformer,12.495520114898682,0.0,100,50,0.25,Cherry,all_25_combos_master,2026-10-04T08:57:40.983006
5_100_tips,144.0,0.7422680412371134,0.6565116183999999,0.1210673731058183,100,,Phyloformer,12.495520114898682,0.0,100,50,0.25,Cherry,all_25_combos_master,2026-10-04T08:57:40.983006
1_100_tips,140.0,0.7216494845360825,1.474280395599999,0.2169720147390678,100,,Phyloformer,12.495520114898682,0.0,100,50,0.25,Cherry,all_25_combos_master,2026-10-04T08:57:40.983006
13_100_tips,108.0,0.5567010309278351,0.9031550661000004,0.124684202066509,100,,Phyloformer,12.495520114898682,0.0,100,50,0.25,Cherry,all_25_combos_master,2026-10-04T08:57:40.983006
0_100_tips,136.0,0.7010309278350515,0.7928540443999997,0.1415866715376255,100,,Phyloformer,12.495520114898682,0.0,100,50,0.25,Cherry,all_25_combos_master,2026-10-04T08:57:40.983006
6_100_tips,132.0,0.6804123711340206,0.8098644571000002,0.1213587804555055,100,,Phyloformer,12.495520114898682,0.0,100,50,0.25,Cherry,all_25_combos_master,2026-10-04T08:57:40.983006
16_100_tips,148.0,0.7628865979381443,0.9155108387,0.1514473066444001,100,,Phyloformer,12.495520114898682,0.0,100,50,0.25,Cherry,all_25_combos_master,2026-10-04T08:57:40.983006
14_100_tips,144.0,0.7422680412371134,0.6994556617999997,0.1220520672044561,100,,Phyloformer,12.495520114898682,0.0,100,50,0.25,Cherry,all_25_combos_master,2026-10-04T08:57:40.983006
17_100_tips,162.0,0.8350515463917526,0.6007525677899997,0.0902463736877183,100,,Phyloformer,12.495520114898682,0.0,100,50,0.25,Cherry,all_25_combos_master,2026-10-04T08:57:40.983006
3_100_tips,124.0,0.6391752577319587,0.8035413084999995,0.1132651264274415,100,,Phyloformer,12.495520114898682,0.0,100,50,0.25,Cherry,all_25_combos_master,2026-10-04T08:57:40.983006
10_100_tips,136.0,0.7010309278350515,0.8754005910000002,0.1571725210336725,100,,Phyloformer,12.495520114898682,0.0,100,50,0.25,Cherry,all_25_combos_master,2026-10-04T08:57:40.983006
4_100_tips,146.0,0.7525773195876289,0.9580250260000004,0.1714827224668902,100,,IQ-TREE,243.64408707618713,,100,50,0.25,Cherry,all_25_combos_master,2026-10-04T08:57:40.983006
9_100_tips,146.0,0.7525773195876289,1.042789895099998,0.1624925438451503,100,,IQ-TREE,243.64408707618713,,100,50,0.25,Cherry,all_25_combos_master,2026-10-04T08:57:40.983006
2_100_tips,154.0,0.7938144329896907,1.1795636718999964,0.1862801110316596,100,,IQ-TREE,243.64408707618713,,100,50,0.25,Cherry,all_25_combos_master,2026-10-04T08:57:40.983006
19_100_tips,120.0,0.6185567010309279,1.314054004699997,0.1822600021674744,100,,IQ-TREE,243.64408707618713,,100,50,0.25,Cherry,all_25_combos_master,2026-10-04T08:57:40.983006
18_100_tips,150.0,0.7731958762886598,1.062436616699998,0.1808640146775017,100,,IQ-TREE,243.64408707618713,,100,50,0.25,Cherry,all_25_combos_master,2026-10-04T08:57:40.983006
11_100_tips,148.0,0.7628865979381443,0.964365165000001,0.1559390459864294,100,,IQ-TREE,243.64408707618713,,100,50,0.25,Cherry,all_25_combos_master,2026-10-04T08:57:40.983006
8_100_tips,122.0,0.6288659793814433,1.180436106979997,0.1771366482756083,100,,IQ-TREE,243.64408707618713,,100,50,0.25,Cherry,all_25_combos_master,2026-10-04T08:57:40.983006
12_100_tips,134.0,0.6907216494845361,1.176651304401997,0.1773956568215561,100,,IQ-TREE,243.64408707618713,,100,50,0.25,Cherry,all_25_combos_master,2026-10-04T08:57:40.983006
15_100_tips,136.0,0.7010309278350515,1.0325847465800009,0.1562088796893031,100,,IQ-TREE,243.64408707618713,,100,50,0.25,Cherry,all_25_combos_master,2026-10-04T08:57:40.983006
7_100_tips,142.0,0.7319587628865979,1.2658091863999978,0.1959021903734583,100,,IQ-TREE,243.64408707618713,,100,50,0.25,Cherry,all_25_combos_master,2026-10-04T08:57:40.983006
1_100_tips,160.0,0.8247422680412371,1.5144006699999963,0.2180874051049644,100,,IQ-TREE,243.64408707618713,,100,50,0.25,Cherry,all_25_combos_master,2026-10-04T08:57:40.983006
13_100_tips,120.0,0.6185567010309279,0.940495998100001,0.1364016164014744,100,,IQ-TREE,243.64408707618713,,100,50,0.25,Cherry,all_25_combos_master,2026-10-04T08:57:40.983006
5_100_tips,164.0,0.845360824742268,0.6865803426000004,0.1307611764954682,100,,IQ-TREE,243.64408707618713,,100,50,0.25,Cherry,all_25_combos_master,2026-10-04T08:57:40.983006
16_100_tips,156.0,0.8041237113402062,0.9002208529000008,0.1539438867840865,100,,IQ-TREE,243.64408707618713,,100,50,0.25,Cherry,all_25_combos_master,2026-10-04T08:57:40.983006
0_100_tips,156.0,0.8041237113402062,0.7973272778000007,0.140030786955615,100,,IQ-TREE,243.64408707618713,,100,50,0.25,Cherry,all_25_combos_master,2026-10-04T08:57:40.983006
6_100_tips,162.0,0.8350515463917526,0.8218380040000011,0.1312016621104291,100,,IQ-TREE,243.64408707618713,,100,50,0.25,Cherry,all_25_combos_master,2026-10-04T08:57:40.983006
14_100_tips,152.0,0.7835051546391752,0.7257223436000009,0.1301975403632004,100,,IQ-TREE,243.64408707618713,,100,50,0.25,Cherry,all_25_combos_master,2026-10-04T08:57:40.983006
17_100_tips,170.0,0.8762886597938144,0.6339202793900007,0.098088037392697,100,,IQ-TREE,243.64408707618713,,100,50,0.25,Cherry,all_25_combos_master,2026-10-04T08:57:40.983006
3_100_tips,148.0,0.7628865979381443,0.797118156200001,0.1226411848292723,100,,IQ-TREE,243.64408707618713,,100,50,0.25,Cherry,all_25_combos_master,2026-10-04T08:57:40.983006
10_100_tips,154.0,0.7938144329896907,0.9407797169000012,0.168846444260545,100,,IQ-TREE,243.64408707618713,,100,50,0.25,Cherry,all_25_combos_master,2026-10-04T08:57:40.983006
4_100_tips,143.0,1.0,1.8608377645,0.2883670412459945,100,,FastME,0.21862578392028809,,100,50,0.25,Cherry,all_25_combos_master,2026-10-04T08:57:40.983006
9_100_tips,143.0,1.0,1.8739484134,0.2690344358097988,100,,FastME,0.21862578392028809,,100,50,0.25,Cherry,all_25_combos_master,2026-10-04T08:57:40.983006
2_100_tips,152.0,1.0,1.8508581562,0.2713277022862234,100,,FastME,0.21862578392028809,,100,50,0.25,Cherry,all_25_combos_master,2026-10-04T08:57:40.983006
19_100_tips,168.0,1.0,2.663193828,0.3152578817568951,100,,FastME,0.21862578392028809,,100,50,0.25,Cherry,all_25_combos_master,2026-10-04T08:57:40.983006
18_100_tips,139.0,1.0,1.8431207154,0.289215060266776,100,,FastME,0.21862578392028809,,100,50,0.25,Cherry,all_25_combos_master,2026-10-04T08:57:40.983006
11_100_tips,144.0,1.0,1.7552379616000002,0.2943214474747321,100,,FastME,0.21862578392028809,,100,50,0.25,Cherry,all_25_combos_master,2026-10-04T08:57:40.983006
8_100_tips,160.0,1.0,2.41175221328,0.2997698711170358,100,,FastME,0.21862578392028809,,100,50,0.25,Cherry,all_25_combos_master,2026-10-04T08:57:40.983006
12_100_tips,153.0,1.0,2.3774220650020004,0.2927700252027536,100,,FastME,0.21862578392028809,,100,50,0.25,Cherry,all_25_combos_master,2026-10-04T08:57:40.983006
15_100_tips,158.0,1.0,2.1662376197799995,0.3091146768000088,100,,FastME,0.21862578392028809,,100,50,0.25,Cherry,all_25_combos_master,2026-10-04T08:57:40.983006
7_100_tips,158.0,1.0,2.200989674,0.3022455238346656,100,,FastME,0.21862578392028809,,100,50,0.25,Cherry,all_25_combos_master,2026-10-04T08:57:40.983006
1_100_tips,155.0,1.0,2.1346749895999984,0.2744333796731178,100,,FastME,0.21862578392028809,,100,50,0.25,Cherry,all_25_combos_master,2026-10-04T08:57:40.983006
5_100_tips,130.0,1.0,1.0141459483999995,0.1687097339114875,100,,FastME,0.21862578392028809,,100,50,0.25,Cherry,all_25_combos_master,2026-10-04T08:57:40.983006
13_100_tips,159.0,1.0,2.029824250100001,0.260220483476728,100,,FastME,0.21862578392028809,,100,50,0.25,Cherry,all_25_combos_master,2026-10-04T08:57:40.983006
0_100_tips,132.0,1.0,1.5726272244,0.2410108793230033,100,,FastME,0.21862578392028809,,100,50,0.25,Cherry,all_25_combos_master,2026-10-04T08:57:40.983006
16_100_tips,145.0,1.0,1.6393175227000008,0.2693627723093793,100,,FastME,0.21862578392028809,,100,50,0.25,Cherry,all_25_combos_master,2026-10-04T08:57:40.983006
6_100_tips,141.0,1.0,1.2782080711,0.1866693611500229,100,,FastME,0.21862578392028809,,100,50,0.25,Cherry,all_25_combos_master,2026-10-04T08:57:40.983006
14_100_tips,136.0,1.0,1.6342387917999994,0.2753567745309353,100,,FastME,0.21862578392028809,,100,50,0.25,Cherry,all_25_combos_master,2026-10-04T08:57:40.983006
17_100_tips,128.0,1.0,1.04992964779,0.1854097638272873,100,,FastME,0.21862578392028809,,100,50,0.25,Cherry,all_25_combos_master,2026-10-04T08:57:40.983006
3_100_tips,144.0,1.0,1.3138464285,0.1684282172190168,100,,FastME,0.21862578392028809,,100,50,0.25,Cherry,all_25_combos_master,2026-10-04T08:57:40.983006
10_100_tips,141.0,1.0,1.918185681000002,0.3030590533458051,100,,FastME,0.21862578392028809,,100,50,0.25,Cherry,all_25_combos_master,2026-10-04T08:57:40.983006
4_100_tips,110.0,0.5670103092783505,0.8167012844999997,0.1414147950511045,100,,Phyloformer,19.32761859893799,0.0,100,100,0.25,Cherry,all_25_combos_master,2026-10-04T08:57:40.983006
9_100_tips,112.0,0.5773195876288659,1.0074682133999993,0.1715969702101645,100,,Phyloformer,19.32761859893799,0.0,100,100,0.25,Cherry,all_25_combos_master,2026-10-04T08:57:40.983006
2_100_tips,94.0,0.4845360824742268,0.7245281341999998,0.1224801085286478,100,,Phyloformer,19.32761859893799,0.0,100,100,0.25,Cherry,all_25_combos_master,2026-10-04T08:57:40.983006
19_100_tips,74.0,0.3814432989690721,1.1258325959999995,0.1516634082979266,100,,Phyloformer,19.32761859893799,0.0,100,100,0.25,Cherry,all_25_combos_master,2026-10-04T08:57:40.983006
18_100_tips,110.0,0.5670103092783505,0.7842544634000003,0.1307533242306454,100,,Phyloformer,19.32761859893799,0.0,100,100,0.25,Cherry,all_25_combos_master,2026-10-04T08:57:40.983006
11_100_tips,132.0,0.6804123711340206,0.6871935316000002,0.121096679713651,100,,Phyloformer,19.32761859893799,0.0,100,100,0.25,Cherry,all_25_combos_master,2026-10-04T08:57:40.983006
8_100_tips,98.0,0.5051546391752577,1.0015356532799995,0.1432131033507402,100,,Phyloformer,19.32761859893799,0.0,100,100,0.25,Cherry,all_25_combos_master,2026-10-04T08:57:40.983006
12_100_tips,108.0,0.5567010309278351,1.0741401570019995,0.166743614180964,100,,Phyloformer,19.32761859893799,0.0,100,100,0.25,Cherry,all_25_combos_master,2026-10-04T08:57:40.983006
15_100_tips,124.0,0.6391752577319587,0.9532201417800004,0.141898331164831,100,,Phyloformer,19.32761859893799,0.0,100,100,0.25,Cherry,all_25_combos_master,2026-10-04T08:57:40.983006
7_100_tips,96.0,0.4948453608247423,0.9364430680000004,0.1402178444870551,100,,Phyloformer,19.32761859893799,0.0,100,100,0.25,Cherry,all_25_combos_master,2026-10-04T08:57:40.983006
1_100_tips,88.0,0.4536082474226804,1.0010455436,0.1605107823977665,100,,Phyloformer,19.32761859893799,0.0,100,100,0.25,Cherry,all_25_combos_master,2026-10-04T08:57:40.983006
5_100_tips,128.0,0.6597938144329897,0.4381787684,0.0797665531372976,100,,Phyloformer,19.32761859893799,0.0,100,100,0.25,Cherry,all_25_combos_master,2026-10-04T08:57:40.983006
13_100_tips,106.0,0.5463917525773195,0.9091421241000004,0.1359232330348149,100,,Phyloformer,19.32761859893799,0.0,100,100,0.25,Cherry,all_25_combos_master,2026-10-04T08:57:40.983006
0_100_tips,116.0,0.5979381443298969,0.6766950444000004,0.1043880803493275,100,,Phyloformer,19.32761859893799,0.0,100,100,0.25,Cherry,all_25_combos_master,2026-10-04T08:57:40.983006
16_100_tips,140.0,0.7216494845360825,0.7641469487000003,0.1217418409153267,100,,Phyloformer,19.32761859893799,0.0,100,100,0.25,Cherry,all_25_combos_master,2026-10-04T08:57:40.983006
6_100_tips,148.0,0.7628865979381443,0.6486289271000003,0.1008616947741367,100,,Phyloformer,19.32761859893799,0.0,100,100,0.25,Cherry,all_25_combos_master,2026-10-04T08:57:40.983006
14_100_tips,130.0,0.6701030927835051,0.7526108457999998,0.1487753198608857,100,,Phyloformer,19.32761859893799,0.0,100,100,0.25,Cherry,all_25_combos_master,2026-10-04T08:57:40.983006
17_100_tips,142.0,0.7319587628865979,0.5159987777899999,0.084545847097214,100,,Phyloformer,19.32761859893799,0.0,100,100,0.25,Cherry,all_25_combos_master,2026-10-04T08:57:40.983006
3_100_tips,122.0,0.6288659793814433,0.6763029465,0.0965893418179559,100,,Phyloformer,19.32761859893799,0.0,100,100,0.25,Cherry,all_25_combos_master,2026-10-04T08:57:40.983006
10_100_tips,106.0,0.5463917525773195,0.8638783330000002,0.1515911570201562,100,,Phyloformer,19.32761859893799,0.0,100,100,0.25,Cherry,all_25_combos_master,2026-10-04T08:57:40.983006
4_100_tips,112.0,0.5773195876288659,0.8064227822000007,0.1344352837093911,100,,IQ-TREE,435.55867290496826,,100,100,0.25,Cherry,all_25_combos_master,2026-10-04T08:57:40.983006
9_100_tips,120.0,0.6185567010309279,0.965468737700001,0.1668290740829432,100,,IQ-TREE,435.55867290496826,,100,100,0.25,Cherry,all_25_combos_master,2026-10-04T08:57:40.983006
2_100_tips,118.0,0.6082474226804123,0.7087511432000003,0.1207167533814859,100,,IQ-TREE,435.55867290496826,,100,100,0.25,Cherry,all_25_combos_master,2026-10-04T08:57:40.983006
19_100_tips,96.0,0.4948453608247423,1.0490102926999971,0.1486739823583487,100,,IQ-TREE,435.55867290496826,,100,100,0.25,Cherry,all_25_combos_master,2026-10-04T08:57:40.983006
18_100_tips,114.0,0.5876288659793815,0.6787768719000008,0.1224172574450686,100,,IQ-TREE,435.55867290496826,,100,100,0.25,Cherry,all_25_combos_master,2026-10-04T08:57:40.983006
11_100_tips,144.0,0.7422680412371134,0.6636401389000005,0.1140138996755499,100,,IQ-TREE,435.55867290496826,,100,100,0.25,Cherry,all_25_combos_master,2026-10-04T08:57:40.983006
8_100_tips,110.0,0.5670103092783505,0.9343726229800008,0.1363491498281954,100,,IQ-TREE,435.55867290496826,,100,100,0.25,Cherry,all_25_combos_master,2026-10-04T08:57:40.983006
12_100_tips,124.0,0.6391752577319587,1.0448455618019954,0.1688630814365611,100,,IQ-TREE,435.55867290496826,,100,100,0.25,Cherry,all_25_combos_master,2026-10-04T08:57:40.983006
15_100_tips,130.0,0.6701030927835051,0.8955339734800012,0.1373764853356535,100,,IQ-TREE,435.55867290496826,,100,100,0.25,Cherry,all_25_combos_master,2026-10-04T08:57:40.983006
7_100_tips,106.0,0.5463917525773195,0.8554037202000014,0.1340123429325629,100,,IQ-TREE,435.55867290496826,,100,100,0.25,Cherry,all_25_combos_master,2026-10-04T08:57:40.983006
1_100_tips,92.0,0.4742268041237113,0.9847257137000006,0.1605926517529818,100,,IQ-TREE,435.55867290496826,,100,100,0.25,Cherry,all_25_combos_master,2026-10-04T08:57:40.983006
13_100_tips,118.0,0.6082474226804123,0.8580166065000011,0.1323209335879834,100,,IQ-TREE,435.55867290496826,,100,100,0.25,Cherry,all_25_combos_master,2026-10-04T08:57:40.983006
5_100_tips,154.0,0.7938144329896907,0.4393493506999992,0.0813313264866361,100,,IQ-TREE,435.55867290496826,,100,100,0.25,Cherry,all_25_combos_master,2026-10-04T08:57:40.983006
0_100_tips,128.0,0.6597938144329897,0.5824770622000012,0.0968723067187067,100,,IQ-TREE,435.55867290496826,,100,100,0.25,Cherry,all_25_combos_master,2026-10-04T08:57:40.983006
16_100_tips,142.0,0.7319587628865979,0.6844377537000008,0.1095218721445555,100,,IQ-TREE,435.55867290496826,,100,100,0.25,Cherry,all_25_combos_master,2026-10-04T08:57:40.983006
6_100_tips,150.0,0.7731958762886598,0.5293087505000015,0.0792212954690309,100,,IQ-TREE,435.55867290496826,,100,100,0.25,Cherry,all_25_combos_master,2026-10-04T08:57:40.983006
14_100_tips,146.0,0.7525773195876289,0.7232556234000007,0.140620112035748,100,,IQ-TREE,435.55867290496826,,100,100,0.25,Cherry,all_25_combos_master,2026-10-04T08:57:40.983006
17_100_tips,130.0,0.6701030927835051,0.4605256497899991,0.0836876368144593,100,,IQ-TREE,435.55867290496826,,100,100,0.25,Cherry,all_25_combos_master,2026-10-04T08:57:40.983006
3_100_tips,124.0,0.6391752577319587,0.603882213500001,0.0893811375792335,100,,IQ-TREE,435.55867290496826,,100,100,0.25,Cherry,all_25_combos_master,2026-10-04T08:57:40.983006
10_100_tips,120.0,0.6185567010309279,0.7663774866000013,0.141462731264835,100,,IQ-TREE,435.55867290496826,,100,100,0.25,Cherry,all_25_combos_master,2026-10-04T08:57:40.983006
4_100_tips,165.0,1.0,2.0006112844999997,0.3086297793689078,100,,FastME,0.3229973316192627,,100,100,0.25,Cherry,all_25_combos_master,2026-10-04T08:57:40.983006
9_100_tips,166.0,1.0,1.8518834234,0.2721903702966075,100,,FastME,0.3229973316192627,,100,100,0.25,Cherry,all_25_combos_master,2026-10-04T08:57:40.983006
2_100_tips,163.0,1.0,1.9047408962000008,0.2597703739111954,100,,FastME,0.3229973316192627,,100,100,0.25,Cherry,all_25_combos_master,2026-10-04T08:57:40.983006
19_100_tips,178.0,1.0,2.671865528,0.3182123908013567,100,,FastME,0.3229973316192627,,100,100,0.25,Cherry,all_25_combos_master,2026-10-04T08:57:40.983006
18_100_tips,162.0,1.0,1.792568645400001,0.2701601215301847,100,,FastME,0.3229973316192627,,100,100,0.25,Cherry,all_25_combos_master,2026-10-04T08:57:40.983006
11_100_tips,153.0,1.0,1.7073095616000011,0.2964022015799581,100,,FastME,0.3229973316192627,,100,100,0.25,Cherry,all_25_combos_master,2026-10-04T08:57:40.983006
8_100_tips,161.0,1.0,2.3691552632799997,0.2907398328634783,100,,FastME,0.3229973316192627,,100,100,0.25,Cherry,all_25_combos_master,2026-10-04T08:57:40.983006
12_100_tips,174.0,1.0,2.138297375002,0.2713044576362387,100,,FastME,0.3229973316192627,,100,100,0.25,Cherry,all_25_combos_master,2026-10-04T08:57:40.983006
15_100_tips,164.0,1.0,1.986436539780001,0.2944130952153706,100,,FastME,0.3229973316192627,,100,100,0.25,Cherry,all_25_combos_master,2026-10-04T08:57:40.983006
7_100_tips,174.0,1.0,2.111335034000001,0.2760468223542703,100,,FastME,0.3229973316192627,,100,100,0.25,Cherry,all_25_combos_master,2026-10-04T08:57:40.983006
1_100_tips,177.0,1.0,2.3851622595999995,0.2958619555979374,100,,FastME,0.3229973316192627,,100,100,0.25,Cherry,all_25_combos_master,2026-10-04T08:57:40.983006
5_100_tips,137.0,1.0,1.0234924984000002,0.174068818037956,100,,FastME,0.3229973316192627,,100,100,0.25,Cherry,all_25_combos_master,2026-10-04T08:57:40.983006
13_100_tips,169.0,1.0,1.9318809201,0.2509822440044513,100,,FastME,0.3229973316192627,,100,100,0.25,Cherry,all_25_combos_master,2026-10-04T08:57:40.983006
0_100_tips,160.0,1.0,1.571130744400001,0.227614603142277,100,,FastME,0.3229973316192627,,100,100,0.25,Cherry,all_25_combos_master,2026-10-04T08:57:40.983006
16_100_tips,157.0,1.0,1.788204742699999,0.2829819061835366,100,,FastME,0.3229973316192627,,100,100,0.25,Cherry,all_25_combos_master,2026-10-04T08:57:40.983006
6_100_tips,157.0,1.0,1.2017523211,0.1696475025917575,100,,FastME,0.3229973316192627,,100,100,0.25,Cherry,all_25_combos_master,2026-10-04T08:57:40.983006
14_100_tips,138.0,1.0,1.4848973817999995,0.2486139766957708,100,,FastME,0.3229973316192627,,100,100,0.25,Cherry,all_25_combos_master,2026-10-04T08:57:40.983006
17_100_tips,153.0,1.0,1.05998078779,0.1620502877847185,100,,FastME,0.3229973316192627,,100,100,0.25,Cherry,all_25_combos_master,2026-10-04T08:57:40.983006
3_100_tips,162.0,1.0,1.2754219585000006,0.1527279717344076,100,,FastME,0.3229973316192627,,100,100,0.25,Cherry,all_25_combos_master,2026-10-04T08:57:40.983006
10_100_tips,154.0,1.0,1.856073201,0.2773937208278085,100,,FastME,0.3229973316192627,,100,100,0.25,Cherry,all_25_combos_master,2026-10-04T08:57:40.983006
4_100_tips,92.0,0.4742268041237113,0.8118756045000002,0.1466852380050493,100,,Phyloformer,33.2348952293396,0.0,100,200,0.25,Cherry,all_25_combos_master,2026-10-04T08:57:40.983006
9_100_tips,70.0,0.3608247422680412,0.7429261685999998,0.1253289486527526,100,,Phyloformer,33.2348952293396,0.0,100,200,0.25,Cherry,all_25_combos_master,2026-10-04T08:57:40.983006
2_100_tips,70.0,0.3608247422680412,0.6570248282000001,0.1117040381964934,100,,Phyloformer,33.2348952293396,0.0,100,200,0.25,Cherry,all_25_combos_master,2026-10-04T08:57:40.983006
19_100_tips,48.0,0.2474226804123711,0.906579664,0.1293071512157162,100,,Phyloformer,33.2348952293396,0.0,100,200,0.25,Cherry,all_25_combos_master,2026-10-04T08:57:40.983006
18_100_tips,110.0,0.5670103092783505,0.7006611333999994,0.1290762660732828,100,,Phyloformer,33.2348952293396,0.0,100,200,0.25,Cherry,all_25_combos_master,2026-10-04T08:57:40.983006
11_100_tips,108.0,0.5567010309278351,0.6066913915999994,0.121717098593808,100,,Phyloformer,33.2348952293396,0.0,100,200,0.25,Cherry,all_25_combos_master,2026-10-04T08:57:40.983006
12_100_tips,60.0,0.3092783505154639,0.8020970870020001,0.1276139212932731,100,,Phyloformer,33.2348952293396,0.0,100,200,0.25,Cherry,all_25_combos_master,2026-10-04T08:57:40.983006
8_100_tips,68.0,0.3505154639175257,0.91453810072,0.1391526634465821,100,,Phyloformer,33.2348952293396,0.0,100,200,0.25,Cherry,all_25_combos_master,2026-10-04T08:57:40.983006
7_100_tips,76.0,0.3917525773195876,0.7977715440000003,0.1227344725965494,100,,Phyloformer,33.2348952293396,0.0,100,200,0.25,Cherry,all_25_combos_master,2026-10-04T08:57:40.983006
15_100_tips,90.0,0.4639175257731959,0.6805366117799996,0.1189460166497688,100,,Phyloformer,33.2348952293396,0.0,100,200,0.25,Cherry,all_25_combos_master,2026-10-04T08:57:40.983006
1_100_tips,62.0,0.3195876288659793,0.8319176395999996,0.1436235289508251,100,,Phyloformer,33.2348952293396,0.0,100,200,0.25,Cherry,all_25_combos_master,2026-10-04T08:57:40.983006
5_100_tips,122.0,0.6288659793814433,0.4216817084000001,0.0879784519244964,100,,Phyloformer,33.2348952293396,0.0,100,200,0.25,Cherry,all_25_combos_master,2026-10-04T08:57:40.983006
13_100_tips,68.0,0.3505154639175257,0.7727238958999997,0.1285069257558722,100,,Phyloformer,33.2348952293396,0.0,100,200,0.25,Cherry,all_25_combos_master,2026-10-04T08:57:40.983006
0_100_tips,88.0,0.4536082474226804,0.6178280423999999,0.1151406465455838,100,,Phyloformer,33.2348952293396,0.0,100,200,0.25,Cherry,all_25_combos_master,2026-10-04T08:57:40.983006
16_100_tips,90.0,0.4639175257731959,0.7142051827000006,0.1458239204063596,100,,Phyloformer,33.2348952293396,0.0,100,200,0.25,Cherry,all_25_combos_master,2026-10-04T08:57:40.983006
6_100_tips,110.0,0.5670103092783505,0.4829221810999998,0.0740415280952547,100,,Phyloformer,33.2348952293396,0.0,100,200,0.25,Cherry,all_25_combos_master,2026-10-04T08:57:40.983006
14_100_tips,120.0,0.6185567010309279,0.6488294617999995,0.1250743379384815,100,,Phyloformer,33.2348952293396,0.0,100,200,0.25,Cherry,all_25_combos_master,2026-10-04T08:57:40.983006
17_100_tips,116.0,0.5979381443298969,0.4955061777899999,0.077796255390489,100,,Phyloformer,33.2348952293396,0.0,100,200,0.25,Cherry,all_25_combos_master,2026-10-04T08:57:40.983006
3_100_tips,72.0,0.3711340206185567,0.5480568225,0.0766354331435365,100,,Phyloformer,33.2348952293396,0.0,100,200,0.25,Cherry,all_25_combos_master,2026-10-04T08:57:40.983006
10_100_tips,100.0,0.5154639175257731,0.769770161,0.1357060897031841,100,,Phyloformer,33.2348952293396,0.0,100,200,0.25,Cherry,all_25_combos_master,2026-10-04T08:57:40.983006
4_100_tips,94.0,0.4845360824742268,0.742032468200001,0.1332565779702886,100,,IQ-TREE,718.730265378952,,100,200,0.25,Cherry,all_25_combos_master,2026-10-04T08:57:40.983006
9_100_tips,74.0,0.3814432989690721,0.6950842501000005,0.1221464059771985,100,,IQ-TREE,718.730265378952,,100,200,0.25,Cherry,all_25_combos_master,2026-10-04T08:57:40.983006
19_100_tips,58.0,0.2989690721649484,0.8555415273000009,0.1232585075403284,100,,IQ-TREE,718.730265378952,,100,200,0.25,Cherry,all_25_combos_master,2026-10-04T08:57:40.983006
2_100_tips,92.0,0.4742268041237113,0.6572447305000002,0.1070630771084278,100,,IQ-TREE,718.730265378952,,100,200,0.25,Cherry,all_25_combos_master,2026-10-04T08:57:40.983006
11_100_tips,112.0,0.5773195876288659,0.5725662091000011,0.1164643935662793,100,,IQ-TREE,718.730265378952,,100,200,0.25,Cherry,all_25_combos_master,2026-10-04T08:57:40.983006
18_100_tips,110.0,0.5670103092783505,0.6230799548000009,0.119865830371095,100,,IQ-TREE,718.730265378952,,100,200,0.25,Cherry,all_25_combos_master,2026-10-04T08:57:40.983006
12_100_tips,66.0,0.3402061855670103,0.7760952714020005,0.1307526093243079,100,,IQ-TREE,718.730265378952,,100,200,0.25,Cherry,all_25_combos_master,2026-10-04T08:57:40.983006
8_100_tips,80.0,0.4123711340206185,0.8481889807800013,0.1387098032918794,100,,IQ-TREE,718.730265378952,,100,200,0.25,Cherry,all_25_combos_master,2026-10-04T08:57:40.983006
7_100_tips,78.0,0.4020618556701031,0.7234893219000008,0.1147758256031525,100,,IQ-TREE,718.730265378952,,100,200,0.25,Cherry,all_25_combos_master,2026-10-04T08:57:40.983006
15_100_tips,94.0,0.4845360824742268,0.6202930996800012,0.1119040299525629,100,,IQ-TREE,718.730265378952,,100,200,0.25,Cherry,all_25_combos_master,2026-10-04T08:57:40.983006
1_100_tips,76.0,0.3917525773195876,0.817266324000001,0.1407391106714459,100,,IQ-TREE,718.730265378952,,100,200,0.25,Cherry,all_25_combos_master,2026-10-04T08:57:40.983006
5_100_tips,120.0,0.6185567010309279,0.3989647895999995,0.0852621617814576,100,,IQ-TREE,718.730265378952,,100,200,0.25,Cherry,all_25_combos_master,2026-10-04T08:57:40.983006
13_100_tips,82.0,0.422680412371134,0.7175472617000009,0.1244044299664285,100,,IQ-TREE,718.730265378952,,100,200,0.25,Cherry,all_25_combos_master,2026-10-04T08:57:40.983006
0_100_tips,106.0,0.5463917525773195,0.5760551629000011,0.1093341433813855,100,,IQ-TREE,718.730265378952,,100,200,0.25,Cherry,all_25_combos_master,2026-10-04T08:57:40.983006
16_100_tips,82.0,0.422680412371134,0.7039966536000007,0.1408779802729032,100,,IQ-TREE,718.730265378952,,100,200,0.25,Cherry,all_25_combos_master,2026-10-04T08:57:40.983006
6_100_tips,114.0,0.5876288659793815,0.4623151497999986,0.073865538137753,100,,IQ-TREE,718.730265378952,,100,200,0.25,Cherry,all_25_combos_master,2026-10-04T08:57:40.983006
17_100_tips,167.0,1.0,1.0263310257900005,0.1612600124892396,100,,IQ-TREE,718.730265378952,,100,200,0.25,Cherry,all_25_combos_master,2026-10-04T08:57:40.983006
14_100_tips,116.0,0.5979381443298969,0.5833110815000009,0.1208004033566238,100,,IQ-TREE,718.730265378952,,100,200,0.25,Cherry,all_25_combos_master,2026-10-04T08:57:40.983006
10_100_tips,116.0,0.5979381443298969,0.7334381661000011,0.1286256710621151,100,,IQ-TREE,718.730265378952,,100,200,0.25,Cherry,all_25_combos_master,2026-10-04T08:57:40.983006
3_100_tips,94.0,0.4845360824742268,0.5107566325000011,0.0749076342113281,100,,IQ-TREE,718.730265378952,,100,200,0.25,Cherry,all_25_combos_master,2026-10-04T08:57:40.983006
4_100_tips,178.0,1.0,1.9373541344999996,0.2856772666526155,100,,FastME,0.48051905632019043,,100,200,0.25,Cherry,all_25_combos_master,2026-10-04T08:57:40.983006
9_100_tips,182.0,1.0,2.0920415034000004,0.2722165206205138,100,,FastME,0.48051905632019043,,100,200,0.25,Cherry,all_25_combos_master,2026-10-04T08:57:40.983006
2_100_tips,170.0,1.0,1.9598980461999984,0.2737477605206449,100,,FastME,0.48051905632019043,,100,200,0.25,Cherry,all_25_combos_master,2026-10-04T08:57:40.983006
19_100_tips,191.0,1.0,2.669549668000001,0.3155946784617465,100,,FastME,0.48051905632019043,,100,200,0.25,Cherry,all_25_combos_master,2026-10-04T08:57:40.983006
18_100_tips,168.0,1.0,1.7130146353999995,0.2535878930163875,100,,FastME,0.48051905632019043,,100,200,0.25,Cherry,all_25_combos_master,2026-10-04T08:57:40.983006
11_100_tips,171.0,1.0,1.708919731600001,0.2906850868053092,100,,FastME,0.48051905632019043,,100,200,0.25,Cherry,all_25_combos_master,2026-10-04T08:57:40.983006
8_100_tips,182.0,1.0,2.3962550632800017,0.2899052433898368,100,,FastME,0.48051905632019043,,100,200,0.25,Cherry,all_25_combos_master,2026-10-04T08:57:40.983006
12_100_tips,187.0,1.0,2.294255955002001,0.2693099823993455,100,,FastME,0.48051905632019043,,100,200,0.25,Cherry,all_25_combos_master,2026-10-04T08:57:40.983006
15_100_tips,181.0,1.0,2.0499341697800006,0.27980380739313,100,,FastME,0.48051905632019043,,100,200,0.25,Cherry,all_25_combos_master,2026-10-04T08:57:40.983006
7_100_tips,186.0,1.0,2.162799354000001,0.2911801554581912,100,,FastME,0.48051905632019043,,100,200,0.25,Cherry,all_25_combos_master,2026-10-04T08:57:40.983006
1_100_tips,184.0,1.0,2.4052074195999995,0.2927202407718867,100,,FastME,0.48051905632019043,,100,200,0.25,Cherry,all_25_combos_master,2026-10-04T08:57:40.983006
5_100_tips,154.0,1.0,1.0264044183999996,0.1689186463854734,100,,FastME,0.48051905632019043,,100,200,0.25,Cherry,all_25_combos_master,2026-10-04T08:57:40.983006
13_100_tips,181.0,1.0,1.9465416401000009,0.2513489116881515,100,,FastME,0.48051905632019043,,100,200,0.25,Cherry,all_25_combos_master,2026-10-04T08:57:40.983006
0_100_tips,174.0,1.0,1.5054207744000003,0.2105878655531561,100,,FastME,0.48051905632019043,,100,200,0.25,Cherry,all_25_combos_master,2026-10-04T08:57:40.983006
16_100_tips,188.0,1.0,1.6486855826999998,0.2506589342087129,100,,FastME,0.48051905632019043,,100,200,0.25,Cherry,all_25_combos_master,2026-10-04T08:57:40.983006
6_100_tips,184.0,1.0,1.1893480210999998,0.160854280908148,100,,FastME,0.48051905632019043,,100,200,0.25,Cherry,all_25_combos_master,2026-10-04T08:57:40.983006
14_100_tips,166.0,1.0,1.4119959618000006,0.2438947021836167,100,,FastME,0.48051905632019043,,100,200,0.25,Cherry,all_25_combos_master,2026-10-04T08:57:40.983006
17_100_tips,167.0,1.0,1.0301733377899998,0.1595879009161332,100,,FastME,0.48051905632019043,,100,200,0.25,Cherry,all_25_combos_master,2026-10-04T08:57:40.983006
3_100_tips,170.0,1.0,1.1603249485,0.135809441073495,100,,FastME,0.48051905632019043,,100,200,0.25,Cherry,all_25_combos_master,2026-10-04T08:57:40.983006
10_100_tips,163.0,1.0,1.7992901109999997,0.2730923241830222,100,,FastME,0.48051905632019043,,100,200,0.25,Cherry,all_25_combos_master,2026-10-04T08:57:40.983006
