id,rf,norm_rf,weighted_rf,kf_score,n_tips,marker,method,runtime_seconds,gpu_memory_mb,requested_trees_per_tip_size,allow_duplicate_sequences,successful_alignments_for_tip_size,combo_name,model,clock_rate,seq_length,tree_type,n_per_size,saved_at
18_20_tips,4.0,0.1176470588235294,0.0390710707199999,0.0112460252954797,20,,IQ-TREE,,,20,True,20,TreeSize_SequenceLength,LG,1.0,500,birth-death,20,2026-09-19T16:12:43.930112
15_200_tips,38.0,0.0964467005076142,7.4522416993,1.971556837496499,200,,IQ-TREE,,,20,True,20,TreeSize_SequenceLength,LG,1.0,500,birth-death,20,2026-09-19T16:12:43.930112
16_20_tips,2.0,0.0588235294117647,0.1046025162,0.0434815662286089,20,,IQ-TREE,,,20,True,20,TreeSize_SequenceLength,LG,1.0,500,birth-death,20,2026-09-19T16:12:43.930112
17_20_tips,10.0,0.2941176470588235,0.2266355429,0.1265953921620868,20,,IQ-TREE,,,20,True,20,TreeSize_SequenceLength,LG,1.0,500,birth-death,20,2026-09-19T16:12:43.930112
7_200_tips,92.0,0.233502538071066,0.5418712343700008,0.0588443649536068,200,,IQ-TREE,,,20,True,20,TreeSize_SequenceLength,LG,1.0,500,birth-death,20,2026-09-19T16:12:43.930112
11_10_tips,4.0,0.2857142857142857,0.5842852347000002,0.2749617283570669,10,,IQ-TREE,,,20,True,20,TreeSize_SequenceLength,LG,1.0,500,birth-death,20,2026-09-19T16:12:43.930112
19_100_tips,16.0,0.0824742268041237,0.4567857381999999,0.0811564008633827,100,,IQ-TREE,,,20,True,20,TreeSize_SequenceLength,LG,1.0,500,birth-death,20,2026-09-19T16:12:43.930112
4_10_tips,0.0,0.0,0.4307554844,0.2153061497774897,10,,IQ-TREE,,,20,True,20,TreeSize_SequenceLength,LG,1.0,500,birth-death,20,2026-09-19T16:12:43.930112
12_10_tips,2.0,0.1428571428571428,0.8478526284,0.4383387215129068,10,,IQ-TREE,,,20,True,20,TreeSize_SequenceLength,LG,1.0,500,birth-death,20,2026-09-19T16:12:43.930112
16_100_tips,14.0,0.0721649484536082,2.9522753492,0.6878062164511567,100,,IQ-TREE,,,20,True,20,TreeSize_SequenceLength,LG,1.0,500,birth-death,20,2026-09-19T16:12:43.930112
18_10_tips,2.0,0.1428571428571428,3.9173241043,2.0030722963159526,10,,IQ-TREE,,,20,True,20,TreeSize_SequenceLength,LG,1.0,500,birth-death,20,2026-09-19T16:12:43.930112
10_50_tips,4.0,0.0425531914893617,1.8534050187,0.5156212610418994,50,,IQ-TREE,,,20,True,20,TreeSize_SequenceLength,LG,1.0,500,birth-death,20,2026-09-19T16:12:43.930112
14_100_tips,12.0,0.0618556701030927,4.424067694400001,1.0282797436243427,100,,IQ-TREE,,,20,True,20,TreeSize_SequenceLength,LG,1.0,500,birth-death,20,2026-09-19T16:12:43.930112
8_20_tips,2.0,0.0588235294117647,2.3233063551000006,0.7892915791954074,20,,IQ-TREE,,,20,True,20,TreeSize_SequenceLength,LG,1.0,500,birth-death,20,2026-09-19T16:12:43.930112
0_100_tips,14.0,0.0721649484536082,4.948765217799998,1.6375433475803467,100,,IQ-TREE,,,20,True,20,TreeSize_SequenceLength,LG,1.0,500,birth-death,20,2026-09-19T16:12:43.930112
11_100_tips,14.0,0.0721649484536082,1.6784345476999991,0.3136545386507142,100,,IQ-TREE,,,20,True,20,TreeSize_SequenceLength,LG,1.0,500,birth-death,20,2026-09-19T16:12:43.930112
4_20_tips,0.0,0.0,0.4584262591,0.19956206949739,20,,IQ-TREE,,,20,True,20,TreeSize_SequenceLength,LG,1.0,500,birth-death,20,2026-09-19T16:12:43.930112
12_100_tips,124.0,0.6391752577319587,0.08544365882,0.0131552484772424,100,,IQ-TREE,,,20,True,20,TreeSize_SequenceLength,LG,1.0,500,birth-death,20,2026-09-19T16:12:43.930112
5_50_tips,34.0,0.3617021276595745,0.1221782455999999,0.0259102476621125,50,,IQ-TREE,,,20,True,20,TreeSize_SequenceLength,LG,1.0,500,birth-death,20,2026-09-19T16:12:43.930112
2_100_tips,40.0,0.2061855670103092,0.3361642894599994,0.0507171621886128,100,,IQ-TREE,,,20,True,20,TreeSize_SequenceLength,LG,1.0,500,birth-death,20,2026-09-19T16:12:43.930112
7_20_tips,4.0,0.1176470588235294,0.9319181630000002,0.3400457441520368,20,,IQ-TREE,,,20,True,20,TreeSize_SequenceLength,LG,1.0,500,birth-death,20,2026-09-19T16:12:43.930112
3_50_tips,8.0,0.0851063829787234,0.5121766693999998,0.1313072139364352,50,,IQ-TREE,,,20,True,20,TreeSize_SequenceLength,LG,1.0,500,birth-death,20,2026-09-19T16:12:43.930112
0_10_tips,2.0,0.1428571428571428,0.4803832662999999,0.2258431356210955,10,,IQ-TREE,,,20,True,20,TreeSize_SequenceLength,LG,1.0,500,birth-death,20,2026-09-19T16:12:43.930112
6_50_tips,6.0,0.0638297872340425,4.1857670733,1.2989186243578048,50,,IQ-TREE,,,20,True,20,TreeSize_SequenceLength,LG,1.0,500,birth-death,20,2026-09-19T16:12:43.930112
13_200_tips,40.0,0.1015228426395939,15.3034294067,2.9307690618512034,200,,IQ-TREE,,,20,True,20,TreeSize_SequenceLength,LG,1.0,500,birth-death,20,2026-09-19T16:12:43.930112
0_50_tips,6.0,0.0638297872340425,12.138365538000002,3.4954572072582883,50,,IQ-TREE,,,20,True,20,TreeSize_SequenceLength,LG,1.0,500,birth-death,20,2026-09-19T16:12:43.930112
8_10_tips,0.0,0.0,7.1404140859,3.1942978585208435,10,,IQ-TREE,,,20,True,20,TreeSize_SequenceLength,LG,1.0,500,birth-death,20,2026-09-19T16:12:43.930112
17_10_tips,2.0,0.1428571428571428,15.0577493385,7.55487289722762,10,,IQ-TREE,,,20,True,20,TreeSize_SequenceLength,LG,1.0,500,birth-death,20,2026-09-19T16:12:43.930112
2_50_tips,8.0,0.0851063829787234,0.4531185388,0.0868087922761042,50,,IQ-TREE,,,20,True,20,TreeSize_SequenceLength,LG,1.0,500,birth-death,20,2026-09-19T16:12:43.930112
12_50_tips,2.0,0.0212765957446808,0.9685266229,0.2759417730500725,50,,IQ-TREE,,,20,True,20,TreeSize_SequenceLength,LG,1.0,500,birth-death,20,2026-09-19T16:12:43.930112
7_50_tips,6.0,0.0638297872340425,0.1476968025,0.0288430034654717,50,,IQ-TREE,,,20,True,20,TreeSize_SequenceLength,LG,1.0,500,birth-death,20,2026-09-19T16:12:43.930112
15_50_tips,6.0,0.0638297872340425,1.2440049857999995,0.2750321858751622,50,,IQ-TREE,,,20,True,20,TreeSize_SequenceLength,LG,1.0,500,birth-death,20,2026-09-19T16:12:43.930112
11_50_tips,10.0,0.1063829787234042,0.6180546712999999,0.233322362056973,50,,IQ-TREE,,,20,True,20,TreeSize_SequenceLength,LG,1.0,500,birth-death,20,2026-09-19T16:12:43.930112
7_100_tips,68.0,0.3505154639175257,0.1679806982699999,0.0228159199422133,100,,IQ-TREE,,,20,True,20,TreeSize_SequenceLength,LG,1.0,500,birth-death,20,2026-09-19T16:12:43.930112
9_50_tips,8.0,0.0851063829787234,2.8361618902000005,1.9345998303925944,50,,IQ-TREE,,,20,True,20,TreeSize_SequenceLength,LG,1.0,500,birth-death,20,2026-09-19T16:12:43.930112
9_100_tips,6.0,0.0309278350515463,3.165385427599999,0.6275843804771137,100,,IQ-TREE,,,20,True,20,TreeSize_SequenceLength,LG,1.0,500,birth-death,20,2026-09-19T16:12:43.930112
8_50_tips,8.0,0.0851063829787234,1.3313449404000002,0.3941740666014654,50,,IQ-TREE,,,20,True,20,TreeSize_SequenceLength,LG,1.0,500,birth-death,20,2026-09-19T16:12:43.930112
16_200_tips,154.0,0.3908629441624365,0.402858274179998,0.0442304884945561,200,,IQ-TREE,,,20,True,20,TreeSize_SequenceLength,LG,1.0,500,birth-death,20,2026-09-19T16:12:43.930112
15_20_tips,2.0,0.0588235294117647,0.2487576117999999,0.0711425856612605,20,,IQ-TREE,,,20,True,20,TreeSize_SequenceLength,LG,1.0,500,birth-death,20,2026-09-19T16:12:43.930112
3_20_tips,8.0,0.2352941176470588,1.4705841351999998,0.5672728371247007,20,,IQ-TREE,,,20,True,20,TreeSize_SequenceLength,LG,1.0,500,birth-death,20,2026-09-19T16:12:43.930112
14_20_tips,0.0,0.0,0.3834180845999999,0.2236827628633552,20,,IQ-TREE,,,20,True,20,TreeSize_SequenceLength,LG,1.0,500,birth-death,20,2026-09-19T16:12:43.930112
15_10_tips,0.0,0.0,0.8057437808000002,0.4474436898099577,10,,IQ-TREE,,,20,True,20,TreeSize_SequenceLength,LG,1.0,500,birth-death,20,2026-09-19T16:12:43.930112
17_100_tips,12.0,0.0618556701030927,2.277049157400001,0.4650904681817871,100,,IQ-TREE,,,20,True,20,TreeSize_SequenceLength,LG,1.0,500,birth-death,20,2026-09-19T16:12:43.930112
12_200_tips,44.0,0.1116751269035533,10.397678199000008,1.5454422131080705,200,,IQ-TREE,,,20,True,20,TreeSize_SequenceLength,LG,1.0,500,birth-death,20,2026-09-19T16:12:43.930112
5_200_tips,182.0,0.4619289340101523,0.2598138809799986,0.0282307569304038,200,,IQ-TREE,,,20,True,20,TreeSize_SequenceLength,LG,1.0,500,birth-death,20,2026-09-19T16:12:43.930112
7_10_tips,2.0,0.1428571428571428,2.1105048388000003,1.4185106442071571,10,,IQ-TREE,,,20,True,20,TreeSize_SequenceLength,LG,1.0,500,birth-death,20,2026-09-19T16:12:43.930112
5_20_tips,0.0,0.0,3.7636760763,1.2970716211813231,20,,IQ-TREE,,,20,True,20,TreeSize_SequenceLength,LG,1.0,500,birth-death,20,2026-09-19T16:12:43.930112
5_10_tips,0.0,0.0,0.1866165871,0.134568979583799,10,,IQ-TREE,,,20,True,20,TreeSize_SequenceLength,LG,1.0,500,birth-death,20,2026-09-19T16:12:43.930112
11_200_tips,44.0,0.1116751269035533,1.2743064246999989,0.1790615157844269,200,,IQ-TREE,,,20,True,20,TreeSize_SequenceLength,LG,1.0,500,birth-death,20,2026-09-19T16:12:43.930112
4_100_tips,6.0,0.0309278350515463,0.5051101768000003,0.0755460973723226,100,,IQ-TREE,,,20,True,20,TreeSize_SequenceLength,LG,1.0,500,birth-death,20,2026-09-19T16:12:43.930112
14_10_tips,0.0,0.0,0.6506204016999998,0.5692096929025763,10,,IQ-TREE,,,20,True,20,TreeSize_SequenceLength,LG,1.0,500,birth-death,20,2026-09-19T16:12:43.930112
9_10_tips,2.0,0.1428571428571428,3.3482914758,2.2956684197088686,10,,IQ-TREE,,,20,True,20,TreeSize_SequenceLength,LG,1.0,500,birth-death,20,2026-09-19T16:12:43.930112
6_10_tips,0.0,0.0,2.1123245642,1.5243224554072368,10,,IQ-TREE,,,20,True,20,TreeSize_SequenceLength,LG,1.0,500,birth-death,20,2026-09-19T16:12:43.930112
5_100_tips,12.0,0.0618556701030927,2.3576670548,0.5289557217964265,100,,IQ-TREE,,,20,True,20,TreeSize_SequenceLength,LG,1.0,500,birth-death,20,2026-09-19T16:12:43.930112
1_100_tips,18.0,0.0927835051546391,1.246812787,0.1909537526959271,100,,IQ-TREE,,,20,True,20,TreeSize_SequenceLength,LG,1.0,500,birth-death,20,2026-09-19T16:12:43.930112
18_50_tips,14.0,0.1489361702127659,0.2120443733,0.0521077450708393,50,,IQ-TREE,,,20,True,20,TreeSize_SequenceLength,LG,1.0,500,birth-death,20,2026-09-19T16:12:43.930112
18_100_tips,10.0,0.0515463917525773,1.143726785399999,0.2055422781956539,100,,IQ-TREE,,,20,True,20,TreeSize_SequenceLength,LG,1.0,500,birth-death,20,2026-09-19T16:12:43.930112
13_100_tips,16.0,0.0824742268041237,0.7696090325999999,0.1212829339577176,100,,IQ-TREE,,,20,True,20,TreeSize_SequenceLength,LG,1.0,500,birth-death,20,2026-09-19T16:12:43.930112
10_100_tips,22.0,0.1134020618556701,1.2393226510999993,0.3736269275922116,100,,IQ-TREE,,,20,True,20,TreeSize_SequenceLength,LG,1.0,500,birth-death,20,2026-09-19T16:12:43.930112
2_200_tips,40.0,0.1015228426395939,6.6430615109,1.5632789478255185,200,,IQ-TREE,,,20,True,20,TreeSize_SequenceLength,LG,1.0,500,birth-death,20,2026-09-19T16:12:43.930112
9_20_tips,2.0,0.0588235294117647,5.2287283567000005,2.72621740166154,20,,IQ-TREE,,,20,True,20,TreeSize_SequenceLength,LG,1.0,500,birth-death,20,2026-09-19T16:12:43.930112
6_100_tips,10.0,0.0515463917525773,20.4481990648,4.490499373789955,100,,IQ-TREE,,,20,True,20,TreeSize_SequenceLength,LG,1.0,500,birth-death,20,2026-09-19T16:12:43.930112
13_10_tips,0.0,0.0,0.2418498793999999,0.1472198751811296,10,,IQ-TREE,,,20,True,20,TreeSize_SequenceLength,LG,1.0,500,birth-death,20,2026-09-19T16:12:43.930112
1_20_tips,0.0,0.0,1.1569298631,0.4895819349731443,20,,IQ-TREE,,,20,True,20,TreeSize_SequenceLength,LG,1.0,500,birth-death,20,2026-09-19T16:12:43.930112
1_50_tips,12.0,0.1276595744680851,2.6032501468,0.5501190595038771,50,,IQ-TREE,,,20,True,20,TreeSize_SequenceLength,LG,1.0,500,birth-death,20,2026-09-19T16:12:43.930112
12_20_tips,2.0,0.0588235294117647,4.466944784,1.877148835774595,20,,IQ-TREE,,,20,True,20,TreeSize_SequenceLength,LG,1.0,500,birth-death,20,2026-09-19T16:12:43.930112
10_10_tips,0.0,0.0,2.7060110202,1.5939936137399953,10,,IQ-TREE,,,20,True,20,TreeSize_SequenceLength,LG,1.0,500,birth-death,20,2026-09-19T16:12:43.930112
4_200_tips,50.0,0.1269035532994923,6.043711188800003,1.1826719070192182,200,,IQ-TREE,,,20,True,20,TreeSize_SequenceLength,LG,1.0,500,birth-death,20,2026-09-19T16:12:43.930112
6_20_tips,0.0,0.0,9.025201008799998,4.149919022528397,20,,IQ-TREE,,,20,True,20,TreeSize_SequenceLength,LG,1.0,500,birth-death,20,2026-09-19T16:12:43.930112
17_50_tips,4.0,0.0425531914893617,3.2497627325,0.74553795911869,50,,IQ-TREE,,,20,True,20,TreeSize_SequenceLength,LG,1.0,500,birth-death,20,2026-09-19T16:12:43.930112
17_200_tips,32.0,0.0812182741116751,2.786947907600001,0.573482957560099,200,,IQ-TREE,,,20,True,20,TreeSize_SequenceLength,LG,1.0,500,birth-death,20,2026-09-19T16:12:43.930112
9_200_tips,22.0,0.0558375634517766,4.193985003800001,0.5825743635611097,200,,IQ-TREE,,,20,True,20,TreeSize_SequenceLength,LG,1.0,500,birth-death,20,2026-09-19T16:12:43.930112
0_200_tips,24.0,0.0609137055837563,6.0307690127,0.919813556335544,200,,IQ-TREE,,,20,True,20,TreeSize_SequenceLength,LG,1.0,500,birth-death,20,2026-09-19T16:12:43.930112
11_20_tips,2.0,0.0588235294117647,0.6171401483,0.1982457735804605,20,,IQ-TREE,,,20,True,20,TreeSize_SequenceLength,LG,1.0,500,birth-death,20,2026-09-19T16:12:43.930112
4_50_tips,6.0,0.0638297872340425,0.2663674891,0.0551990901575175,50,,IQ-TREE,,,20,True,20,TreeSize_SequenceLength,LG,1.0,500,birth-death,20,2026-09-19T16:12:43.930112
8_100_tips,10.0,0.0515463917525773,10.153455946800005,1.9307528731378016,100,,IQ-TREE,,,20,True,20,TreeSize_SequenceLength,LG,1.0,500,birth-death,20,2026-09-19T16:12:43.930112
18_200_tips,84.0,0.2131979695431472,0.6366810372000009,0.0772944299908395,200,,IQ-TREE,,,20,True,20,TreeSize_SequenceLength,LG,1.0,500,birth-death,20,2026-09-19T16:12:43.930112
19_50_tips,10.0,0.1063829787234042,5.3828757340000015,1.445755713201185,50,,IQ-TREE,,,20,True,20,TreeSize_SequenceLength,LG,1.0,500,birth-death,20,2026-09-19T16:12:43.930112
16_10_tips,0.0,0.0,0.6107441862,0.5110206473932556,10,,IQ-TREE,,,20,True,20,TreeSize_SequenceLength,LG,1.0,500,birth-death,20,2026-09-19T16:12:43.930112
10_200_tips,44.0,0.1116751269035533,0.9477427900000004,0.1123775487657119,200,,IQ-TREE,,,20,True,20,TreeSize_SequenceLength,LG,1.0,500,birth-death,20,2026-09-19T16:12:43.930112
2_10_tips,2.0,0.1428571428571428,0.7551626965000001,0.553364538861773,10,,IQ-TREE,,,20,True,20,TreeSize_SequenceLength,LG,1.0,500,birth-death,20,2026-09-19T16:12:43.930112
1_10_tips,0.0,0.0,0.080497876,0.0538353489753855,10,,IQ-TREE,,,20,True,20,TreeSize_SequenceLength,LG,1.0,500,birth-death,20,2026-09-19T16:12:43.930112
2_20_tips,0.0,0.0,0.7871409210000001,0.453990320562264,20,,IQ-TREE,,,20,True,20,TreeSize_SequenceLength,LG,1.0,500,birth-death,20,2026-09-19T16:12:43.930112
8_200_tips,44.0,0.1116751269035533,7.610074105490002,1.4029947113072814,200,,IQ-TREE,,,20,True,20,TreeSize_SequenceLength,LG,1.0,500,birth-death,20,2026-09-19T16:12:43.930112
15_100_tips,78.0,0.4020618556701031,0.22384620761,0.0307240300494279,100,,IQ-TREE,,,20,True,20,TreeSize_SequenceLength,LG,1.0,500,birth-death,20,2026-09-19T16:12:43.930112
14_200_tips,152.0,0.3857868020304568,1.2342626014539944,0.2751201047490535,200,,IQ-TREE,,,20,True,20,TreeSize_SequenceLength,LG,1.0,500,birth-death,20,2026-09-19T16:12:43.930112
13_50_tips,10.0,0.1063829787234042,0.3804342666999999,0.0784857564211312,50,,IQ-TREE,,,20,True,20,TreeSize_SequenceLength,LG,1.0,500,birth-death,20,2026-09-19T16:12:43.930112
13_20_tips,0.0,0.0,2.5210514275,0.912471234005436,20,,IQ-TREE,,,20,True,20,TreeSize_SequenceLength,LG,1.0,500,birth-death,20,2026-09-19T16:12:43.930112
6_200_tips,66.0,0.1675126903553299,1.7843518518999988,0.3221459838049265,200,,IQ-TREE,,,20,True,20,TreeSize_SequenceLength,LG,1.0,500,birth-death,20,2026-09-19T16:12:43.930112
14_50_tips,38.0,0.4042553191489361,0.0925461481,0.0191027239463343,50,,IQ-TREE,,,20,True,20,TreeSize_SequenceLength,LG,1.0,500,birth-death,20,2026-09-19T16:12:43.930112
1_200_tips,38.0,0.0964467005076142,4.963237982600002,0.7494133775162891,200,,IQ-TREE,,,20,True,20,TreeSize_SequenceLength,LG,1.0,500,birth-death,20,2026-09-19T16:12:43.930112
16_50_tips,16.0,0.1702127659574468,6.326395078599999,2.187303476904001,50,,IQ-TREE,,,20,True,20,TreeSize_SequenceLength,LG,1.0,500,birth-death,20,2026-09-19T16:12:43.930112
3_100_tips,8.0,0.0412371134020618,5.876124749900002,1.089146151530405,100,,IQ-TREE,,,20,True,20,TreeSize_SequenceLength,LG,1.0,500,birth-death,20,2026-09-19T16:12:43.930112
3_10_tips,0.0,0.0,0.4240872629999999,0.32253787904239,10,,IQ-TREE,,,20,True,20,TreeSize_SequenceLength,LG,1.0,500,birth-death,20,2026-09-19T16:12:43.930112
0_20_tips,16.0,0.4705882352941176,0.0139642663999999,0.0049007950014467,20,,IQ-TREE,,,20,True,20,TreeSize_SequenceLength,LG,1.0,500,birth-death,20,2026-09-19T16:12:43.930112
19_20_tips,2.0,0.0588235294117647,12.938033919400004,4.348613896241673,20,,IQ-TREE,,,20,True,20,TreeSize_SequenceLength,LG,1.0,500,birth-death,20,2026-09-19T16:12:43.930112
19_10_tips,0.0,0.0,0.9547400431,0.4273349089330857,10,,IQ-TREE,,,20,True,20,TreeSize_SequenceLength,LG,1.0,500,birth-death,20,2026-09-19T16:12:43.930112
10_20_tips,4.0,0.1176470588235294,6.2787759985,2.9510531660309254,20,,IQ-TREE,,,20,True,20,TreeSize_SequenceLength,LG,1.0,500,birth-death,20,2026-09-19T16:12:43.930112
3_200_tips,28.0,0.0710659898477157,1.7967462328,0.2182347289237544,200,,IQ-TREE,,,20,True,20,TreeSize_SequenceLength,LG,1.0,500,birth-death,20,2026-09-19T16:12:43.930112
19_200_tips,56.0,0.1421319796954314,0.9084322746200002,0.1075376649718303,200,,IQ-TREE,,,20,True,20,TreeSize_SequenceLength,LG,1.0,500,birth-death,20,2026-09-19T16:12:43.930112
18_20_tips,4.0,0.1176470588235294,0.0566602689199999,0.0208955868788877,20,,FastME,,,20,True,20,TreeSize_SequenceLength,LG,1.0,500,birth-death,20,2026-09-19T16:12:43.930112
15_200_tips,56.0,0.1421319796954314,9.436590441600003,2.082657071764684,200,,FastME,,,20,True,20,TreeSize_SequenceLength,LG,1.0,500,birth-death,20,2026-09-19T16:12:43.930112
16_20_tips,4.0,0.1176470588235294,0.19720303,0.0871388683247946,20,,FastME,,,20,True,20,TreeSize_SequenceLength,LG,1.0,500,birth-death,20,2026-09-19T16:12:43.930112
17_20_tips,6.0,0.1764705882352941,0.262249081,0.160291574707267,20,,FastME,,,20,True,20,TreeSize_SequenceLength,LG,1.0,500,birth-death,20,2026-09-19T16:12:43.930112
7_200_tips,90.0,0.2284263959390862,0.5781175656299997,0.0644251379642723,200,,FastME,,,20,True,20,TreeSize_SequenceLength,LG,1.0,500,birth-death,20,2026-09-19T16:12:43.930112
11_10_tips,2.0,0.1428571428571428,0.55297624,0.2826669494770608,10,,FastME,,,20,True,20,TreeSize_SequenceLength,LG,1.0,500,birth-death,20,2026-09-19T16:12:43.930112
19_100_tips,28.0,0.1443298969072164,0.6087631879999996,0.1039081689872384,100,,FastME,,,20,True,20,TreeSize_SequenceLength,LG,1.0,500,birth-death,20,2026-09-19T16:12:43.930112
4_10_tips,0.0,0.0,0.54163044,0.2757883674492653,10,,FastME,,,20,True,20,TreeSize_SequenceLength,LG,1.0,500,birth-death,20,2026-09-19T16:12:43.930112
12_10_tips,4.0,0.2857142857142857,1.01692719,0.5407042526381757,10,,FastME,,,20,True,20,TreeSize_SequenceLength,LG,1.0,500,birth-death,20,2026-09-19T16:12:43.930112
16_100_tips,18.0,0.0927835051546391,3.3513632733000005,0.789624203881287,100,,FastME,,,20,True,20,TreeSize_SequenceLength,LG,1.0,500,birth-death,20,2026-09-19T16:12:43.930112
18_10_tips,2.0,0.1428571428571428,4.00463841,2.0771528136702897,10,,FastME,,,20,True,20,TreeSize_SequenceLength,LG,1.0,500,birth-death,20,2026-09-19T16:12:43.930112
10_50_tips,6.0,0.0638297872340425,2.36340255,0.6236286707170308,50,,FastME,,,20,True,20,TreeSize_SequenceLength,LG,1.0,500,birth-death,20,2026-09-19T16:12:43.930112
14_100_tips,26.0,0.134020618556701,5.444036705999998,1.0035143978097945,100,,FastME,,,20,True,20,TreeSize_SequenceLength,LG,1.0,500,birth-death,20,2026-09-19T16:12:43.930112
8_20_tips,2.0,0.0588235294117647,2.73456497,0.8831673660935395,20,,FastME,,,20,True,20,TreeSize_SequenceLength,LG,1.0,500,birth-death,20,2026-09-19T16:12:43.930112
0_100_tips,16.0,0.0824742268041237,5.888343318,1.7794218116346412,100,,FastME,,,20,True,20,TreeSize_SequenceLength,LG,1.0,500,birth-death,20,2026-09-19T16:12:43.930112
11_100_tips,16.0,0.0824742268041237,2.5894452990000008,0.4566968735400565,100,,FastME,,,20,True,20,TreeSize_SequenceLength,LG,1.0,500,birth-death,20,2026-09-19T16:12:43.930112
4_20_tips,2.0,0.0588235294117647,0.59466862,0.235021267139651,20,,FastME,,,20,True,20,TreeSize_SequenceLength,LG,1.0,500,birth-death,20,2026-09-19T16:12:43.930112
12_100_tips,191.0,1.0,0.1736024831199999,0.0222126860417403,100,,FastME,,,20,True,20,TreeSize_SequenceLength,LG,1.0,500,birth-death,20,2026-09-19T16:12:43.930112
5_50_tips,93.0,1.0,0.4280862539,0.0833098335889436,50,,FastME,,,20,True,20,TreeSize_SequenceLength,LG,1.0,500,birth-death,20,2026-09-19T16:12:43.930112
2_100_tips,40.0,0.2061855670103092,0.3447549379599999,0.0521587712742687,100,,FastME,,,20,True,20,TreeSize_SequenceLength,LG,1.0,500,birth-death,20,2026-09-19T16:12:43.930112
7_20_tips,6.0,0.1764705882352941,1.118971006,0.4026100701912509,20,,FastME,,,20,True,20,TreeSize_SequenceLength,LG,1.0,500,birth-death,20,2026-09-19T16:12:43.930112
3_50_tips,8.0,0.0851063829787234,0.7467741521000002,0.1936012372523959,50,,FastME,,,20,True,20,TreeSize_SequenceLength,LG,1.0,500,birth-death,20,2026-09-19T16:12:43.930112
0_10_tips,2.0,0.1428571428571428,0.5052510100000001,0.2573033200279427,10,,FastME,,,20,True,20,TreeSize_SequenceLength,LG,1.0,500,birth-death,20,2026-09-19T16:12:43.930112
6_50_tips,14.0,0.1489361702127659,5.00265315,1.4871847809641612,50,,FastME,,,20,True,20,TreeSize_SequenceLength,LG,1.0,500,birth-death,20,2026-09-19T16:12:43.930112
0_50_tips,10.0,0.1063829787234042,13.73190427,3.562673737978272,50,,FastME,,,20,True,20,TreeSize_SequenceLength,LG,1.0,500,birth-death,20,2026-09-19T16:12:43.930112
8_10_tips,0.0,0.0,7.372055449999999,3.2744272991785484,10,,FastME,,,20,True,20,TreeSize_SequenceLength,LG,1.0,500,birth-death,20,2026-09-19T16:12:43.930112
17_10_tips,2.0,0.1428571428571428,14.90761789,7.473318894599308,10,,FastME,,,20,True,20,TreeSize_SequenceLength,LG,1.0,500,birth-death,20,2026-09-19T16:12:43.930112
13_200_tips,32.0,0.0812182741116751,17.806487943000004,3.0989789141810875,200,,FastME,,,20,True,20,TreeSize_SequenceLength,LG,1.0,500,birth-death,20,2026-09-19T16:12:43.930112
2_50_tips,8.0,0.0851063829787234,0.6267366409999999,0.1769406396326744,50,,FastME,,,20,True,20,TreeSize_SequenceLength,LG,1.0,500,birth-death,20,2026-09-19T16:12:43.930112
12_50_tips,10.0,0.1063829787234042,1.39617328,0.3749013192713496,50,,FastME,,,20,True,20,TreeSize_SequenceLength,LG,1.0,500,birth-death,20,2026-09-19T16:12:43.930112
7_100_tips,62.0,0.3195876288659793,0.16982028977,0.02190827641743,100,,FastME,,,20,True,20,TreeSize_SequenceLength,LG,1.0,500,birth-death,20,2026-09-19T16:12:43.930112
7_50_tips,10.0,0.1063829787234042,0.1818051536,0.0387709835542665,50,,FastME,,,20,True,20,TreeSize_SequenceLength,LG,1.0,500,birth-death,20,2026-09-19T16:12:43.930112
9_50_tips,10.0,0.1063829787234042,2.987561417,1.9363853555432813,50,,FastME,,,20,True,20,TreeSize_SequenceLength,LG,1.0,500,birth-death,20,2026-09-19T16:12:43.930112
15_50_tips,12.0,0.1276595744680851,1.701780928,0.3574622977418333,50,,FastME,,,20,True,20,TreeSize_SequenceLength,LG,1.0,500,birth-death,20,2026-09-19T16:12:43.930112
11_50_tips,14.0,0.1489361702127659,0.9062660281999998,0.3092170657067247,50,,FastME,,,20,True,20,TreeSize_SequenceLength,LG,1.0,500,birth-death,20,2026-09-19T16:12:43.930112
9_100_tips,10.0,0.0515463917525773,4.43372499,0.8139175128333652,100,,FastME,,,20,True,20,TreeSize_SequenceLength,LG,1.0,500,birth-death,20,2026-09-19T16:12:43.930112
8_50_tips,14.0,0.1489361702127659,1.9395533243000005,0.5414425237984846,50,,FastME,,,20,True,20,TreeSize_SequenceLength,LG,1.0,500,birth-death,20,2026-09-19T16:12:43.930112
16_200_tips,390.0,1.0,1.6770036404800006,0.1569659810444182,200,,FastME,,,20,True,20,TreeSize_SequenceLength,LG,1.0,500,birth-death,20,2026-09-19T16:12:43.930112
15_20_tips,6.0,0.1764705882352941,0.38258474,0.1141099364528225,20,,FastME,,,20,True,20,TreeSize_SequenceLength,LG,1.0,500,birth-death,20,2026-09-19T16:12:43.930112
3_20_tips,6.0,0.1764705882352941,1.7033725999999996,0.6758294429400037,20,,FastME,,,20,True,20,TreeSize_SequenceLength,LG,1.0,500,birth-death,20,2026-09-19T16:12:43.930112
14_20_tips,4.0,0.1176470588235294,0.5576866500000001,0.2678051277499169,20,,FastME,,,20,True,20,TreeSize_SequenceLength,LG,1.0,500,birth-death,20,2026-09-19T16:12:43.930112
15_10_tips,0.0,0.0,0.9487290100000002,0.4993667081109769,10,,FastME,,,20,True,20,TreeSize_SequenceLength,LG,1.0,500,birth-death,20,2026-09-19T16:12:43.930112
12_200_tips,60.0,0.1522842639593908,13.909735728000005,1.9217550281627755,200,,FastME,,,20,True,20,TreeSize_SequenceLength,LG,1.0,500,birth-death,20,2026-09-19T16:12:43.930112
17_100_tips,16.0,0.0824742268041237,2.998317521,0.6100938672120962,100,,FastME,,,20,True,20,TreeSize_SequenceLength,LG,1.0,500,birth-death,20,2026-09-19T16:12:43.930112
11_200_tips,64.0,0.1624365482233502,1.5637327007,0.2355845044606352,200,,FastME,,,20,True,20,TreeSize_SequenceLength,LG,1.0,500,birth-death,20,2026-09-19T16:12:43.930112
5_200_tips,392.0,1.0,1.0154473864800009,0.1047085736753721,200,,FastME,,,20,True,20,TreeSize_SequenceLength,LG,1.0,500,birth-death,20,2026-09-19T16:12:43.930112
7_10_tips,2.0,0.1428571428571428,2.1275954400000003,1.4463127751092286,10,,FastME,,,20,True,20,TreeSize_SequenceLength,LG,1.0,500,birth-death,20,2026-09-19T16:12:43.930112
5_20_tips,0.0,0.0,4.27059773,1.4377520498513758,20,,FastME,,,20,True,20,TreeSize_SequenceLength,LG,1.0,500,birth-death,20,2026-09-19T16:12:43.930112
5_10_tips,2.0,0.1428571428571428,0.21887521,0.1711141914584974,10,,FastME,,,20,True,20,TreeSize_SequenceLength,LG,1.0,500,birth-death,20,2026-09-19T16:12:43.930112
5_100_tips,22.0,0.1134020618556701,3.545279500999999,0.7547805424317043,100,,FastME,,,20,True,20,TreeSize_SequenceLength,LG,1.0,500,birth-death,20,2026-09-19T16:12:43.930112
4_100_tips,10.0,0.0515463917525773,0.6025142143,0.0880606853100699,100,,FastME,,,20,True,20,TreeSize_SequenceLength,LG,1.0,500,birth-death,20,2026-09-19T16:12:43.930112
14_10_tips,0.0,0.0,0.6646489199999999,0.5953375584976464,10,,FastME,,,20,True,20,TreeSize_SequenceLength,LG,1.0,500,birth-death,20,2026-09-19T16:12:43.930112
9_10_tips,2.0,0.1428571428571428,3.5843243600000005,2.387797827907689,10,,FastME,,,20,True,20,TreeSize_SequenceLength,LG,1.0,500,birth-death,20,2026-09-19T16:12:43.930112
6_10_tips,0.0,0.0,2.32096143,1.5952665628928364,10,,FastME,,,20,True,20,TreeSize_SequenceLength,LG,1.0,500,birth-death,20,2026-09-19T16:12:43.930112
1_100_tips,24.0,0.1237113402061855,1.7830065470000007,0.289979771814162,100,,FastME,,,20,True,20,TreeSize_SequenceLength,LG,1.0,500,birth-death,20,2026-09-19T16:12:43.930112
18_50_tips,12.0,0.1276595744680851,0.2045679645,0.055477682099059,50,,FastME,,,20,True,20,TreeSize_SequenceLength,LG,1.0,500,birth-death,20,2026-09-19T16:12:43.930112
18_100_tips,22.0,0.1134020618556701,1.7021255600000005,0.2936459213304135,100,,FastME,,,20,True,20,TreeSize_SequenceLength,LG,1.0,500,birth-death,20,2026-09-19T16:12:43.930112
13_100_tips,16.0,0.0824742268041237,0.8833285657,0.1590985355003687,100,,FastME,,,20,True,20,TreeSize_SequenceLength,LG,1.0,500,birth-death,20,2026-09-19T16:12:43.930112
2_200_tips,60.0,0.1522842639593908,8.5026889656,1.8087033094712923,200,,FastME,,,20,True,20,TreeSize_SequenceLength,LG,1.0,500,birth-death,20,2026-09-19T16:12:43.930112
9_20_tips,2.0,0.0588235294117647,5.503407299999998,2.8264200215472144,20,,FastME,,,20,True,20,TreeSize_SequenceLength,LG,1.0,500,birth-death,20,2026-09-19T16:12:43.930112
10_100_tips,22.0,0.1134020618556701,1.6321502571000002,0.4503051738449759,100,,FastME,,,20,True,20,TreeSize_SequenceLength,LG,1.0,500,birth-death,20,2026-09-19T16:12:43.930112
6_100_tips,14.0,0.0721649484536082,23.199282094,4.780042458528382,100,,FastME,,,20,True,20,TreeSize_SequenceLength,LG,1.0,500,birth-death,20,2026-09-19T16:12:43.930112
13_10_tips,0.0,0.0,0.29682314,0.1844623149155344,10,,FastME,,,20,True,20,TreeSize_SequenceLength,LG,1.0,500,birth-death,20,2026-09-19T16:12:43.930112
1_20_tips,2.0,0.0588235294117647,1.55140618,0.5915950417599435,20,,FastME,,,20,True,20,TreeSize_SequenceLength,LG,1.0,500,birth-death,20,2026-09-19T16:12:43.930112
1_50_tips,10.0,0.1063829787234042,3.4591698300000004,0.7194688609979061,50,,FastME,,,20,True,20,TreeSize_SequenceLength,LG,1.0,500,birth-death,20,2026-09-19T16:12:43.930112
12_20_tips,2.0,0.0588235294117647,4.7083170700000005,1.943304797884735,20,,FastME,,,20,True,20,TreeSize_SequenceLength,LG,1.0,500,birth-death,20,2026-09-19T16:12:43.930112
10_10_tips,0.0,0.0,2.7979439900000003,1.5619804644561983,10,,FastME,,,20,True,20,TreeSize_SequenceLength,LG,1.0,500,birth-death,20,2026-09-19T16:12:43.930112
4_200_tips,52.0,0.1319796954314721,7.597141134200003,1.393209040145835,200,,FastME,,,20,True,20,TreeSize_SequenceLength,LG,1.0,500,birth-death,20,2026-09-19T16:12:43.930112
6_20_tips,0.0,0.0,9.65231699,4.3646513208961535,20,,FastME,,,20,True,20,TreeSize_SequenceLength,LG,1.0,500,birth-death,20,2026-09-19T16:12:43.930112
17_50_tips,6.0,0.0638297872340425,3.64775906,0.8370131197297833,50,,FastME,,,20,True,20,TreeSize_SequenceLength,LG,1.0,500,birth-death,20,2026-09-19T16:12:43.930112
17_200_tips,38.0,0.0964467005076142,3.863053403999997,0.7379809696845547,200,,FastME,,,20,True,20,TreeSize_SequenceLength,LG,1.0,500,birth-death,20,2026-09-19T16:12:43.930112
0_200_tips,30.0,0.0761421319796954,8.273551265999995,1.177536784329597,200,,FastME,,,20,True,20,TreeSize_SequenceLength,LG,1.0,500,birth-death,20,2026-09-19T16:12:43.930112
11_20_tips,0.0,0.0,0.93206432,0.2826478159464251,20,,FastME,,,20,True,20,TreeSize_SequenceLength,LG,1.0,500,birth-death,20,2026-09-19T16:12:43.930112
9_200_tips,22.0,0.0558375634517766,5.894771292999997,0.7632328074802982,200,,FastME,,,20,True,20,TreeSize_SequenceLength,LG,1.0,500,birth-death,20,2026-09-19T16:12:43.930112
4_50_tips,14.0,0.1489361702127659,0.312605752,0.0616052062002946,50,,FastME,,,20,True,20,TreeSize_SequenceLength,LG,1.0,500,birth-death,20,2026-09-19T16:12:43.930112
8_100_tips,14.0,0.0721649484536082,13.053793392999998,2.295015463622773,100,,FastME,,,20,True,20,TreeSize_SequenceLength,LG,1.0,500,birth-death,20,2026-09-19T16:12:43.930112
18_200_tips,393.0,1.0,4.2811941719,0.4664429987971509,200,,FastME,,,20,True,20,TreeSize_SequenceLength,LG,1.0,500,birth-death,20,2026-09-19T16:12:43.930112
19_50_tips,10.0,0.1063829787234042,7.003869539999999,1.7114662067852922,50,,FastME,,,20,True,20,TreeSize_SequenceLength,LG,1.0,500,birth-death,20,2026-09-19T16:12:43.930112
16_10_tips,0.0,0.0,0.7067096900000001,0.5753759217105564,10,,FastME,,,20,True,20,TreeSize_SequenceLength,LG,1.0,500,birth-death,20,2026-09-19T16:12:43.930112
10_200_tips,393.0,1.0,8.061823798399997,0.844445002150407,200,,FastME,,,20,True,20,TreeSize_SequenceLength,LG,1.0,500,birth-death,20,2026-09-19T16:12:43.930112
2_10_tips,2.0,0.1428571428571428,0.8833899000000003,0.5866849998515029,10,,FastME,,,20,True,20,TreeSize_SequenceLength,LG,1.0,500,birth-death,20,2026-09-19T16:12:43.930112
1_10_tips,0.0,0.0,0.09916926,0.0661932601871822,10,,FastME,,,20,True,20,TreeSize_SequenceLength,LG,1.0,500,birth-death,20,2026-09-19T16:12:43.930112
2_20_tips,0.0,0.0,1.03653238,0.552273558515461,20,,FastME,,,20,True,20,TreeSize_SequenceLength,LG,1.0,500,birth-death,20,2026-09-19T16:12:43.930112
8_200_tips,60.0,0.1522842639593908,9.981257700589996,1.58048496498379,200,,FastME,,,20,True,20,TreeSize_SequenceLength,LG,1.0,500,birth-death,20,2026-09-19T16:12:43.930112
15_100_tips,193.0,1.0,0.8899903685100004,0.1286309456134543,100,,FastME,,,20,True,20,TreeSize_SequenceLength,LG,1.0,500,birth-death,20,2026-09-19T16:12:43.930112
14_200_tips,391.0,1.0,6.928398749853998,1.060284321378466,200,,FastME,,,20,True,20,TreeSize_SequenceLength,LG,1.0,500,birth-death,20,2026-09-19T16:12:43.930112
13_50_tips,10.0,0.1063829787234042,0.4936455709999999,0.0968131695984152,50,,FastME,,,20,True,20,TreeSize_SequenceLength,LG,1.0,500,birth-death,20,2026-09-19T16:12:43.930112
13_20_tips,0.0,0.0,2.8570768300000005,1.0196244340152942,20,,FastME,,,20,True,20,TreeSize_SequenceLength,LG,1.0,500,birth-death,20,2026-09-19T16:12:43.930112
6_200_tips,393.0,1.0,13.927349513899992,1.4676139221274371,200,,FastME,,,20,True,20,TreeSize_SequenceLength,LG,1.0,500,birth-death,20,2026-09-19T16:12:43.930112
14_50_tips,36.0,0.3829787234042553,0.0937321353,0.0188913222427016,50,,FastME,,,20,True,20,TreeSize_SequenceLength,LG,1.0,500,birth-death,20,2026-09-19T16:12:43.930112
3_100_tips,18.0,0.0927835051546391,7.970036274400002,1.3336461532591468,100,,FastME,,,20,True,20,TreeSize_SequenceLength,LG,1.0,500,birth-death,20,2026-09-19T16:12:43.930112
3_10_tips,0.0,0.0,0.5186785599999999,0.3879192792959709,10,,FastME,,,20,True,20,TreeSize_SequenceLength,LG,1.0,500,birth-death,20,2026-09-19T16:12:43.930112
0_20_tips,20.0,0.5882352941176471,0.0156676219,0.0052462137067444,20,,FastME,,,20,True,20,TreeSize_SequenceLength,LG,1.0,500,birth-death,20,2026-09-19T16:12:43.930112
19_20_tips,6.0,0.1764705882352941,13.582880590000004,4.370512669537723,20,,FastME,,,20,True,20,TreeSize_SequenceLength,LG,1.0,500,birth-death,20,2026-09-19T16:12:43.930112
19_10_tips,0.0,0.0,1.24124151,0.5363693403813217,10,,FastME,,,20,True,20,TreeSize_SequenceLength,LG,1.0,500,birth-death,20,2026-09-19T16:12:43.930112
10_20_tips,6.0,0.1764705882352941,6.513195009999999,3.078241797341224,20,,FastME,,,20,True,20,TreeSize_SequenceLength,LG,1.0,500,birth-death,20,2026-09-19T16:12:43.930112
1_200_tips,42.0,0.1065989847715736,6.742193416799999,0.9427392003479184,200,,FastME,,,20,True,20,TreeSize_SequenceLength,LG,1.0,500,birth-death,20,2026-09-19T16:12:43.930112
16_50_tips,22.0,0.2340425531914893,7.397449085000004,2.310430424926742,50,,FastME,,,20,True,20,TreeSize_SequenceLength,LG,1.0,500,birth-death,20,2026-09-19T16:12:43.930112
3_200_tips,34.0,0.0862944162436548,2.4302633190000003,0.3155858677205295,200,,FastME,,,20,True,20,TreeSize_SequenceLength,LG,1.0,500,birth-death,20,2026-09-19T16:12:43.930112
19_200_tips,70.0,0.1776649746192893,1.26493156462,0.168016904990467,200,,FastME,,,20,True,20,TreeSize_SequenceLength,LG,1.0,500,birth-death,20,2026-09-19T16:12:43.930112
14_10_tips,8.0,0.5714285714285714,2.03214653,1.7156508281558407,10,,Phyloformer,,,20,True,20,TreeSize_SequenceLength,LG,1.0,500,birth-death,20,2026-09-19T16:12:43.930112
10_10_tips,0.0,0.0,1.0614580399999998,0.6738658521925363,10,,Phyloformer,,,20,True,20,TreeSize_SequenceLength,LG,1.0,500,birth-death,20,2026-09-19T16:12:43.930112
9_10_tips,2.0,0.1428571428571428,1.7173628599999993,1.0483189467339389,10,,Phyloformer,,,20,True,20,TreeSize_SequenceLength,LG,1.0,500,birth-death,20,2026-09-19T16:12:43.930112
6_10_tips,0.0,0.0,0.52225883,0.2881351906302351,10,,Phyloformer,,,20,True,20,TreeSize_SequenceLength,LG,1.0,500,birth-death,20,2026-09-19T16:12:43.930112
12_20_tips,0.0,0.0,1.6521547200000002,0.6892365719604392,20,,Phyloformer,,,20,True,20,TreeSize_SequenceLength,LG,1.0,500,birth-death,20,2026-09-19T16:12:43.930112
16_20_tips,2.0,0.0588235294117647,0.0984997,0.0345603594036549,20,,Phyloformer,,,20,True,20,TreeSize_SequenceLength,LG,1.0,500,birth-death,20,2026-09-19T16:12:43.930112
18_20_tips,6.0,0.1764705882352941,0.0483125589199999,0.0159379089986261,20,,Phyloformer,,,20,True,20,TreeSize_SequenceLength,LG,1.0,500,birth-death,20,2026-09-19T16:12:43.930112
2_20_tips,2.0,0.0588235294117647,0.4734511800000001,0.1634577210564842,20,,Phyloformer,,,20,True,20,TreeSize_SequenceLength,LG,1.0,500,birth-death,20,2026-09-19T16:12:43.930112
4_10_tips,0.0,0.0,0.27228782,0.1187814612411651,10,,Phyloformer,,,20,True,20,TreeSize_SequenceLength,LG,1.0,500,birth-death,20,2026-09-19T16:12:43.930112
12_10_tips,4.0,0.2857142857142857,0.9656264,0.4031929294731997,10,,Phyloformer,,,20,True,20,TreeSize_SequenceLength,LG,1.0,500,birth-death,20,2026-09-19T16:12:43.930112
17_20_tips,8.0,0.2352941176470588,0.1705983609999999,0.0689132516238022,20,,Phyloformer,,,20,True,20,TreeSize_SequenceLength,LG,1.0,500,birth-death,20,2026-09-19T16:12:43.930112
15_50_tips,12.0,0.1276595744680851,1.0211785220000005,0.1850755099605106,50,,Phyloformer,,,20,True,20,TreeSize_SequenceLength,LG,1.0,500,birth-death,20,2026-09-19T16:12:43.930112
4_50_tips,10.0,0.1063829787234042,0.3530344139999999,0.0699486288100654,50,,Phyloformer,,,20,True,20,TreeSize_SequenceLength,LG,1.0,500,birth-death,20,2026-09-19T16:12:43.930112
13_50_tips,6.0,0.0638297872340425,0.3437280010000001,0.0662900022984687,50,,Phyloformer,,,20,True,20,TreeSize_SequenceLength,LG,1.0,500,birth-death,20,2026-09-19T16:12:43.930112
13_20_tips,0.0,0.0,0.9257026300000002,0.2969290866716474,20,,Phyloformer,,,20,True,20,TreeSize_SequenceLength,LG,1.0,500,birth-death,20,2026-09-19T16:12:43.930112
2_10_tips,2.0,0.1428571428571428,0.2064405800000002,0.0925220792981492,10,,Phyloformer,,,20,True,20,TreeSize_SequenceLength,LG,1.0,500,birth-death,20,2026-09-19T16:12:43.930112
1_10_tips,2.0,0.1428571428571428,0.07142043,0.0361208258928184,10,,Phyloformer,,,20,True,20,TreeSize_SequenceLength,LG,1.0,500,birth-death,20,2026-09-19T16:12:43.930112
11_50_tips,10.0,0.1063829787234042,0.4802917356,0.1451625819512704,50,,Phyloformer,,,20,True,20,TreeSize_SequenceLength,LG,1.0,500,birth-death,20,2026-09-19T16:12:43.930112
19_100_tips,22.0,0.1134020618556701,0.4952879499999999,0.0867351244944459,100,,Phyloformer,,,20,True,20,TreeSize_SequenceLength,LG,1.0,500,birth-death,20,2026-09-19T16:12:43.930112
1_100_tips,26.0,0.134020618556701,1.3955020469999997,0.2023947247702068,100,,Phyloformer,,,20,True,20,TreeSize_SequenceLength,LG,1.0,500,birth-death,20,2026-09-19T16:12:43.930112
14_100_tips,16.0,0.0824742268041237,3.0103931320000004,0.5082022905741147,100,,Phyloformer,,,20,True,20,TreeSize_SequenceLength,LG,1.0,500,birth-death,20,2026-09-19T16:12:43.930112
8_20_tips,4.0,0.1176470588235294,1.21222376,0.3481692913758027,20,,Phyloformer,,,20,True,20,TreeSize_SequenceLength,LG,1.0,500,birth-death,20,2026-09-19T16:12:43.930112
18_50_tips,18.0,0.1914893617021276,0.2127308557,0.0505345144142089,50,,Phyloformer,,,20,True,20,TreeSize_SequenceLength,LG,1.0,500,birth-death,20,2026-09-19T16:12:43.930112
15_10_tips,0.0,0.0,0.87758761,0.4541466717799768,10,,Phyloformer,,,20,True,20,TreeSize_SequenceLength,LG,1.0,500,birth-death,20,2026-09-19T16:12:43.930112
13_100_tips,20.0,0.1030927835051546,0.7783075797,0.1190448832432444,100,,Phyloformer,,,20,True,20,TreeSize_SequenceLength,LG,1.0,500,birth-death,20,2026-09-19T16:12:43.930112
8_100_tips,12.0,0.0618556701030927,4.032181856999999,0.6524078448440683,100,,Phyloformer,,,20,True,20,TreeSize_SequenceLength,LG,1.0,500,birth-death,20,2026-09-19T16:12:43.930112
18_100_tips,22.0,0.1134020618556701,1.27171823,0.1881780805570619,100,,Phyloformer,,,20,True,20,TreeSize_SequenceLength,LG,1.0,500,birth-death,20,2026-09-19T16:12:43.930112
15_20_tips,4.0,0.1176470588235294,0.35258912,0.1144777939198367,20,,Phyloformer,,,20,True,20,TreeSize_SequenceLength,LG,1.0,500,birth-death,20,2026-09-19T16:12:43.930112
3_20_tips,8.0,0.2352941176470588,0.8129267599999997,0.2428595296517609,20,,Phyloformer,,,20,True,20,TreeSize_SequenceLength,LG,1.0,500,birth-death,20,2026-09-19T16:12:43.930112
14_20_tips,2.0,0.0588235294117647,0.3958691399999999,0.1543465405555187,20,,Phyloformer,,,20,True,20,TreeSize_SequenceLength,LG,1.0,500,birth-death,20,2026-09-19T16:12:43.930112
13_10_tips,0.0,0.0,0.32208842,0.2122863387261732,10,,Phyloformer,,,20,True,20,TreeSize_SequenceLength,LG,1.0,500,birth-death,20,2026-09-19T16:12:43.930112
1_20_tips,0.0,0.0,0.79706725,0.3362196189371404,20,,Phyloformer,,,20,True,20,TreeSize_SequenceLength,LG,1.0,500,birth-death,20,2026-09-19T16:12:43.930112
10_100_tips,32.0,0.1649484536082474,0.9595018950999996,0.1703250035684139,100,,Phyloformer,,,20,True,20,TreeSize_SequenceLength,LG,1.0,500,birth-death,20,2026-09-19T16:12:43.930112
17_100_tips,14.0,0.0721649484536082,1.488521981,0.2412298730708197,100,,Phyloformer,,,20,True,20,TreeSize_SequenceLength,LG,1.0,500,birth-death,20,2026-09-19T16:12:43.930112
5_100_tips,20.0,0.1030927835051546,1.931880291,0.3229683441958566,100,,Phyloformer,,,20,True,20,TreeSize_SequenceLength,LG,1.0,500,birth-death,20,2026-09-19T16:12:43.930112
1_50_tips,6.0,0.0638297872340425,1.24087526,0.233935326541491,50,,Phyloformer,,,20,True,20,TreeSize_SequenceLength,LG,1.0,500,birth-death,20,2026-09-19T16:12:43.930112
7_20_tips,6.0,0.1764705882352941,0.539838936,0.175024738893175,20,,Phyloformer,,,20,True,20,TreeSize_SequenceLength,LG,1.0,500,birth-death,20,2026-09-19T16:12:43.930112
3_50_tips,8.0,0.0851063829787234,0.6212077979,0.1256399815170039,50,,Phyloformer,,,20,True,20,TreeSize_SequenceLength,LG,1.0,500,birth-death,20,2026-09-19T16:12:43.930112
0_10_tips,2.0,0.1428571428571428,0.18170606,0.070976745650527,10,,Phyloformer,,,20,True,20,TreeSize_SequenceLength,LG,1.0,500,birth-death,20,2026-09-19T16:12:43.930112
6_50_tips,10.0,0.1063829787234042,1.3273627099999998,0.270207020519732,50,,Phyloformer,,,20,True,20,TreeSize_SequenceLength,LG,1.0,500,birth-death,20,2026-09-19T16:12:43.930112
0_50_tips,12.0,0.1276595744680851,3.976544519999999,0.7515101386634379,50,,Phyloformer,,,20,True,20,TreeSize_SequenceLength,LG,1.0,500,birth-death,20,2026-09-19T16:12:43.930112
8_10_tips,0.0,0.0,3.70282062,1.586400120562904,10,,Phyloformer,,,20,True,20,TreeSize_SequenceLength,LG,1.0,500,birth-death,20,2026-09-19T16:12:43.930112
17_10_tips,2.0,0.1428571428571428,5.17083103,2.594314468175432,10,,Phyloformer,,,20,True,20,TreeSize_SequenceLength,LG,1.0,500,birth-death,20,2026-09-19T16:12:43.930112
6_100_tips,12.0,0.0618556701030927,6.4221625740000015,1.253041796467251,100,,Phyloformer,,,20,True,20,TreeSize_SequenceLength,LG,1.0,500,birth-death,20,2026-09-19T16:12:43.930112
10_200_tips,40.0,0.1015228426395939,0.9428613343999996,0.1035949535291078,200,,Phyloformer,,,20,True,20,TreeSize_SequenceLength,LG,1.0,500,birth-death,20,2026-09-19T16:12:43.930112
15_200_tips,64.0,0.1624365482233502,4.1352230656,0.7123154040270488,200,,Phyloformer,,,20,True,20,TreeSize_SequenceLength,LG,1.0,500,birth-death,20,2026-09-19T16:12:43.930112
9_50_tips,10.0,0.1063829787234042,1.7577296770000002,0.9563505811747496,50,,Phyloformer,,,20,True,20,TreeSize_SequenceLength,LG,1.0,500,birth-death,20,2026-09-19T16:12:43.930112
17_200_tips,42.0,0.1065989847715736,2.599308987200001,0.3086210671189709,200,,Phyloformer,,,20,True,20,TreeSize_SequenceLength,LG,1.0,500,birth-death,20,2026-09-19T16:12:43.930112
9_100_tips,12.0,0.0618556701030927,2.10617775,0.3294448169796682,100,,Phyloformer,,,20,True,20,TreeSize_SequenceLength,LG,1.0,500,birth-death,20,2026-09-19T16:12:43.930112
7_100_tips,56.0,0.2886597938144329,0.1608979257699999,0.0212286645702536,100,,Phyloformer,,,20,True,20,TreeSize_SequenceLength,LG,1.0,500,birth-death,20,2026-09-19T16:12:43.930112
7_200_tips,90.0,0.2284263959390862,0.6053608085700001,0.0657501861176284,200,,Phyloformer,,,20,True,20,TreeSize_SequenceLength,LG,1.0,500,birth-death,20,2026-09-19T16:12:43.930112
11_10_tips,2.0,0.1428571428571428,0.23355664,0.1224293887142054,10,,Phyloformer,,,20,True,20,TreeSize_SequenceLength,LG,1.0,500,birth-death,20,2026-09-19T16:12:43.930112
9_200_tips,24.0,0.0609137055837563,4.056505703000001,0.4810638795551795,200,,Phyloformer,,,20,True,20,TreeSize_SequenceLength,LG,1.0,500,birth-death,20,2026-09-19T16:12:43.930112
5_50_tips,30.0,0.3191489361702128,0.1053332393,0.0224096378619247,50,,Phyloformer,,,20,True,20,TreeSize_SequenceLength,LG,1.0,500,birth-death,20,2026-09-19T16:12:43.930112
14_200_tips,152.0,0.3857868020304568,1.1234289395140007,0.2151688712623545,200,,Phyloformer,,,20,True,20,TreeSize_SequenceLength,LG,1.0,500,birth-death,20,2026-09-19T16:12:43.930112
8_50_tips,8.0,0.0851063829787234,0.9119669743000002,0.1998145717545854,50,,Phyloformer,,,20,True,20,TreeSize_SequenceLength,LG,1.0,500,birth-death,20,2026-09-19T16:12:43.930112
18_10_tips,2.0,0.1428571428571428,1.76572058,0.8758231911711578,10,,Phyloformer,,,20,True,20,TreeSize_SequenceLength,LG,1.0,500,birth-death,20,2026-09-19T16:12:43.930112
10_50_tips,2.0,0.0212765957446808,1.06413748,0.2392023435771706,50,,Phyloformer,,,20,True,20,TreeSize_SequenceLength,LG,1.0,500,birth-death,20,2026-09-19T16:12:43.930112
4_20_tips,2.0,0.0588235294117647,0.5699760700000001,0.2257582210974454,20,,Phyloformer,,,20,True,20,TreeSize_SequenceLength,LG,1.0,500,birth-death,20,2026-09-19T16:12:43.930112
16_200_tips,148.0,0.3756345177664975,0.41877703888,0.0451504696240028,200,,Phyloformer,,,20,True,20,TreeSize_SequenceLength,LG,1.0,500,birth-death,20,2026-09-19T16:12:43.930112
2_50_tips,8.0,0.0851063829787234,0.602279791,0.1541421788858721,50,,Phyloformer,,,20,True,20,TreeSize_SequenceLength,LG,1.0,500,birth-death,20,2026-09-19T16:12:43.930112
12_100_tips,138.0,0.711340206185567,0.1028575093199999,0.0127510923739865,100,,Phyloformer,,,20,True,20,TreeSize_SequenceLength,LG,1.0,500,birth-death,20,2026-09-19T16:12:43.930112
0_100_tips,10.0,0.0515463917525773,2.190575738000001,0.3679391223957645,100,,Phyloformer,,,20,True,20,TreeSize_SequenceLength,LG,1.0,500,birth-death,20,2026-09-19T16:12:43.930112
12_50_tips,6.0,0.0638297872340425,0.7043256400000002,0.1645511976466181,50,,Phyloformer,,,20,True,20,TreeSize_SequenceLength,LG,1.0,500,birth-death,20,2026-09-19T16:12:43.930112
2_100_tips,44.0,0.2268041237113402,0.3460545535600001,0.0504839467238897,100,,Phyloformer,,,20,True,20,TreeSize_SequenceLength,LG,1.0,500,birth-death,20,2026-09-19T16:12:43.930112
19_20_tips,4.0,0.1176470588235294,3.51633441,1.0887925704895487,20,,Phyloformer,,,20,True,20,TreeSize_SequenceLength,LG,1.0,500,birth-death,20,2026-09-19T16:12:43.930112
19_10_tips,0.0,0.0,0.4341716199999998,0.215990693371119,10,,Phyloformer,,,20,True,20,TreeSize_SequenceLength,LG,1.0,500,birth-death,20,2026-09-19T16:12:43.930112
10_20_tips,4.0,0.1176470588235294,1.2320478300000002,0.497592713902044,20,,Phyloformer,,,20,True,20,TreeSize_SequenceLength,LG,1.0,500,birth-death,20,2026-09-19T16:12:43.930112
7_50_tips,10.0,0.1063829787234042,0.1369637658,0.0272890412544006,50,,Phyloformer,,,20,True,20,TreeSize_SequenceLength,LG,1.0,500,birth-death,20,2026-09-19T16:12:43.930112
11_100_tips,16.0,0.0824742268041237,1.212972349,0.1785293483190992,100,,Phyloformer,,,20,True,20,TreeSize_SequenceLength,LG,1.0,500,birth-death,20,2026-09-19T16:12:43.930112
7_10_tips,2.0,0.1428571428571428,1.2628599099999998,0.7534363376527267,10,,Phyloformer,,,20,True,20,TreeSize_SequenceLength,LG,1.0,500,birth-death,20,2026-09-19T16:12:43.930112
5_20_tips,0.0,0.0,0.8873432399999999,0.2737519687294906,20,,Phyloformer,,,20,True,20,TreeSize_SequenceLength,LG,1.0,500,birth-death,20,2026-09-19T16:12:43.930112
5_10_tips,0.0,0.0,0.09660411,0.0427760290503302,10,,Phyloformer,,,20,True,20,TreeSize_SequenceLength,LG,1.0,500,birth-death,20,2026-09-19T16:12:43.930112
16_100_tips,12.0,0.0618556701030927,2.3541611053,0.4108911378059663,100,,Phyloformer,,,20,True,20,TreeSize_SequenceLength,LG,1.0,500,birth-death,20,2026-09-19T16:12:43.930112
15_100_tips,62.0,0.3195876288659793,0.21046358169,0.0257834369850912,100,,Phyloformer,,,20,True,20,TreeSize_SequenceLength,LG,1.0,500,birth-death,20,2026-09-19T16:12:43.930112
13_200_tips,56.0,0.1421319796954314,7.8300590849999985,1.1973623018677069,200,,Phyloformer,,,20,True,20,TreeSize_SequenceLength,LG,1.0,500,birth-death,20,2026-09-19T16:12:43.930112
16_50_tips,22.0,0.2340425531914893,2.5670551450000003,0.6197737777790464,50,,Phyloformer,,,20,True,20,TreeSize_SequenceLength,LG,1.0,500,birth-death,20,2026-09-19T16:12:43.930112
14_50_tips,30.0,0.3191489361702128,0.0791970446999999,0.0164487850083251,50,,Phyloformer,,,20,True,20,TreeSize_SequenceLength,LG,1.0,500,birth-death,20,2026-09-19T16:12:43.930112
3_100_tips,12.0,0.0618556701030927,3.039632832400002,0.4576866211279049,100,,Phyloformer,,,20,True,20,TreeSize_SequenceLength,LG,1.0,500,birth-death,20,2026-09-19T16:12:43.930112
3_10_tips,0.0,0.0,0.4727406000000002,0.3703933952479811,10,,Phyloformer,,,20,True,20,TreeSize_SequenceLength,LG,1.0,500,birth-death,20,2026-09-19T16:12:43.930112
0_20_tips,12.0,0.3529411764705882,0.0193935819,0.0056935062129915,20,,Phyloformer,,,20,True,20,TreeSize_SequenceLength,LG,1.0,500,birth-death,20,2026-09-19T16:12:43.930112
9_20_tips,4.0,0.1176470588235294,2.94832257,1.2714643650181474,20,,Phyloformer,,,20,True,20,TreeSize_SequenceLength,LG,1.0,500,birth-death,20,2026-09-19T16:12:43.930112
6_20_tips,0.0,0.0,2.58272329,1.2483094715130658,20,,Phyloformer,,,20,True,20,TreeSize_SequenceLength,LG,1.0,500,birth-death,20,2026-09-19T16:12:43.930112
4_100_tips,12.0,0.0618556701030927,0.5468089043000001,0.0739839658976256,100,,Phyloformer,,,20,True,20,TreeSize_SequenceLength,LG,1.0,500,birth-death,20,2026-09-19T16:12:43.930112
2_200_tips,58.0,0.1472081218274111,3.317568676400001,0.5609714976054451,200,,Phyloformer,,,20,True,20,TreeSize_SequenceLength,LG,1.0,500,birth-death,20,2026-09-19T16:12:43.930112
11_20_tips,0.0,0.0,0.4154346100000001,0.1249315257706793,20,,Phyloformer,,,20,True,20,TreeSize_SequenceLength,LG,1.0,500,birth-death,20,2026-09-19T16:12:43.930112
17_50_tips,8.0,0.0851063829787234,2.60583037,0.5162731200540589,50,,Phyloformer,,,20,True,20,TreeSize_SequenceLength,LG,1.0,500,birth-death,20,2026-09-19T16:12:43.930112
16_10_tips,0.0,0.0,0.1660304800000001,0.0831210051340876,10,,Phyloformer,,,20,True,20,TreeSize_SequenceLength,LG,1.0,500,birth-death,20,2026-09-19T16:12:43.930112
19_50_tips,8.0,0.0851063829787234,4.762493080000001,0.9880117092292222,50,,Phyloformer,,,20,True,20,TreeSize_SequenceLength,LG,1.0,500,birth-death,20,2026-09-19T16:12:43.930112
5_200_tips,192.0,0.4873096446700508,0.2922777256800001,0.029350775974236,200,,Phyloformer,,,20,True,20,TreeSize_SequenceLength,LG,1.0,500,birth-death,20,2026-09-19T16:12:43.930112
12_200_tips,60.0,0.1522842639593908,4.841703738000001,0.4925112319256544,200,,Phyloformer,,,20,True,20,TreeSize_SequenceLength,LG,1.0,500,birth-death,20,2026-09-19T16:12:43.930112
11_200_tips,60.0,0.1522842639593908,1.3016109139,0.1496878571531145,200,,Phyloformer,,,20,True,20,TreeSize_SequenceLength,LG,1.0,500,birth-death,20,2026-09-19T16:12:43.930112
6_200_tips,60.0,0.1522842639593908,1.5141997339000004,0.173518925905173,200,,Phyloformer,,,20,True,20,TreeSize_SequenceLength,LG,1.0,500,birth-death,20,2026-09-19T16:12:43.930112
3_200_tips,30.0,0.0761421319796954,1.6454898950000003,0.1723336370128841,200,,Phyloformer,,,20,True,20,TreeSize_SequenceLength,LG,1.0,500,birth-death,20,2026-09-19T16:12:43.930112
1_200_tips,48.0,0.1218274111675127,4.0602985772,0.4638391468238039,200,,Phyloformer,,,20,True,20,TreeSize_SequenceLength,LG,1.0,500,birth-death,20,2026-09-19T16:12:43.930112
0_200_tips,26.0,0.065989847715736,3.793433865999999,0.4530750845870506,200,,Phyloformer,,,20,True,20,TreeSize_SequenceLength,LG,1.0,500,birth-death,20,2026-09-19T16:12:43.930112
4_200_tips,64.0,0.1624365482233502,4.8508508964000026,0.6650490155654348,200,,Phyloformer,,,20,True,20,TreeSize_SequenceLength,LG,1.0,500,birth-death,20,2026-09-19T16:12:43.930112
19_200_tips,60.0,0.1522842639593908,0.99834789062,0.1218861087499986,200,,Phyloformer,,,20,True,20,TreeSize_SequenceLength,LG,1.0,500,birth-death,20,2026-09-19T16:12:43.930112
18_200_tips,92.0,0.233502538071066,0.7293164579000008,0.084658625730228,200,,Phyloformer,,,20,True,20,TreeSize_SequenceLength,LG,1.0,500,birth-death,20,2026-09-19T16:12:43.930112
8_200_tips,56.0,0.1421319796954314,4.302654180589999,0.4643158629070164,200,,Phyloformer,,,20,True,20,TreeSize_SequenceLength,LG,1.0,500,birth-death,20,2026-09-19T16:12:43.930112
17_10_tips,6.0,0.4285714285714285,10.8407971886,5.177420368999061,10,,IQ-TREE,5967.860651016235,,20,True,20,TreeSize_SequenceLength,LG,1.0,250,birth-death,20,2026-09-20T02:22:10.608793
14_10_tips,0.0,0.0,0.7338893655000001,0.5597478717648571,10,,IQ-TREE,5967.860651016235,,20,True,20,TreeSize_SequenceLength,LG,1.0,250,birth-death,20,2026-09-20T02:22:10.608793
9_10_tips,0.0,0.0,2.9196179309000003,2.145714876648628,10,,IQ-TREE,5967.860651016235,,20,True,20,TreeSize_SequenceLength,LG,1.0,250,birth-death,20,2026-09-20T02:22:10.608793
6_10_tips,0.0,0.0,1.5637758552,1.1108634081897368,10,,IQ-TREE,5967.860651016235,,20,True,20,TreeSize_SequenceLength,LG,1.0,250,birth-death,20,2026-09-20T02:22:10.608793
18_20_tips,10.0,0.2941176470588235,0.07550176342,0.0233848995177007,20,,IQ-TREE,5967.860651016235,,20,True,20,TreeSize_SequenceLength,LG,1.0,250,birth-death,20,2026-09-20T02:22:10.608793
7_20_tips,4.0,0.1176470588235294,0.7893108062999998,0.2678705169958432,20,,IQ-TREE,5967.860651016235,,20,True,20,TreeSize_SequenceLength,LG,1.0,250,birth-death,20,2026-09-20T02:22:10.608793
2_50_tips,6.0,0.0638297872340425,0.7441841638,0.2893735733832199,50,,IQ-TREE,5967.860651016235,,20,True,20,TreeSize_SequenceLength,LG,1.0,250,birth-death,20,2026-09-20T02:22:10.608793
3_50_tips,16.0,0.1702127659574468,0.9653078746,0.2358325216161145,50,,IQ-TREE,5967.860651016235,,20,True,20,TreeSize_SequenceLength,LG,1.0,250,birth-death,20,2026-09-20T02:22:10.608793
0_10_tips,0.0,0.0,0.5776761932,0.3188761141231335,10,,IQ-TREE,5967.860651016235,,20,True,20,TreeSize_SequenceLength,LG,1.0,250,birth-death,20,2026-09-20T02:22:10.608793
15_50_tips,14.0,0.1489361702127659,1.3241172934999996,0.308238531533277,50,,IQ-TREE,5967.860651016235,,20,True,20,TreeSize_SequenceLength,LG,1.0,250,birth-death,20,2026-09-20T02:22:10.608793
12_50_tips,4.0,0.0425531914893617,1.1204525206000002,0.3009819207770238,50,,IQ-TREE,5967.860651016235,,20,True,20,TreeSize_SequenceLength,LG,1.0,250,birth-death,20,2026-09-20T02:22:10.608793
6_50_tips,6.0,0.0638297872340425,3.3898169202,1.054610357095623,50,,IQ-TREE,5967.860651016235,,20,True,20,TreeSize_SequenceLength,LG,1.0,250,birth-death,20,2026-09-20T02:22:10.608793
11_50_tips,20.0,0.2127659574468085,0.5024093459,0.1065561259967227,50,,IQ-TREE,5967.860651016235,,20,True,20,TreeSize_SequenceLength,LG,1.0,250,birth-death,20,2026-09-20T02:22:10.608793
7_50_tips,32.0,0.3404255319148936,0.3841334137999999,0.0826265303002543,50,,IQ-TREE,5967.860651016235,,20,True,20,TreeSize_SequenceLength,LG,1.0,250,birth-death,20,2026-09-20T02:22:10.608793
0_50_tips,6.0,0.0638297872340425,15.522100339700003,4.278545690961184,50,,IQ-TREE,5967.860651016235,,20,True,20,TreeSize_SequenceLength,LG,1.0,250,birth-death,20,2026-09-20T02:22:10.608793
8_10_tips,0.0,0.0,10.063153929,4.335673632125021,10,,IQ-TREE,5967.860651016235,,20,True,20,TreeSize_SequenceLength,LG,1.0,250,birth-death,20,2026-09-20T02:22:10.608793
5_100_tips,18.0,0.0927835051546391,2.6665120419,0.4826968921795868,100,,IQ-TREE,5967.860651016235,,20,True,20,TreeSize_SequenceLength,LG,1.0,250,birth-death,20,2026-09-20T02:22:10.608793
15_100_tips,90.0,0.4639175257731959,0.2629284293099988,0.0396638275807802,100,,IQ-TREE,5967.860651016235,,20,True,20,TreeSize_SequenceLength,LG,1.0,250,birth-death,20,2026-09-20T02:22:10.608793
7_100_tips,90.0,0.4639175257731959,0.279362184269999,0.0422582700180994,100,,IQ-TREE,5967.860651016235,,20,True,20,TreeSize_SequenceLength,LG,1.0,250,birth-death,20,2026-09-20T02:22:10.608793
1_100_tips,22.0,0.1134020618556701,2.0444502762000005,0.3350104975559972,100,,IQ-TREE,5967.860651016235,,20,True,20,TreeSize_SequenceLength,LG,1.0,250,birth-death,20,2026-09-20T02:22:10.608793
14_100_tips,14.0,0.0721649484536082,4.932427837900002,1.2528719038882972,100,,IQ-TREE,5967.860651016235,,20,True,20,TreeSize_SequenceLength,LG,1.0,250,birth-death,20,2026-09-20T02:22:10.608793
8_20_tips,2.0,0.0588235294117647,1.8785587962,0.6465970644879677,20,,IQ-TREE,5967.860651016235,,20,True,20,TreeSize_SequenceLength,LG,1.0,250,birth-death,20,2026-09-20T02:22:10.608793
19_100_tips,46.0,0.2371134020618556,0.6228684580000007,0.0893792689297009,100,,IQ-TREE,5967.860651016235,,20,True,20,TreeSize_SequenceLength,LG,1.0,250,birth-death,20,2026-09-20T02:22:10.608793
4_10_tips,2.0,0.1428571428571428,0.5493818994,0.2241559962039688,10,,IQ-TREE,5967.860651016235,,20,True,20,TreeSize_SequenceLength,LG,1.0,250,birth-death,20,2026-09-20T02:22:10.608793
12_10_tips,4.0,0.2857142857142857,0.7402918025,0.3254473341597669,10,,IQ-TREE,5967.860651016235,,20,True,20,TreeSize_SequenceLength,LG,1.0,250,birth-death,20,2026-09-20T02:22:10.608793
0_100_tips,14.0,0.0721649484536082,3.2421349056000004,0.76808122480263,100,,IQ-TREE,5967.860651016235,,20,True,20,TreeSize_SequenceLength,LG,1.0,250,birth-death,20,2026-09-20T02:22:10.608793
9_50_tips,14.0,0.1489361702127659,2.4216129387000014,1.5595012447167411,50,,IQ-TREE,5967.860651016235,,20,True,20,TreeSize_SequenceLength,LG,1.0,250,birth-death,20,2026-09-20T02:22:10.608793
18_50_tips,26.0,0.2765957446808511,0.2078066175,0.0465044505793978,50,,IQ-TREE,5967.860651016235,,20,True,20,TreeSize_SequenceLength,LG,1.0,250,birth-death,20,2026-09-20T02:22:10.608793
16_100_tips,22.0,0.1134020618556701,3.4025465622000017,0.6734471225732755,100,,IQ-TREE,5967.860651016235,,20,True,20,TreeSize_SequenceLength,LG,1.0,250,birth-death,20,2026-09-20T02:22:10.608793
18_10_tips,2.0,0.1428571428571428,3.1841304508,1.6714336327885102,10,,IQ-TREE,5967.860651016235,,20,True,20,TreeSize_SequenceLength,LG,1.0,250,birth-death,20,2026-09-20T02:22:10.608793
10_50_tips,16.0,0.1702127659574468,2.673669766399999,0.6806730487144844,50,,IQ-TREE,5967.860651016235,,20,True,20,TreeSize_SequenceLength,LG,1.0,250,birth-death,20,2026-09-20T02:22:10.608793
11_100_tips,18.0,0.0927835051546391,1.8515700392000003,0.3433452889632081,100,,IQ-TREE,5967.860651016235,,20,True,20,TreeSize_SequenceLength,LG,1.0,250,birth-death,20,2026-09-20T02:22:10.608793
4_20_tips,0.0,0.0,0.6131019610000001,0.2649369393080273,20,,IQ-TREE,5967.860651016235,,20,True,20,TreeSize_SequenceLength,LG,1.0,250,birth-death,20,2026-09-20T02:22:10.608793
19_20_tips,8.0,0.2352941176470588,12.2530410656,3.948108561996486,20,,IQ-TREE,5967.860651016235,,20,True,20,TreeSize_SequenceLength,LG,1.0,250,birth-death,20,2026-09-20T02:22:10.608793
19_10_tips,2.0,0.1428571428571428,0.9915570576,0.3768079097232193,10,,IQ-TREE,5967.860651016235,,20,True,20,TreeSize_SequenceLength,LG,1.0,250,birth-death,20,2026-09-20T02:22:10.608793
10_20_tips,8.0,0.2352941176470588,4.1195623285,1.7802453140769032,20,,IQ-TREE,5967.860651016235,,20,True,20,TreeSize_SequenceLength,LG,1.0,250,birth-death,20,2026-09-20T02:22:10.608793
9_100_tips,14.0,0.0721649484536082,3.0422781154,0.5630875100677006,100,,IQ-TREE,5967.860651016235,,20,True,20,TreeSize_SequenceLength,LG,1.0,250,birth-death,20,2026-09-20T02:22:10.608793
18_100_tips,16.0,0.0824742268041237,1.4132784523,0.2088849645899009,100,,IQ-TREE,5967.860651016235,,20,True,20,TreeSize_SequenceLength,LG,1.0,250,birth-death,20,2026-09-20T02:22:10.608793
8_50_tips,10.0,0.1063829787234042,2.0861828465,0.5851645098126582,50,,IQ-TREE,5967.860651016235,,20,True,20,TreeSize_SequenceLength,LG,1.0,250,birth-death,20,2026-09-20T02:22:10.608793
12_100_tips,148.0,0.7628865979381443,0.14325838412,0.0263981917409573,100,,IQ-TREE,5967.860651016235,,20,True,20,TreeSize_SequenceLength,LG,1.0,250,birth-death,20,2026-09-20T02:22:10.608793
5_50_tips,40.0,0.425531914893617,0.1582870165999999,0.0371209483269517,50,,IQ-TREE,5967.860651016235,,20,True,20,TreeSize_SequenceLength,LG,1.0,250,birth-death,20,2026-09-20T02:22:10.608793
13_100_tips,34.0,0.1752577319587628,0.9584245863000004,0.1357745111087442,100,,IQ-TREE,5967.860651016235,,20,True,20,TreeSize_SequenceLength,LG,1.0,250,birth-death,20,2026-09-20T02:22:10.608793
15_200_tips,64.0,0.1624365482233502,8.279350063099983,1.8968044132206023,200,,IQ-TREE,5967.860651016235,,20,True,20,TreeSize_SequenceLength,LG,1.0,250,birth-death,20,2026-09-20T02:22:10.608793
16_20_tips,2.0,0.0588235294117647,0.1559902526,0.0568786422608284,20,,IQ-TREE,5967.860651016235,,20,True,20,TreeSize_SequenceLength,LG,1.0,250,birth-death,20,2026-09-20T02:22:10.608793
17_20_tips,12.0,0.3529411764705882,0.3288497388999998,0.14053685038868,20,,IQ-TREE,5967.860651016235,,20,True,20,TreeSize_SequenceLength,LG,1.0,250,birth-death,20,2026-09-20T02:22:10.608793
2_100_tips,86.0,0.4432989690721649,0.4341907260599989,0.0655112061761965,100,,IQ-TREE,5967.860651016235,,20,True,20,TreeSize_SequenceLength,LG,1.0,250,birth-death,20,2026-09-20T02:22:10.608793
9_20_tips,2.0,0.0588235294117647,5.1429100469,2.462326322539604,20,,IQ-TREE,5967.860651016235,,20,True,20,TreeSize_SequenceLength,LG,1.0,250,birth-death,20,2026-09-20T02:22:10.608793
10_100_tips,38.0,0.1958762886597938,1.3214503899999992,0.2614609534267457,100,,IQ-TREE,5967.860651016235,,20,True,20,TreeSize_SequenceLength,LG,1.0,250,birth-death,20,2026-09-20T02:22:10.608793
16_50_tips,22.0,0.2340425531914893,7.3338152273000015,2.366305032539758,50,,IQ-TREE,5967.860651016235,,20,True,20,TreeSize_SequenceLength,LG,1.0,250,birth-death,20,2026-09-20T02:22:10.608793
7_200_tips,168.0,0.4263959390862944,0.7358131276700022,0.0746005031429662,200,,IQ-TREE,5967.860651016235,,20,True,20,TreeSize_SequenceLength,LG,1.0,250,birth-death,20,2026-09-20T02:22:10.608793
11_10_tips,6.0,0.4285714285714285,0.6688313090000001,0.2750835852146699,10,,IQ-TREE,5967.860651016235,,20,True,20,TreeSize_SequenceLength,LG,1.0,250,birth-death,20,2026-09-20T02:22:10.608793
6_20_tips,6.0,0.1764705882352941,5.247259211800002,2.4184416839414347,20,,IQ-TREE,5967.860651016235,,20,True,20,TreeSize_SequenceLength,LG,1.0,250,birth-death,20,2026-09-20T02:22:10.608793
17_50_tips,8.0,0.0851063829787234,8.9981851663,2.155824781327901,50,,IQ-TREE,5967.860651016235,,20,True,20,TreeSize_SequenceLength,LG,1.0,250,birth-death,20,2026-09-20T02:22:10.608793
16_200_tips,196.0,0.4974619289340101,0.5014930592799984,0.0562334809950758,200,,IQ-TREE,5967.860651016235,,20,True,20,TreeSize_SequenceLength,LG,1.0,250,birth-death,20,2026-09-20T02:22:10.608793
15_20_tips,4.0,0.1176470588235294,0.3842193761999999,0.1120830593295101,20,,IQ-TREE,5967.860651016235,,20,True,20,TreeSize_SequenceLength,LG,1.0,250,birth-death,20,2026-09-20T02:22:10.608793
3_20_tips,6.0,0.1764705882352941,1.1813531650999995,0.4155353566142683,20,,IQ-TREE,5967.860651016235,,20,True,20,TreeSize_SequenceLength,LG,1.0,250,birth-death,20,2026-09-20T02:22:10.608793
14_20_tips,2.0,0.0588235294117647,0.442639442,0.1967427231970753,20,,IQ-TREE,5967.860651016235,,20,True,20,TreeSize_SequenceLength,LG,1.0,250,birth-death,20,2026-09-20T02:22:10.608793
15_10_tips,0.0,0.0,0.5747663566000001,0.2974565665757607,10,,IQ-TREE,5967.860651016235,,20,True,20,TreeSize_SequenceLength,LG,1.0,250,birth-death,20,2026-09-20T02:22:10.608793
2_200_tips,70.0,0.1776649746192893,6.613027245200002,1.5013505043320514,200,,IQ-TREE,5967.860651016235,,20,True,20,TreeSize_SequenceLength,LG,1.0,250,birth-death,20,2026-09-20T02:22:10.608793
19_50_tips,14.0,0.1489361702127659,13.321290653300002,3.386973006325828,50,,IQ-TREE,5967.860651016235,,20,True,20,TreeSize_SequenceLength,LG,1.0,250,birth-death,20,2026-09-20T02:22:10.608793
16_10_tips,0.0,0.0,0.4954623828999999,0.3263829184042427,10,,IQ-TREE,5967.860651016235,,20,True,20,TreeSize_SequenceLength,LG,1.0,250,birth-death,20,2026-09-20T02:22:10.608793
11_20_tips,8.0,0.2352941176470588,1.3685965363999997,0.3986070528805743,20,,IQ-TREE,5967.860651016235,,20,True,20,TreeSize_SequenceLength,LG,1.0,250,birth-death,20,2026-09-20T02:22:10.608793
6_200_tips,86.0,0.2182741116751269,2.5581394889000024,0.408714985586229,200,,IQ-TREE,5967.860651016235,,20,True,20,TreeSize_SequenceLength,LG,1.0,250,birth-death,20,2026-09-20T02:22:10.608793
6_100_tips,18.0,0.0927835051546391,14.366185541100007,2.8867529006486192,100,,IQ-TREE,5967.860651016235,,20,True,20,TreeSize_SequenceLength,LG,1.0,250,birth-death,20,2026-09-20T02:22:10.608793
13_10_tips,0.0,0.0,0.2495747380999999,0.133902740097,10,,IQ-TREE,5967.860651016235,,20,True,20,TreeSize_SequenceLength,LG,1.0,250,birth-death,20,2026-09-20T02:22:10.608793
1_20_tips,2.0,0.0588235294117647,1.4799744038999998,0.6237582889906206,20,,IQ-TREE,5967.860651016235,,20,True,20,TreeSize_SequenceLength,LG,1.0,250,birth-death,20,2026-09-20T02:22:10.608793
1_200_tips,46.0,0.116751269035533,4.9666762309,0.640379339423483,200,,IQ-TREE,5967.860651016235,,20,True,20,TreeSize_SequenceLength,LG,1.0,250,birth-death,20,2026-09-20T02:22:10.608793
14_50_tips,72.0,0.7659574468085106,0.1163897862999999,0.0263265513950503,50,,IQ-TREE,5967.860651016235,,20,True,20,TreeSize_SequenceLength,LG,1.0,250,birth-death,20,2026-09-20T02:22:10.608793
1_50_tips,8.0,0.0851063829787234,2.3809148716,0.5359925257646665,50,,IQ-TREE,5967.860651016235,,20,True,20,TreeSize_SequenceLength,LG,1.0,250,birth-death,20,2026-09-20T02:22:10.608793
13_200_tips,58.0,0.1472081218274111,16.567421171000003,2.868001051330711,200,,IQ-TREE,5967.860651016235,,20,True,20,TreeSize_SequenceLength,LG,1.0,250,birth-death,20,2026-09-20T02:22:10.608793
12_20_tips,0.0,0.0,3.2096799055,1.4204095829990078,20,,IQ-TREE,5967.860651016235,,20,True,20,TreeSize_SequenceLength,LG,1.0,250,birth-death,20,2026-09-20T02:22:10.608793
10_10_tips,2.0,0.1428571428571428,3.5393470967,1.805527205899504,10,,IQ-TREE,5967.860651016235,,20,True,20,TreeSize_SequenceLength,LG,1.0,250,birth-death,20,2026-09-20T02:22:10.608793
3_200_tips,42.0,0.1065989847715736,2.813804905,0.3341739412914848,200,,IQ-TREE,5967.860651016235,,20,True,20,TreeSize_SequenceLength,LG,1.0,250,birth-death,20,2026-09-20T02:22:10.608793
0_200_tips,50.0,0.1269035532994923,8.684887624699998,1.151658811272244,200,,IQ-TREE,5967.860651016235,,20,True,20,TreeSize_SequenceLength,LG,1.0,250,birth-death,20,2026-09-20T02:22:10.608793
3_10_tips,2.0,0.1428571428571428,0.9926113637999998,0.6598065828683828,10,,IQ-TREE,5967.860651016235,,20,True,20,TreeSize_SequenceLength,LG,1.0,250,birth-death,20,2026-09-20T02:22:10.608793
17_100_tips,16.0,0.0824742268041237,2.8818310565,0.5835876682676829,100,,IQ-TREE,5967.860651016235,,20,True,20,TreeSize_SequenceLength,LG,1.0,250,birth-death,20,2026-09-20T02:22:10.608793
0_20_tips,16.0,0.4705882352941176,0.0354711427,0.0139802973654674,20,,IQ-TREE,5967.860651016235,,20,True,20,TreeSize_SequenceLength,LG,1.0,250,birth-death,20,2026-09-20T02:22:10.608793
7_10_tips,2.0,0.1428571428571428,1.8080369666,1.018096736971882,10,,IQ-TREE,5967.860651016235,,20,True,20,TreeSize_SequenceLength,LG,1.0,250,birth-death,20,2026-09-20T02:22:10.608793
5_20_tips,4.0,0.1176470588235294,1.9884633666,0.6875619876870912,20,,IQ-TREE,5967.860651016235,,20,True,20,TreeSize_SequenceLength,LG,1.0,250,birth-death,20,2026-09-20T02:22:10.608793
5_10_tips,2.0,0.1428571428571428,0.2094653416,0.1041849842996418,10,,IQ-TREE,5967.860651016235,,20,True,20,TreeSize_SequenceLength,LG,1.0,250,birth-death,20,2026-09-20T02:22:10.608793
3_100_tips,14.0,0.0721649484536082,5.4525837468,0.9611957497411378,100,,IQ-TREE,5967.860651016235,,20,True,20,TreeSize_SequenceLength,LG,1.0,250,birth-death,20,2026-09-20T02:22:10.608793
12_200_tips,48.0,0.1218274111675127,11.805263191600002,1.6379082064831307,200,,IQ-TREE,5967.860651016235,,20,True,20,TreeSize_SequenceLength,LG,1.0,250,birth-death,20,2026-09-20T02:22:10.608793
4_50_tips,4.0,0.0425531914893617,0.4113887897999999,0.0854126738270837,50,,IQ-TREE,5967.860651016235,,20,True,20,TreeSize_SequenceLength,LG,1.0,250,birth-death,20,2026-09-20T02:22:10.608793
2_20_tips,0.0,0.0,0.7715552368999999,0.4583424047733344,20,,IQ-TREE,5967.860651016235,,20,True,20,TreeSize_SequenceLength,LG,1.0,250,birth-death,20,2026-09-20T02:22:10.608793
4_100_tips,36.0,0.1855670103092783,0.9086917088000004,0.125608627820665,100,,IQ-TREE,5967.860651016235,,20,True,20,TreeSize_SequenceLength,LG,1.0,250,birth-death,20,2026-09-20T02:22:10.608793
13_50_tips,14.0,0.1489361702127659,0.4448704407999999,0.0891139247575665,50,,IQ-TREE,5967.860651016235,,20,True,20,TreeSize_SequenceLength,LG,1.0,250,birth-death,20,2026-09-20T02:22:10.608793
13_20_tips,0.0,0.0,3.2565783086,1.1590167595673246,20,,IQ-TREE,5967.860651016235,,20,True,20,TreeSize_SequenceLength,LG,1.0,250,birth-death,20,2026-09-20T02:22:10.608793
2_10_tips,2.0,0.1428571428571428,0.6521841240000003,0.4818932372159279,10,,IQ-TREE,5967.860651016235,,20,True,20,TreeSize_SequenceLength,LG,1.0,250,birth-death,20,2026-09-20T02:22:10.608793
1_10_tips,0.0,0.0,0.106899106,0.0594984221503036,10,,IQ-TREE,5967.860651016235,,20,True,20,TreeSize_SequenceLength,LG,1.0,250,birth-death,20,2026-09-20T02:22:10.608793
8_100_tips,12.0,0.0618556701030927,4.2662011926000005,0.8118413458963463,100,,IQ-TREE,5967.860651016235,,20,True,20,TreeSize_SequenceLength,LG,1.0,250,birth-death,20,2026-09-20T02:22:10.608793
4_200_tips,66.0,0.1675126903553299,9.347267362899991,1.7287708037663707,200,,IQ-TREE,5967.860651016235,,20,True,20,TreeSize_SequenceLength,LG,1.0,250,birth-death,20,2026-09-20T02:22:10.608793
19_200_tips,82.0,0.2081218274111675,1.3883110146199982,0.1614068364358035,200,,IQ-TREE,5967.860651016235,,20,True,20,TreeSize_SequenceLength,LG,1.0,250,birth-death,20,2026-09-20T02:22:10.608793
18_200_tips,140.0,0.3553299492385787,0.9353125946000016,0.1061958905416269,200,,IQ-TREE,5967.860651016235,,20,True,20,TreeSize_SequenceLength,LG,1.0,250,birth-death,20,2026-09-20T02:22:10.608793
8_200_tips,80.0,0.2030456852791878,10.48631456718998,1.816137120513428,200,,IQ-TREE,5967.860651016235,,20,True,20,TreeSize_SequenceLength,LG,1.0,250,birth-death,20,2026-09-20T02:22:10.608793
10_200_tips,114.0,0.2893401015228426,1.5166529121999983,0.1811614056908367,200,,IQ-TREE,5967.860651016235,,20,True,20,TreeSize_SequenceLength,LG,1.0,250,birth-death,20,2026-09-20T02:22:10.608793
17_200_tips,42.0,0.1065989847715736,3.1208872488,0.3958095908026194,200,,IQ-TREE,5967.860651016235,,20,True,20,TreeSize_SequenceLength,LG,1.0,250,birth-death,20,2026-09-20T02:22:10.608793
11_200_tips,116.0,0.2944162436548223,1.6472044689999987,0.1987766034788393,200,,IQ-TREE,5967.860651016235,,20,True,20,TreeSize_SequenceLength,LG,1.0,250,birth-death,20,2026-09-20T02:22:10.608793
9_200_tips,44.0,0.1116751269035533,7.710927936199997,1.0330698359088544,200,,IQ-TREE,5967.860651016235,,20,True,20,TreeSize_SequenceLength,LG,1.0,250,birth-death,20,2026-09-20T02:22:10.608793
5_200_tips,242.0,0.6142131979695431,0.4101152486799975,0.0463652987408856,200,,IQ-TREE,5967.860651016235,,20,True,20,TreeSize_SequenceLength,LG,1.0,250,birth-death,20,2026-09-20T02:22:10.608793
14_200_tips,186.0,0.4720812182741117,1.2979680783539942,0.2568970699910703,200,,IQ-TREE,5967.860651016235,,20,True,20,TreeSize_SequenceLength,LG,1.0,250,birth-death,20,2026-09-20T02:22:10.608793
15_10_tips,0.0,0.0,0.7063567000000001,0.3863902309400283,10,,FastME,3.7782905101776123,,20,True,20,TreeSize_SequenceLength,LG,1.0,250,birth-death,20,2026-09-20T02:22:10.608793
13_10_tips,0.0,0.0,0.2251584499999999,0.1307091757776426,10,,FastME,3.7782905101776123,,20,True,20,TreeSize_SequenceLength,LG,1.0,250,birth-death,20,2026-09-20T02:22:10.608793
14_10_tips,0.0,0.0,0.6888812599999998,0.5658822380939184,10,,FastME,3.7782905101776123,,20,True,20,TreeSize_SequenceLength,LG,1.0,250,birth-death,20,2026-09-20T02:22:10.608793
9_10_tips,2.0,0.1428571428571428,3.387775050000001,2.303322682984752,10,,FastME,3.7782905101776123,,20,True,20,TreeSize_SequenceLength,LG,1.0,250,birth-death,20,2026-09-20T02:22:10.608793
6_10_tips,2.0,0.1428571428571428,1.78683731,1.0834463600992943,10,,FastME,3.7782905101776123,,20,True,20,TreeSize_SequenceLength,LG,1.0,250,birth-death,20,2026-09-20T02:22:10.608793
12_20_tips,4.0,0.1176470588235294,3.9742577,1.6035001919440042,20,,FastME,3.7782905101776123,,20,True,20,TreeSize_SequenceLength,LG,1.0,250,birth-death,20,2026-09-20T02:22:10.608793
18_20_tips,8.0,0.2352941176470588,0.09284712372,0.0302265283229347,20,,FastME,3.7782905101776123,,20,True,20,TreeSize_SequenceLength,LG,1.0,250,birth-death,20,2026-09-20T02:22:10.608793
16_20_tips,10.0,0.2941176470588235,0.24482634,0.0894991443437522,20,,FastME,3.7782905101776123,,20,True,20,TreeSize_SequenceLength,LG,1.0,250,birth-death,20,2026-09-20T02:22:10.608793
1_20_tips,4.0,0.1176470588235294,1.89512337,0.7089825453901677,20,,FastME,3.7782905101776123,,20,True,20,TreeSize_SequenceLength,LG,1.0,250,birth-death,20,2026-09-20T02:22:10.608793
10_10_tips,2.0,0.1428571428571428,3.63966171,1.8198372977057544,10,,FastME,3.7782905101776123,,20,True,20,TreeSize_SequenceLength,LG,1.0,250,birth-death,20,2026-09-20T02:22:10.608793
17_20_tips,33.0,1.0,2.1354124910000003,0.7550197753889049,20,,FastME,3.7782905101776123,,20,True,20,TreeSize_SequenceLength,LG,1.0,250,birth-death,20,2026-09-20T02:22:10.608793
15_20_tips,6.0,0.1764705882352941,0.39590119,0.1166686659336211,20,,FastME,3.7782905101776123,,20,True,20,TreeSize_SequenceLength,LG,1.0,250,birth-death,20,2026-09-20T02:22:10.608793
3_20_tips,33.0,1.0,7.989072859999999,2.2219244295542966,20,,FastME,3.7782905101776123,,20,True,20,TreeSize_SequenceLength,LG,1.0,250,birth-death,20,2026-09-20T02:22:10.608793
14_20_tips,4.0,0.1176470588235294,0.52951267,0.2394540180821489,20,,FastME,3.7782905101776123,,20,True,20,TreeSize_SequenceLength,LG,1.0,250,birth-death,20,2026-09-20T02:22:10.608793
7_10_tips,2.0,0.1428571428571428,1.70737029,0.9785444277905604,10,,FastME,3.7782905101776123,,20,True,20,TreeSize_SequenceLength,LG,1.0,250,birth-death,20,2026-09-20T02:22:10.608793
5_20_tips,4.0,0.1176470588235294,2.00377403,0.6817821905842697,20,,FastME,3.7782905101776123,,20,True,20,TreeSize_SequenceLength,LG,1.0,250,birth-death,20,2026-09-20T02:22:10.608793
5_10_tips,2.0,0.1428571428571428,0.24197664,0.1293750095227653,10,,FastME,3.7782905101776123,,20,True,20,TreeSize_SequenceLength,LG,1.0,250,birth-death,20,2026-09-20T02:22:10.608793
15_50_tips,22.0,0.2340425531914893,1.5865832719999995,0.3845828092927846,50,,FastME,3.7782905101776123,,20,True,20,TreeSize_SequenceLength,LG,1.0,250,birth-death,20,2026-09-20T02:22:10.608793
1_50_tips,8.0,0.0851063829787234,3.2477947900000004,0.7121230590365195,50,,FastME,3.7782905101776123,,20,True,20,TreeSize_SequenceLength,LG,1.0,250,birth-death,20,2026-09-20T02:22:10.608793
11_50_tips,20.0,0.2127659574468085,0.6659677681999999,0.2017196829037146,50,,FastME,3.7782905101776123,,20,True,20,TreeSize_SequenceLength,LG,1.0,250,birth-death,20,2026-09-20T02:22:10.608793
18_50_tips,91.0,1.0,1.3225582477000002,0.2621626112685095,50,,FastME,3.7782905101776123,,20,True,20,TreeSize_SequenceLength,LG,1.0,250,birth-death,20,2026-09-20T02:22:10.608793
19_100_tips,192.0,1.0,3.9272513240000015,0.4782480410292038,100,,FastME,3.7782905101776123,,20,True,20,TreeSize_SequenceLength,LG,1.0,250,birth-death,20,2026-09-20T02:22:10.608793
4_10_tips,2.0,0.1428571428571428,0.65972518,0.2870489999373055,10,,FastME,3.7782905101776123,,20,True,20,TreeSize_SequenceLength,LG,1.0,250,birth-death,20,2026-09-20T02:22:10.608793
12_10_tips,4.0,0.2857142857142857,0.7792235999999999,0.3691783098813792,10,,FastME,3.7782905101776123,,20,True,20,TreeSize_SequenceLength,LG,1.0,250,birth-death,20,2026-09-20T02:22:10.608793
13_100_tips,192.0,1.0,6.007293169699999,0.6895902386164425,100,,FastME,3.7782905101776123,,20,True,20,TreeSize_SequenceLength,LG,1.0,250,birth-death,20,2026-09-20T02:22:10.608793
1_100_tips,192.0,1.0,11.695388779,1.2868674759609326,100,,FastME,3.7782905101776123,,20,True,20,TreeSize_SequenceLength,LG,1.0,250,birth-death,20,2026-09-20T02:22:10.608793
14_100_tips,193.0,1.0,32.99273807599999,4.263667254294597,100,,FastME,3.7782905101776123,,20,True,20,TreeSize_SequenceLength,LG,1.0,250,birth-death,20,2026-09-20T02:22:10.608793
8_20_tips,2.0,0.0588235294117647,1.77091981,0.6975052662150866,20,,FastME,3.7782905101776123,,20,True,20,TreeSize_SequenceLength,LG,1.0,250,birth-death,20,2026-09-20T02:22:10.608793
17_100_tips,24.0,0.1237113402061855,3.579111725,0.733843062883106,100,,FastME,3.7782905101776123,,20,True,20,TreeSize_SequenceLength,LG,1.0,250,birth-death,20,2026-09-20T02:22:10.608793
10_100_tips,193.0,1.0,10.96290248110001,2.0486315461093345,100,,FastME,3.7782905101776123,,20,True,20,TreeSize_SequenceLength,LG,1.0,250,birth-death,20,2026-09-20T02:22:10.608793
4_100_tips,34.0,0.1752577319587628,0.9749154083000005,0.1419265123673756,100,,FastME,3.7782905101776123,,20,True,20,TreeSize_SequenceLength,LG,1.0,250,birth-death,20,2026-09-20T02:22:10.608793
7_20_tips,4.0,0.1176470588235294,0.8908426960000001,0.3079520149875699,20,,FastME,3.7782905101776123,,20,True,20,TreeSize_SequenceLength,LG,1.0,250,birth-death,20,2026-09-20T02:22:10.608793
18_100_tips,20.0,0.1030927835051546,1.8891271,0.2970151419287478,100,,FastME,3.7782905101776123,,20,True,20,TreeSize_SequenceLength,LG,1.0,250,birth-death,20,2026-09-20T02:22:10.608793
3_50_tips,12.0,0.1276595744680851,1.2547726239,0.3131731964876321,50,,FastME,3.7782905101776123,,20,True,20,TreeSize_SequenceLength,LG,1.0,250,birth-death,20,2026-09-20T02:22:10.608793
0_10_tips,0.0,0.0,0.6570131599999999,0.352456990265925,10,,FastME,3.7782905101776123,,20,True,20,TreeSize_SequenceLength,LG,1.0,250,birth-death,20,2026-09-20T02:22:10.608793
5_100_tips,22.0,0.1134020618556701,3.438123931,0.6655988486421589,100,,FastME,3.7782905101776123,,20,True,20,TreeSize_SequenceLength,LG,1.0,250,birth-death,20,2026-09-20T02:22:10.608793
6_50_tips,8.0,0.0851063829787234,4.176359519999999,1.2595789062138474,50,,FastME,3.7782905101776123,,20,True,20,TreeSize_SequenceLength,LG,1.0,250,birth-death,20,2026-09-20T02:22:10.608793
6_100_tips,20.0,0.1030927835051546,16.26795828400001,3.2198502234451665,100,,FastME,3.7782905101776123,,20,True,20,TreeSize_SequenceLength,LG,1.0,250,birth-death,20,2026-09-20T02:22:10.608793
0_50_tips,6.0,0.0638297872340425,16.309698880000003,4.379021168921844,50,,FastME,3.7782905101776123,,20,True,20,TreeSize_SequenceLength,LG,1.0,250,birth-death,20,2026-09-20T02:22:10.608793
8_10_tips,0.0,0.0,10.2984652,4.424170082985762,10,,FastME,3.7782905101776123,,20,True,20,TreeSize_SequenceLength,LG,1.0,250,birth-death,20,2026-09-20T02:22:10.608793
17_10_tips,2.0,0.1428571428571428,10.37975312,5.002487053127265,10,,FastME,3.7782905101776123,,20,True,20,TreeSize_SequenceLength,LG,1.0,250,birth-death,20,2026-09-20T02:22:10.608793
4_50_tips,20.0,0.2127659574468085,0.4755363399999999,0.0999519079664562,50,,FastME,3.7782905101776123,,20,True,20,TreeSize_SequenceLength,LG,1.0,250,birth-death,20,2026-09-20T02:22:10.608793
0_100_tips,16.0,0.0824742268041237,4.338622070000003,1.1390542476544216,100,,FastME,3.7782905101776123,,20,True,20,TreeSize_SequenceLength,LG,1.0,250,birth-death,20,2026-09-20T02:22:10.608793
7_100_tips,193.0,1.0,0.6881382677699998,0.0813318602934485,100,,FastME,3.7782905101776123,,20,True,20,TreeSize_SequenceLength,LG,1.0,250,birth-death,20,2026-09-20T02:22:10.608793
8_100_tips,18.0,0.0927835051546391,5.245612321,1.0415926459089422,100,,FastME,3.7782905101776123,,20,True,20,TreeSize_SequenceLength,LG,1.0,250,birth-death,20,2026-09-20T02:22:10.608793
9_50_tips,18.0,0.1914893617021276,2.4618223370000014,1.4921633319634968,50,,FastME,3.7782905101776123,,20,True,20,TreeSize_SequenceLength,LG,1.0,250,birth-death,20,2026-09-20T02:22:10.608793
2_50_tips,12.0,0.1276595744680851,0.9824122189999998,0.3576780023847286,50,,FastME,3.7782905101776123,,20,True,20,TreeSize_SequenceLength,LG,1.0,250,birth-death,20,2026-09-20T02:22:10.608793
11_100_tips,24.0,0.1237113402061855,2.508422039,0.4354048335004818,100,,FastME,3.7782905101776123,,20,True,20,TreeSize_SequenceLength,LG,1.0,250,birth-death,20,2026-09-20T02:22:10.608793
4_20_tips,0.0,0.0,0.7398266600000001,0.3190029836393165,20,,FastME,3.7782905101776123,,20,True,20,TreeSize_SequenceLength,LG,1.0,250,birth-death,20,2026-09-20T02:22:10.608793
12_50_tips,14.0,0.1489361702127659,1.8193951799999997,0.4510654366951251,50,,FastME,3.7782905101776123,,20,True,20,TreeSize_SequenceLength,LG,1.0,250,birth-death,20,2026-09-20T02:22:10.608793
7_50_tips,32.0,0.3404255319148936,0.4523558736,0.0998322361235583,50,,FastME,3.7782905101776123,,20,True,20,TreeSize_SequenceLength,LG,1.0,250,birth-death,20,2026-09-20T02:22:10.608793
15_200_tips,391.0,1.0,34.2748101796,4.383835171688404,200,,FastME,3.7782905101776123,,20,True,20,TreeSize_SequenceLength,LG,1.0,250,birth-death,20,2026-09-20T02:22:10.608793
5_50_tips,87.0,1.0,0.4380226738999999,0.0841445348043488,50,,FastME,3.7782905101776123,,20,True,20,TreeSize_SequenceLength,LG,1.0,250,birth-death,20,2026-09-20T02:22:10.608793
17_200_tips,70.0,0.1776649746192893,4.124449322000002,0.5631443932110181,200,,FastME,3.7782905101776123,,20,True,20,TreeSize_SequenceLength,LG,1.0,250,birth-death,20,2026-09-20T02:22:10.608793
16_200_tips,379.0,1.0,1.7501150704799993,0.1646397130135349,200,,FastME,3.7782905101776123,,20,True,20,TreeSize_SequenceLength,LG,1.0,250,birth-death,20,2026-09-20T02:22:10.608793
7_200_tips,380.0,1.0,2.5098495569699995,0.2159006859849622,200,,FastME,3.7782905101776123,,20,True,20,TreeSize_SequenceLength,LG,1.0,250,birth-death,20,2026-09-20T02:22:10.608793
18_10_tips,2.0,0.1428571428571428,3.3038255000000003,1.7839665410584826,10,,FastME,3.7782905101776123,,20,True,20,TreeSize_SequenceLength,LG,1.0,250,birth-death,20,2026-09-20T02:22:10.608793
11_10_tips,6.0,0.4285714285714285,0.5305947200000002,0.2395150737072362,10,,FastME,3.7782905101776123,,20,True,20,TreeSize_SequenceLength,LG,1.0,250,birth-death,20,2026-09-20T02:22:10.608793
12_100_tips,173.0,1.0,0.2280436431199999,0.0358961621532598,100,,FastME,3.7782905101776123,,20,True,20,TreeSize_SequenceLength,LG,1.0,250,birth-death,20,2026-09-20T02:22:10.608793
9_100_tips,18.0,0.0927835051546391,3.950452179999999,0.741747257509098,100,,FastME,3.7782905101776123,,20,True,20,TreeSize_SequenceLength,LG,1.0,250,birth-death,20,2026-09-20T02:22:10.608793
10_50_tips,16.0,0.1702127659574468,3.27867201,0.8526077481303015,50,,FastME,3.7782905101776123,,20,True,20,TreeSize_SequenceLength,LG,1.0,250,birth-death,20,2026-09-20T02:22:10.608793
2_20_tips,0.0,0.0,0.91762783,0.4992832454871271,20,,FastME,3.7782905101776123,,20,True,20,TreeSize_SequenceLength,LG,1.0,250,birth-death,20,2026-09-20T02:22:10.608793
19_50_tips,14.0,0.1489361702127659,14.313513720000005,3.521837532116889,50,,FastME,3.7782905101776123,,20,True,20,TreeSize_SequenceLength,LG,1.0,250,birth-death,20,2026-09-20T02:22:10.608793
16_10_tips,0.0,0.0,0.59301405,0.4003968143039424,10,,FastME,3.7782905101776123,,20,True,20,TreeSize_SequenceLength,LG,1.0,250,birth-death,20,2026-09-20T02:22:10.608793
8_50_tips,14.0,0.1489361702127659,2.4915496043000003,0.7056787683010107,50,,FastME,3.7782905101776123,,20,True,20,TreeSize_SequenceLength,LG,1.0,250,birth-death,20,2026-09-20T02:22:10.608793
10_200_tips,392.0,1.0,7.304567818400007,0.781800590331168,200,,FastME,3.7782905101776123,,20,True,20,TreeSize_SequenceLength,LG,1.0,250,birth-death,20,2026-09-20T02:22:10.608793
2_10_tips,2.0,0.1428571428571428,0.8430532300000002,0.5324507462899851,10,,FastME,3.7782905101776123,,20,True,20,TreeSize_SequenceLength,LG,1.0,250,birth-death,20,2026-09-20T02:22:10.608793
1_10_tips,0.0,0.0,0.12214693,0.0758379012563487,10,,FastME,3.7782905101776123,,20,True,20,TreeSize_SequenceLength,LG,1.0,250,birth-death,20,2026-09-20T02:22:10.608793
2_100_tips,191.0,1.0,1.7960616079599994,0.2369348807218458,100,,FastME,3.7782905101776123,,20,True,20,TreeSize_SequenceLength,LG,1.0,250,birth-death,20,2026-09-20T02:22:10.608793
16_100_tips,34.0,0.1752577319587628,4.4322654233000005,0.9019150231961636,100,,FastME,3.7782905101776123,,20,True,20,TreeSize_SequenceLength,LG,1.0,250,birth-death,20,2026-09-20T02:22:10.608793
9_200_tips,56.0,0.1421319796954314,10.277959052999998,1.2669154506353348,200,,FastME,3.7782905101776123,,20,True,20,TreeSize_SequenceLength,LG,1.0,250,birth-death,20,2026-09-20T02:22:10.608793
15_100_tips,191.0,1.0,0.9158832285099996,0.1280078639417948,100,,FastME,3.7782905101776123,,20,True,20,TreeSize_SequenceLength,LG,1.0,250,birth-death,20,2026-09-20T02:22:10.608793
14_50_tips,90.0,1.0,0.1814865433,0.0370972444971929,50,,FastME,3.7782905101776123,,20,True,20,TreeSize_SequenceLength,LG,1.0,250,birth-death,20,2026-09-20T02:22:10.608793
3_10_tips,0.0,0.0,1.01928246,0.769328231201138,10,,FastME,3.7782905101776123,,20,True,20,TreeSize_SequenceLength,LG,1.0,250,birth-death,20,2026-09-20T02:22:10.608793
0_20_tips,22.0,0.6470588235294118,0.0377331199,0.0140432403954668,20,,FastME,3.7782905101776123,,20,True,20,TreeSize_SequenceLength,LG,1.0,250,birth-death,20,2026-09-20T02:22:10.608793
13_200_tips,64.0,0.1624365482233502,20.581242759,3.2864090297798243,200,,FastME,3.7782905101776123,,20,True,20,TreeSize_SequenceLength,LG,1.0,250,birth-death,20,2026-09-20T02:22:10.608793
6_20_tips,4.0,0.1176470588235294,4.81839994,2.360252504345644,20,,FastME,3.7782905101776123,,20,True,20,TreeSize_SequenceLength,LG,1.0,250,birth-death,20,2026-09-20T02:22:10.608793
17_50_tips,10.0,0.1063829787234042,10.278762269999998,2.410191299465679,50,,FastME,3.7782905101776123,,20,True,20,TreeSize_SequenceLength,LG,1.0,250,birth-death,20,2026-09-20T02:22:10.608793
5_200_tips,371.0,1.0,1.0756618764800003,0.1165454396264191,200,,FastME,3.7782905101776123,,20,True,20,TreeSize_SequenceLength,LG,1.0,250,birth-death,20,2026-09-20T02:22:10.608793
19_20_tips,4.0,0.1176470588235294,12.12237965,4.040497270719948,20,,FastME,3.7782905101776123,,20,True,20,TreeSize_SequenceLength,LG,1.0,250,birth-death,20,2026-09-20T02:22:10.608793
19_10_tips,2.0,0.1428571428571428,1.2638018800000002,0.5032664777047027,10,,FastME,3.7782905101776123,,20,True,20,TreeSize_SequenceLength,LG,1.0,250,birth-death,20,2026-09-20T02:22:10.608793
10_20_tips,10.0,0.2941176470588235,4.04099404,1.50901975073204,20,,FastME,3.7782905101776123,,20,True,20,TreeSize_SequenceLength,LG,1.0,250,birth-death,20,2026-09-20T02:22:10.608793
3_100_tips,22.0,0.1134020618556701,6.898294208400002,1.1438144209261474,100,,FastME,3.7782905101776123,,20,True,20,TreeSize_SequenceLength,LG,1.0,250,birth-death,20,2026-09-20T02:22:10.608793
16_50_tips,26.0,0.2765957446808511,8.409029355,2.550967731932467,50,,FastME,3.7782905101776123,,20,True,20,TreeSize_SequenceLength,LG,1.0,250,birth-death,20,2026-09-20T02:22:10.608793
2_200_tips,82.0,0.2081218274111675,8.467010700400001,1.7599625356417232,200,,FastME,3.7782905101776123,,20,True,20,TreeSize_SequenceLength,LG,1.0,250,birth-death,20,2026-09-20T02:22:10.608793
9_20_tips,0.0,0.0,4.2315762800000005,2.2443172305665797,20,,FastME,3.7782905101776123,,20,True,20,TreeSize_SequenceLength,LG,1.0,250,birth-death,20,2026-09-20T02:22:10.608793
13_20_tips,0.0,0.0,3.76836314,1.2939572721747197,20,,FastME,3.7782905101776123,,20,True,20,TreeSize_SequenceLength,LG,1.0,250,birth-death,20,2026-09-20T02:22:10.608793
13_50_tips,93.0,1.0,2.4303755110000003,0.3475907038279296,50,,FastME,3.7782905101776123,,20,True,20,TreeSize_SequenceLength,LG,1.0,250,birth-death,20,2026-09-20T02:22:10.608793
11_20_tips,6.0,0.1764705882352941,1.54867899,0.4681347557016602,20,,FastME,3.7782905101776123,,20,True,20,TreeSize_SequenceLength,LG,1.0,250,birth-death,20,2026-09-20T02:22:10.608793
0_200_tips,392.0,1.0,41.479678064000026,3.8089584329068686,200,,FastME,3.7782905101776123,,20,True,20,TreeSize_SequenceLength,LG,1.0,250,birth-death,20,2026-09-20T02:22:10.608793
12_200_tips,46.0,0.116751269035533,13.588211915999995,1.8869750831241563,200,,FastME,3.7782905101776123,,20,True,20,TreeSize_SequenceLength,LG,1.0,250,birth-death,20,2026-09-20T02:22:10.608793
14_200_tips,378.0,1.0,7.239511799853999,1.1069049646152145,200,,FastME,3.7782905101776123,,20,True,20,TreeSize_SequenceLength,LG,1.0,250,birth-death,20,2026-09-20T02:22:10.608793
8_200_tips,388.0,1.0,35.765233090590016,3.8092389895579712,200,,FastME,3.7782905101776123,,20,True,20,TreeSize_SequenceLength,LG,1.0,250,birth-death,20,2026-09-20T02:22:10.608793
6_200_tips,387.0,1.0,13.606578003899996,1.436921659071862,200,,FastME,3.7782905101776123,,20,True,20,TreeSize_SequenceLength,LG,1.0,250,birth-death,20,2026-09-20T02:22:10.608793
11_200_tips,390.0,1.0,10.610170085100002,1.0431272411811232,200,,FastME,3.7782905101776123,,20,True,20,TreeSize_SequenceLength,LG,1.0,250,birth-death,20,2026-09-20T02:22:10.608793
1_200_tips,48.0,0.1218274111675127,6.207273877199998,0.7960248080546984,200,,FastME,3.7782905101776123,,20,True,20,TreeSize_SequenceLength,LG,1.0,250,birth-death,20,2026-09-20T02:22:10.608793
4_200_tips,392.0,1.0,41.69091650240001,5.165015907817278,200,,FastME,3.7782905101776123,,20,True,20,TreeSize_SequenceLength,LG,1.0,250,birth-death,20,2026-09-20T02:22:10.608793
3_200_tips,58.0,0.1472081218274111,3.3463414175999984,0.420518917850393,200,,FastME,3.7782905101776123,,20,True,20,TreeSize_SequenceLength,LG,1.0,250,birth-death,20,2026-09-20T02:22:10.608793
18_200_tips,384.0,1.0,4.2410540218999975,0.4537890657289375,200,,FastME,3.7782905101776123,,20,True,20,TreeSize_SequenceLength,LG,1.0,250,birth-death,20,2026-09-20T02:22:10.608793
19_200_tips,386.0,1.0,7.492498791220002,0.6898204982465534,200,,FastME,3.7782905101776123,,20,True,20,TreeSize_SequenceLength,LG,1.0,250,birth-death,20,2026-09-20T02:22:10.608793
4_10_tips,0.0,0.0,0.5868269700000002,0.2693548163403266,10,,Phyloformer,414.35942220687866,,20,True,20,TreeSize_SequenceLength,LG,1.0,250,birth-death,20,2026-09-20T02:22:10.608793
14_10_tips,6.0,0.4285714285714285,1.8401676600000003,1.5001662788577423,10,,Phyloformer,414.35942220687866,,20,True,20,TreeSize_SequenceLength,LG,1.0,250,birth-death,20,2026-09-20T02:22:10.608793
9_10_tips,2.0,0.1428571428571428,2.75862318,1.7405973166541255,10,,Phyloformer,414.35942220687866,,20,True,20,TreeSize_SequenceLength,LG,1.0,250,birth-death,20,2026-09-20T02:22:10.608793
12_10_tips,0.0,0.0,0.68009966,0.3162186635053601,10,,Phyloformer,414.35942220687866,,20,True,20,TreeSize_SequenceLength,LG,1.0,250,birth-death,20,2026-09-20T02:22:10.608793
6_10_tips,0.0,0.0,0.49455124,0.2638315355181116,10,,Phyloformer,414.35942220687866,,20,True,20,TreeSize_SequenceLength,LG,1.0,250,birth-death,20,2026-09-20T02:22:10.608793
12_20_tips,4.0,0.1176470588235294,1.6484462500000003,0.5994727359124994,20,,Phyloformer,414.35942220687866,,20,True,20,TreeSize_SequenceLength,LG,1.0,250,birth-death,20,2026-09-20T02:22:10.608793
16_20_tips,4.0,0.1176470588235294,0.13373289,0.0381540458102348,20,,Phyloformer,414.35942220687866,,20,True,20,TreeSize_SequenceLength,LG,1.0,250,birth-death,20,2026-09-20T02:22:10.608793
17_20_tips,12.0,0.3529411764705882,0.2730624710000001,0.0977839946543065,20,,Phyloformer,414.35942220687866,,20,True,20,TreeSize_SequenceLength,LG,1.0,250,birth-death,20,2026-09-20T02:22:10.608793
18_20_tips,10.0,0.2941176470588235,0.0876093249199999,0.0292644438187885,20,,Phyloformer,414.35942220687866,,20,True,20,TreeSize_SequenceLength,LG,1.0,250,birth-death,20,2026-09-20T02:22:10.608793
10_10_tips,2.0,0.1428571428571428,3.6135534099999993,1.811661385095302,10,,Phyloformer,414.35942220687866,,20,True,20,TreeSize_SequenceLength,LG,1.0,250,birth-death,20,2026-09-20T02:22:10.608793
2_20_tips,0.0,0.0,0.5481657000000001,0.2429610733242891,20,,Phyloformer,414.35942220687866,,20,True,20,TreeSize_SequenceLength,LG,1.0,250,birth-death,20,2026-09-20T02:22:10.608793
15_50_tips,14.0,0.1489361702127659,1.2315002620000004,0.2447810880223664,50,,Phyloformer,414.35942220687866,,20,True,20,TreeSize_SequenceLength,LG,1.0,250,birth-death,20,2026-09-20T02:22:10.608793
13_50_tips,14.0,0.1489361702127659,0.432563045,0.0884958760797034,50,,Phyloformer,414.35942220687866,,20,True,20,TreeSize_SequenceLength,LG,1.0,250,birth-death,20,2026-09-20T02:22:10.608793
13_20_tips,0.0,0.0,1.44341263,0.4433095476327085,20,,Phyloformer,414.35942220687866,,20,True,20,TreeSize_SequenceLength,LG,1.0,250,birth-death,20,2026-09-20T02:22:10.608793
7_20_tips,2.0,0.0588235294117647,0.6335217560000002,0.1964017734464925,20,,Phyloformer,414.35942220687866,,20,True,20,TreeSize_SequenceLength,LG,1.0,250,birth-death,20,2026-09-20T02:22:10.608793
11_50_tips,22.0,0.2340425531914893,0.8631554581999998,0.3558565014294966,50,,Phyloformer,414.35942220687866,,20,True,20,TreeSize_SequenceLength,LG,1.0,250,birth-death,20,2026-09-20T02:22:10.608793
3_50_tips,14.0,0.1489361702127659,0.8015763939000002,0.1740174870369862,50,,Phyloformer,414.35942220687866,,20,True,20,TreeSize_SequenceLength,LG,1.0,250,birth-death,20,2026-09-20T02:22:10.608793
0_10_tips,0.0,0.0,0.33074383,0.1819822781336245,10,,Phyloformer,414.35942220687866,,20,True,20,TreeSize_SequenceLength,LG,1.0,250,birth-death,20,2026-09-20T02:22:10.608793
6_50_tips,8.0,0.0851063829787234,1.6695616,0.3609496623946775,50,,Phyloformer,414.35942220687866,,20,True,20,TreeSize_SequenceLength,LG,1.0,250,birth-death,20,2026-09-20T02:22:10.608793
19_100_tips,46.0,0.2371134020618556,0.7077613860000002,0.1056744459676032,100,,Phyloformer,414.35942220687866,,20,True,20,TreeSize_SequenceLength,LG,1.0,250,birth-death,20,2026-09-20T02:22:10.608793
17_10_tips,4.0,0.2857142857142857,6.6153046500000015,3.2222948951057515,10,,Phyloformer,414.35942220687866,,20,True,20,TreeSize_SequenceLength,LG,1.0,250,birth-death,20,2026-09-20T02:22:10.608793
1_100_tips,28.0,0.1443298969072164,1.566934229,0.2461245852026177,100,,Phyloformer,414.35942220687866,,20,True,20,TreeSize_SequenceLength,LG,1.0,250,birth-death,20,2026-09-20T02:22:10.608793
0_50_tips,6.0,0.0638297872340425,5.778656489999999,1.30830642204382,50,,Phyloformer,414.35942220687866,,20,True,20,TreeSize_SequenceLength,LG,1.0,250,birth-death,20,2026-09-20T02:22:10.608793
5_100_tips,26.0,0.134020618556701,2.195833751,0.3353126231501196,100,,Phyloformer,414.35942220687866,,20,True,20,TreeSize_SequenceLength,LG,1.0,250,birth-death,20,2026-09-20T02:22:10.608793
8_10_tips,0.0,0.0,6.54387777,2.8435276049575693,10,,Phyloformer,414.35942220687866,,20,True,20,TreeSize_SequenceLength,LG,1.0,250,birth-death,20,2026-09-20T02:22:10.608793
2_10_tips,2.0,0.1428571428571428,0.54592154,0.3140498072004489,10,,Phyloformer,414.35942220687866,,20,True,20,TreeSize_SequenceLength,LG,1.0,250,birth-death,20,2026-09-20T02:22:10.608793
1_10_tips,0.0,0.0,0.08649741,0.0440840285581331,10,,Phyloformer,414.35942220687866,,20,True,20,TreeSize_SequenceLength,LG,1.0,250,birth-death,20,2026-09-20T02:22:10.608793
14_100_tips,24.0,0.1237113402061855,5.326450466000003,0.98746480802967,100,,Phyloformer,414.35942220687866,,20,True,20,TreeSize_SequenceLength,LG,1.0,250,birth-death,20,2026-09-20T02:22:10.608793
8_20_tips,0.0,0.0,1.4264405000000002,0.4595347962979306,20,,Phyloformer,414.35942220687866,,20,True,20,TreeSize_SequenceLength,LG,1.0,250,birth-death,20,2026-09-20T02:22:10.608793
18_50_tips,32.0,0.3404255319148936,0.1989929377,0.0440137538820432,50,,Phyloformer,414.35942220687866,,20,True,20,TreeSize_SequenceLength,LG,1.0,250,birth-death,20,2026-09-20T02:22:10.608793
9_100_tips,14.0,0.0721649484536082,2.5295175000000008,0.4056453728835659,100,,Phyloformer,414.35942220687866,,20,True,20,TreeSize_SequenceLength,LG,1.0,250,birth-death,20,2026-09-20T02:22:10.608793
7_100_tips,92.0,0.4742268041237113,0.2866954854300001,0.0402364611678254,100,,Phyloformer,414.35942220687866,,20,True,20,TreeSize_SequenceLength,LG,1.0,250,birth-death,20,2026-09-20T02:22:10.608793
18_100_tips,16.0,0.0824742268041237,1.80707194,0.3004674276976051,100,,Phyloformer,414.35942220687866,,20,True,20,TreeSize_SequenceLength,LG,1.0,250,birth-death,20,2026-09-20T02:22:10.608793
8_50_tips,14.0,0.1489361702127659,1.2301643343,0.246090992887762,50,,Phyloformer,414.35942220687866,,20,True,20,TreeSize_SequenceLength,LG,1.0,250,birth-death,20,2026-09-20T02:22:10.608793
9_50_tips,16.0,0.1702127659574468,1.855407003,0.8726239946189212,50,,Phyloformer,414.35942220687866,,20,True,20,TreeSize_SequenceLength,LG,1.0,250,birth-death,20,2026-09-20T02:22:10.608793
13_100_tips,42.0,0.2164948453608247,0.9572699237000002,0.1409266880855004,100,,Phyloformer,414.35942220687866,,20,True,20,TreeSize_SequenceLength,LG,1.0,250,birth-death,20,2026-09-20T02:22:10.608793
15_200_tips,94.0,0.2385786802030456,6.213228355600001,1.0504342460232123,200,,Phyloformer,414.35942220687866,,20,True,20,TreeSize_SequenceLength,LG,1.0,250,birth-death,20,2026-09-20T02:22:10.608793
10_100_tips,48.0,0.2474226804123711,1.8098466909000008,0.4828689661500228,100,,Phyloformer,414.35942220687866,,20,True,20,TreeSize_SequenceLength,LG,1.0,250,birth-death,20,2026-09-20T02:22:10.608793
10_200_tips,108.0,0.2741116751269035,1.5035956244000013,0.1570612931208959,200,,Phyloformer,414.35942220687866,,20,True,20,TreeSize_SequenceLength,LG,1.0,250,birth-death,20,2026-09-20T02:22:10.608793
17_200_tips,58.0,0.1472081218274111,3.0994759739999984,0.3413513561916563,200,,Phyloformer,414.35942220687866,,20,True,20,TreeSize_SequenceLength,LG,1.0,250,birth-death,20,2026-09-20T02:22:10.608793
14_200_tips,186.0,0.4720812182741117,1.5928491957340003,0.2723519888523709,200,,Phyloformer,414.35942220687866,,20,True,20,TreeSize_SequenceLength,LG,1.0,250,birth-death,20,2026-09-20T02:22:10.608793
4_50_tips,14.0,0.1489361702127659,0.42338236,0.0906682587067841,50,,Phyloformer,414.35942220687866,,20,True,20,TreeSize_SequenceLength,LG,1.0,250,birth-death,20,2026-09-20T02:22:10.608793
7_200_tips,164.0,0.416243654822335,0.7877516249699998,0.0780940833558449,200,,Phyloformer,414.35942220687866,,20,True,20,TreeSize_SequenceLength,LG,1.0,250,birth-death,20,2026-09-20T02:22:10.608793
11_10_tips,4.0,0.2857142857142857,0.60510255,0.2902995906670274,10,,Phyloformer,414.35942220687866,,20,True,20,TreeSize_SequenceLength,LG,1.0,250,birth-death,20,2026-09-20T02:22:10.608793
2_50_tips,8.0,0.0851063829787234,0.6817234490000003,0.2036480337944941,50,,Phyloformer,414.35942220687866,,20,True,20,TreeSize_SequenceLength,LG,1.0,250,birth-death,20,2026-09-20T02:22:10.608793
16_200_tips,182.0,0.4619289340101523,0.5110051315399997,0.0524547364176208,200,,Phyloformer,414.35942220687866,,20,True,20,TreeSize_SequenceLength,LG,1.0,250,birth-death,20,2026-09-20T02:22:10.608793
15_20_tips,4.0,0.1176470588235294,0.37725071,0.1120661236316135,20,,Phyloformer,414.35942220687866,,20,True,20,TreeSize_SequenceLength,LG,1.0,250,birth-death,20,2026-09-20T02:22:10.608793
3_20_tips,6.0,0.1764705882352941,1.7264572299999998,0.9492385947603812,20,,Phyloformer,414.35942220687866,,20,True,20,TreeSize_SequenceLength,LG,1.0,250,birth-death,20,2026-09-20T02:22:10.608793
9_200_tips,48.0,0.1218274111675127,5.542763119,0.6288934456118476,200,,Phyloformer,414.35942220687866,,20,True,20,TreeSize_SequenceLength,LG,1.0,250,birth-death,20,2026-09-20T02:22:10.608793
14_20_tips,2.0,0.0588235294117647,0.26264283,0.0992313129392113,20,,Phyloformer,414.35942220687866,,20,True,20,TreeSize_SequenceLength,LG,1.0,250,birth-death,20,2026-09-20T02:22:10.608793
15_10_tips,0.0,0.0,1.0237315199999997,0.5200288719778074,10,,Phyloformer,414.35942220687866,,20,True,20,TreeSize_SequenceLength,LG,1.0,250,birth-death,20,2026-09-20T02:22:10.608793
12_50_tips,6.0,0.0638297872340425,1.0870597199999996,0.2522686269875939,50,,Phyloformer,414.35942220687866,,20,True,20,TreeSize_SequenceLength,LG,1.0,250,birth-death,20,2026-09-20T02:22:10.608793
19_20_tips,8.0,0.2352941176470588,7.37436561,2.1925671559251887,20,,Phyloformer,414.35942220687866,,20,True,20,TreeSize_SequenceLength,LG,1.0,250,birth-death,20,2026-09-20T02:22:10.608793
19_10_tips,0.0,0.0,0.89607522,0.490331628950679,10,,Phyloformer,414.35942220687866,,20,True,20,TreeSize_SequenceLength,LG,1.0,250,birth-death,20,2026-09-20T02:22:10.608793
10_20_tips,8.0,0.2352941176470588,2.096499,0.6567960201441945,20,,Phyloformer,414.35942220687866,,20,True,20,TreeSize_SequenceLength,LG,1.0,250,birth-death,20,2026-09-20T02:22:10.608793
7_50_tips,32.0,0.3404255319148936,0.3403468341999997,0.0706833542811648,50,,Phyloformer,414.35942220687866,,20,True,20,TreeSize_SequenceLength,LG,1.0,250,birth-death,20,2026-09-20T02:22:10.608793
6_100_tips,18.0,0.0927835051546391,7.413284754,1.3495829357573417,100,,Phyloformer,414.35942220687866,,20,True,20,TreeSize_SequenceLength,LG,1.0,250,birth-death,20,2026-09-20T02:22:10.608793
13_10_tips,0.0,0.0,0.38889675,0.2579850797551899,10,,Phyloformer,414.35942220687866,,20,True,20,TreeSize_SequenceLength,LG,1.0,250,birth-death,20,2026-09-20T02:22:10.608793
1_20_tips,2.0,0.0588235294117647,1.13659048,0.4356125137170168,20,,Phyloformer,414.35942220687866,,20,True,20,TreeSize_SequenceLength,LG,1.0,250,birth-death,20,2026-09-20T02:22:10.608793
15_100_tips,88.0,0.4536082474226804,0.2691207737099999,0.0360261332341739,100,,Phyloformer,414.35942220687866,,20,True,20,TreeSize_SequenceLength,LG,1.0,250,birth-death,20,2026-09-20T02:22:10.608793
8_100_tips,16.0,0.0824742268041237,4.993310351000001,1.0414432446048894,100,,Phyloformer,414.35942220687866,,20,True,20,TreeSize_SequenceLength,LG,1.0,250,birth-death,20,2026-09-20T02:22:10.608793
1_50_tips,4.0,0.0425531914893617,1.67062677,0.3410599644252622,50,,Phyloformer,414.35942220687866,,20,True,20,TreeSize_SequenceLength,LG,1.0,250,birth-death,20,2026-09-20T02:22:10.608793
16_50_tips,22.0,0.2340425531914893,3.287007695,0.8823190968097303,50,,Phyloformer,414.35942220687866,,20,True,20,TreeSize_SequenceLength,LG,1.0,250,birth-death,20,2026-09-20T02:22:10.608793
16_100_tips,34.0,0.1752577319587628,3.351843263299998,0.6356009869674614,100,,Phyloformer,414.35942220687866,,20,True,20,TreeSize_SequenceLength,LG,1.0,250,birth-death,20,2026-09-20T02:22:10.608793
18_10_tips,2.0,0.1428571428571428,1.79831839,0.8743020229676727,10,,Phyloformer,414.35942220687866,,20,True,20,TreeSize_SequenceLength,LG,1.0,250,birth-death,20,2026-09-20T02:22:10.608793
19_50_tips,14.0,0.1489361702127659,9.540332399999995,2.599305390360058,50,,Phyloformer,414.35942220687866,,20,True,20,TreeSize_SequenceLength,LG,1.0,250,birth-death,20,2026-09-20T02:22:10.608793
16_10_tips,0.0,0.0,0.3405339500000002,0.2178610906930376,10,,Phyloformer,414.35942220687866,,20,True,20,TreeSize_SequenceLength,LG,1.0,250,birth-death,20,2026-09-20T02:22:10.608793
10_50_tips,16.0,0.1702127659574468,1.9156579799999995,0.4200175422812761,50,,Phyloformer,414.35942220687866,,20,True,20,TreeSize_SequenceLength,LG,1.0,250,birth-death,20,2026-09-20T02:22:10.608793
17_100_tips,14.0,0.0721649484536082,2.029130385000001,0.3746851649812405,100,,Phyloformer,414.35942220687866,,20,True,20,TreeSize_SequenceLength,LG,1.0,250,birth-death,20,2026-09-20T02:22:10.608793
2_200_tips,82.0,0.2081218274111675,4.516157080400002,0.723098945327379,200,,Phyloformer,414.35942220687866,,20,True,20,TreeSize_SequenceLength,LG,1.0,250,birth-death,20,2026-09-20T02:22:10.608793
13_200_tips,66.0,0.1675126903553299,12.081611795,1.553685601490283,200,,Phyloformer,414.35942220687866,,20,True,20,TreeSize_SequenceLength,LG,1.0,250,birth-death,20,2026-09-20T02:22:10.608793
9_20_tips,2.0,0.0588235294117647,1.51997874,0.6445375055603736,20,,Phyloformer,414.35942220687866,,20,True,20,TreeSize_SequenceLength,LG,1.0,250,birth-death,20,2026-09-20T02:22:10.608793
12_200_tips,48.0,0.1218274111675127,7.978239601999999,0.9870577820221677,200,,Phyloformer,414.35942220687866,,20,True,20,TreeSize_SequenceLength,LG,1.0,250,birth-death,20,2026-09-20T02:22:10.608793
11_20_tips,6.0,0.1764705882352941,0.8621243300000001,0.2823908394929451,20,,Phyloformer,414.35942220687866,,20,True,20,TreeSize_SequenceLength,LG,1.0,250,birth-death,20,2026-09-20T02:22:10.608793
11_200_tips,104.0,0.2639593908629442,1.8720464171,0.23067694684158,200,,Phyloformer,414.35942220687866,,20,True,20,TreeSize_SequenceLength,LG,1.0,250,birth-death,20,2026-09-20T02:22:10.608793
0_100_tips,18.0,0.0927835051546391,3.413496059999999,0.7562353319813216,100,,Phyloformer,414.35942220687866,,20,True,20,TreeSize_SequenceLength,LG,1.0,250,birth-death,20,2026-09-20T02:22:10.608793
14_50_tips,62.0,0.6595744680851063,0.1090572873,0.0258362131240008,50,,Phyloformer,414.35942220687866,,20,True,20,TreeSize_SequenceLength,LG,1.0,250,birth-death,20,2026-09-20T02:22:10.608793
3_100_tips,18.0,0.0927835051546391,3.7349647984,0.6022924734095491,100,,Phyloformer,414.35942220687866,,20,True,20,TreeSize_SequenceLength,LG,1.0,250,birth-death,20,2026-09-20T02:22:10.608793
3_10_tips,2.0,0.1428571428571428,1.05275348,0.6930118626669871,10,,Phyloformer,414.35942220687866,,20,True,20,TreeSize_SequenceLength,LG,1.0,250,birth-death,20,2026-09-20T02:22:10.608793
6_20_tips,6.0,0.1764705882352941,3.27920465,1.2281573953266658,20,,Phyloformer,414.35942220687866,,20,True,20,TreeSize_SequenceLength,LG,1.0,250,birth-death,20,2026-09-20T02:22:10.608793
0_20_tips,18.0,0.5294117647058824,0.0383149107,0.0115775687091221,20,,Phyloformer,414.35942220687866,,20,True,20,TreeSize_SequenceLength,LG,1.0,250,birth-death,20,2026-09-20T02:22:10.608793
17_50_tips,8.0,0.0851063829787234,3.73946812,0.8394752925179952,50,,Phyloformer,414.35942220687866,,20,True,20,TreeSize_SequenceLength,LG,1.0,250,birth-death,20,2026-09-20T02:22:10.608793
5_50_tips,42.0,0.4468085106382978,0.1607505811,0.0359611142756117,50,,Phyloformer,414.35942220687866,,20,True,20,TreeSize_SequenceLength,LG,1.0,250,birth-death,20,2026-09-20T02:22:10.608793
11_100_tips,22.0,0.1134020618556701,2.0635638590000003,0.3354393589728668,100,,Phyloformer,414.35942220687866,,20,True,20,TreeSize_SequenceLength,LG,1.0,250,birth-death,20,2026-09-20T02:22:10.608793
4_20_tips,2.0,0.0588235294117647,0.41125931,0.1179246165423246,20,,Phyloformer,414.35942220687866,,20,True,20,TreeSize_SequenceLength,LG,1.0,250,birth-death,20,2026-09-20T02:22:10.608793
7_10_tips,6.0,0.4285714285714285,1.98529185,1.313407607469786,10,,Phyloformer,414.35942220687866,,20,True,20,TreeSize_SequenceLength,LG,1.0,250,birth-death,20,2026-09-20T02:22:10.608793
5_20_tips,0.0,0.0,1.8026874900000005,0.6870960330923436,20,,Phyloformer,414.35942220687866,,20,True,20,TreeSize_SequenceLength,LG,1.0,250,birth-death,20,2026-09-20T02:22:10.608793
5_10_tips,0.0,0.0,0.2943043699999999,0.2238352412213176,10,,Phyloformer,414.35942220687866,,20,True,20,TreeSize_SequenceLength,LG,1.0,250,birth-death,20,2026-09-20T02:22:10.608793
12_100_tips,154.0,0.7938144329896907,0.14104235712,0.0219888719077447,100,,Phyloformer,414.35942220687866,,20,True,20,TreeSize_SequenceLength,LG,1.0,250,birth-death,20,2026-09-20T02:22:10.608793
2_100_tips,86.0,0.4432989690721649,0.43865537196,0.0605044165678703,100,,Phyloformer,414.35942220687866,,20,True,20,TreeSize_SequenceLength,LG,1.0,250,birth-death,20,2026-09-20T02:22:10.608793
1_200_tips,48.0,0.1218274111675127,4.549926846799999,0.481127556641888,200,,Phyloformer,414.35942220687866,,20,True,20,TreeSize_SequenceLength,LG,1.0,250,birth-death,20,2026-09-20T02:22:10.608793
4_100_tips,32.0,0.1649484536082474,0.9420747582999994,0.1289355192677273,100,,Phyloformer,414.35942220687866,,20,True,20,TreeSize_SequenceLength,LG,1.0,250,birth-death,20,2026-09-20T02:22:10.608793
3_200_tips,56.0,0.1421319796954314,3.1070639855999973,0.3167704331584478,200,,Phyloformer,414.35942220687866,,20,True,20,TreeSize_SequenceLength,LG,1.0,250,birth-death,20,2026-09-20T02:22:10.608793
6_200_tips,94.0,0.2385786802030456,2.315115459900001,0.2874471306337172,200,,Phyloformer,414.35942220687866,,20,True,20,TreeSize_SequenceLength,LG,1.0,250,birth-death,20,2026-09-20T02:22:10.608793
0_200_tips,54.0,0.1370558375634517,8.870772384000006,1.0585888246891353,200,,Phyloformer,414.35942220687866,,20,True,20,TreeSize_SequenceLength,LG,1.0,250,birth-death,20,2026-09-20T02:22:10.608793
8_200_tips,80.0,0.2030456852791878,6.1227303205900006,0.7950905150085038,200,,Phyloformer,414.35942220687866,,20,True,20,TreeSize_SequenceLength,LG,1.0,250,birth-death,20,2026-09-20T02:22:10.608793
19_200_tips,106.0,0.2690355329949238,1.4422084252200011,0.1588246950023329,200,,Phyloformer,414.35942220687866,,20,True,20,TreeSize_SequenceLength,LG,1.0,250,birth-death,20,2026-09-20T02:22:10.608793
4_200_tips,72.0,0.182741116751269,6.130072186200001,0.8477689714014343,200,,Phyloformer,414.35942220687866,,20,True,20,TreeSize_SequenceLength,LG,1.0,250,birth-death,20,2026-09-20T02:22:10.608793
18_200_tips,136.0,0.3451776649746192,0.9514578438999995,0.1078618927381356,200,,Phyloformer,414.35942220687866,,20,True,20,TreeSize_SequenceLength,LG,1.0,250,birth-death,20,2026-09-20T02:22:10.608793
5_200_tips,238.0,0.6040609137055838,0.3980343140799998,0.0374580701211428,200,,Phyloformer,414.35942220687866,,20,True,20,TreeSize_SequenceLength,LG,1.0,250,birth-death,20,2026-09-20T02:22:10.608793
